WARNING - 2024-11-25 08:09:46 --> [DEPRECATED] Passing lowercase HTTP method "get" is deprecated. Use uppercase HTTP method like "GET". in SYSTEMPATH/Router/RouteCollection.php on line 1027.
 1 SYSTEMPATH/Router/RouteCollection.php(1027): trigger_error('Passing lowercase HTTP method "get" is deprecated. Use uppercase HTTP method like "GET".', 16384)
 2 APPPATH/Config/Routes.php(12): CodeIgniter\Router\RouteCollection->match([...], 'signin/auth', 'Utilisateur\\SigninController::loginAuth')
 3 SYSTEMPATH/Router/RouteCollection.php(340): require('/home/etudiant/dk220581/CodeIgniter/SGT/app/Config/Routes.php')
 4 SYSTEMPATH/CLI/Console.php(41): CodeIgniter\Router\RouteCollection->loadRoutes()
 5 SYSTEMPATH/Boot.php(351): CodeIgniter\CLI\Console->run()
 6 SYSTEMPATH/Boot.php(104): CodeIgniter\Boot::runCommand(Object(CodeIgniter\CLI\Console))
 7 ROOTPATH/spark(84): CodeIgniter\Boot::bootSpark(Object(Config\Paths))
WARNING - 2024-11-25 08:09:46 --> [DEPRECATED] Passing lowercase HTTP method "post" is deprecated. Use uppercase HTTP method like "POST". in SYSTEMPATH/Router/RouteCollection.php on line 1027.
 1 SYSTEMPATH/Router/RouteCollection.php(1027): trigger_error('Passing lowercase HTTP method "post" is deprecated. Use uppercase HTTP method like "POST".', 16384)
 2 APPPATH/Config/Routes.php(12): CodeIgniter\Router\RouteCollection->match([...], 'signin/auth', 'Utilisateur\\SigninController::loginAuth')
 3 SYSTEMPATH/Router/RouteCollection.php(340): require('/home/etudiant/dk220581/CodeIgniter/SGT/app/Config/Routes.php')
 4 SYSTEMPATH/CLI/Console.php(41): CodeIgniter\Router\RouteCollection->loadRoutes()
 5 SYSTEMPATH/Boot.php(351): CodeIgniter\CLI\Console->run()
 6 SYSTEMPATH/Boot.php(104): CodeIgniter\Boot::runCommand(Object(CodeIgniter\CLI\Console))
 7 ROOTPATH/spark(84): CodeIgniter\Boot::bootSpark(Object(Config\Paths))
WARNING - 2024-11-25 08:09:46 --> [DEPRECATED] Passing lowercase HTTP method "get" is deprecated. Use uppercase HTTP method like "GET". in SYSTEMPATH/Router/RouteCollection.php on line 1027.
 1 SYSTEMPATH/Router/RouteCollection.php(1027): trigger_error('Passing lowercase HTTP method "get" is deprecated. Use uppercase HTTP method like "GET".', 16384)
 2 APPPATH/Config/Routes.php(16): CodeIgniter\Router\RouteCollection->match([...], 'signup/store', 'Utilisateur\\SignupController::store')
 3 SYSTEMPATH/Router/RouteCollection.php(340): require('/home/etudiant/dk220581/CodeIgniter/SGT/app/Config/Routes.php')
 4 SYSTEMPATH/CLI/Console.php(41): CodeIgniter\Router\RouteCollection->loadRoutes()
 5 SYSTEMPATH/Boot.php(351): CodeIgniter\CLI\Console->run()
 6 SYSTEMPATH/Boot.php(104): CodeIgniter\Boot::runCommand(Object(CodeIgniter\CLI\Console))
 7 ROOTPATH/spark(84): CodeIgniter\Boot::bootSpark(Object(Config\Paths))
WARNING - 2024-11-25 08:09:46 --> [DEPRECATED] Passing lowercase HTTP method "post" is deprecated. Use uppercase HTTP method like "POST". in SYSTEMPATH/Router/RouteCollection.php on line 1027.
 1 SYSTEMPATH/Router/RouteCollection.php(1027): trigger_error('Passing lowercase HTTP method "post" is deprecated. Use uppercase HTTP method like "POST".', 16384)
 2 APPPATH/Config/Routes.php(16): CodeIgniter\Router\RouteCollection->match([...], 'signup/store', 'Utilisateur\\SignupController::store')
 3 SYSTEMPATH/Router/RouteCollection.php(340): require('/home/etudiant/dk220581/CodeIgniter/SGT/app/Config/Routes.php')
 4 SYSTEMPATH/CLI/Console.php(41): CodeIgniter\Router\RouteCollection->loadRoutes()
 5 SYSTEMPATH/Boot.php(351): CodeIgniter\CLI\Console->run()
 6 SYSTEMPATH/Boot.php(104): CodeIgniter\Boot::runCommand(Object(CodeIgniter\CLI\Console))
 7 ROOTPATH/spark(84): CodeIgniter\Boot::bootSpark(Object(Config\Paths))
WARNING - 2024-11-25 08:09:49 --> [DEPRECATED] Passing lowercase HTTP method "get" is deprecated. Use uppercase HTTP method like "GET". in SYSTEMPATH/Router/RouteCollection.php on line 1027.
 1 SYSTEMPATH/Router/RouteCollection.php(1027): trigger_error('Passing lowercase HTTP method "get" is deprecated. Use uppercase HTTP method like "GET".', 16384)
 2 APPPATH/Config/Routes.php(12): CodeIgniter\Router\RouteCollection->match([...], 'signin/auth', 'Utilisateur\\SigninController::loginAuth')
 3 SYSTEMPATH/Router/RouteCollection.php(340): require('/home/etudiant/dk220581/CodeIgniter/SGT/app/Config/Routes.php')
 4 SYSTEMPATH/CodeIgniter.php(823): CodeIgniter\Router\RouteCollection->loadRoutes()
 5 SYSTEMPATH/CodeIgniter.php(457): CodeIgniter\CodeIgniter->tryToRouteIt(null)
 6 SYSTEMPATH/CodeIgniter.php(355): CodeIgniter\CodeIgniter->handleRequest(null, Object(Config\Cache), false)
 7 SYSTEMPATH/Boot.php(325): CodeIgniter\CodeIgniter->run()
 8 SYSTEMPATH/Boot.php(67): CodeIgniter\Boot::runCodeIgniter(Object(CodeIgniter\CodeIgniter))
 9 FCPATH/index.php(56): CodeIgniter\Boot::bootWeb(Object(Config\Paths))
10 SYSTEMPATH/rewrite.php(44): require_once('/home/etudiant/dk220581/CodeIgniter/SGT/public/index.php')
WARNING - 2024-11-25 08:09:49 --> [DEPRECATED] Passing lowercase HTTP method "post" is deprecated. Use uppercase HTTP method like "POST". in SYSTEMPATH/Router/RouteCollection.php on line 1027.
 1 SYSTEMPATH/Router/RouteCollection.php(1027): trigger_error('Passing lowercase HTTP method "post" is deprecated. Use uppercase HTTP method like "POST".', 16384)
 2 APPPATH/Config/Routes.php(12): CodeIgniter\Router\RouteCollection->match([...], 'signin/auth', 'Utilisateur\\SigninController::loginAuth')
 3 SYSTEMPATH/Router/RouteCollection.php(340): require('/home/etudiant/dk220581/CodeIgniter/SGT/app/Config/Routes.php')
 4 SYSTEMPATH/CodeIgniter.php(823): CodeIgniter\Router\RouteCollection->loadRoutes()
 5 SYSTEMPATH/CodeIgniter.php(457): CodeIgniter\CodeIgniter->tryToRouteIt(null)
 6 SYSTEMPATH/CodeIgniter.php(355): CodeIgniter\CodeIgniter->handleRequest(null, Object(Config\Cache), false)
 7 SYSTEMPATH/Boot.php(325): CodeIgniter\CodeIgniter->run()
 8 SYSTEMPATH/Boot.php(67): CodeIgniter\Boot::runCodeIgniter(Object(CodeIgniter\CodeIgniter))
 9 FCPATH/index.php(56): CodeIgniter\Boot::bootWeb(Object(Config\Paths))
10 SYSTEMPATH/rewrite.php(44): require_once('/home/etudiant/dk220581/CodeIgniter/SGT/public/index.php')
WARNING - 2024-11-25 08:09:49 --> [DEPRECATED] Passing lowercase HTTP method "get" is deprecated. Use uppercase HTTP method like "GET". in SYSTEMPATH/Router/RouteCollection.php on line 1027.
 1 SYSTEMPATH/Router/RouteCollection.php(1027): trigger_error('Passing lowercase HTTP method "get" is deprecated. Use uppercase HTTP method like "GET".', 16384)
 2 APPPATH/Config/Routes.php(16): CodeIgniter\Router\RouteCollection->match([...], 'signup/store', 'Utilisateur\\SignupController::store')
 3 SYSTEMPATH/Router/RouteCollection.php(340): require('/home/etudiant/dk220581/CodeIgniter/SGT/app/Config/Routes.php')
 4 SYSTEMPATH/CodeIgniter.php(823): CodeIgniter\Router\RouteCollection->loadRoutes()
 5 SYSTEMPATH/CodeIgniter.php(457): CodeIgniter\CodeIgniter->tryToRouteIt(null)
 6 SYSTEMPATH/CodeIgniter.php(355): CodeIgniter\CodeIgniter->handleRequest(null, Object(Config\Cache), false)
 7 SYSTEMPATH/Boot.php(325): CodeIgniter\CodeIgniter->run()
 8 SYSTEMPATH/Boot.php(67): CodeIgniter\Boot::runCodeIgniter(Object(CodeIgniter\CodeIgniter))
 9 FCPATH/index.php(56): CodeIgniter\Boot::bootWeb(Object(Config\Paths))
10 SYSTEMPATH/rewrite.php(44): require_once('/home/etudiant/dk220581/CodeIgniter/SGT/public/index.php')
WARNING - 2024-11-25 08:09:49 --> [DEPRECATED] Passing lowercase HTTP method "post" is deprecated. Use uppercase HTTP method like "POST". in SYSTEMPATH/Router/RouteCollection.php on line 1027.
 1 SYSTEMPATH/Router/RouteCollection.php(1027): trigger_error('Passing lowercase HTTP method "post" is deprecated. Use uppercase HTTP method like "POST".', 16384)
 2 APPPATH/Config/Routes.php(16): CodeIgniter\Router\RouteCollection->match([...], 'signup/store', 'Utilisateur\\SignupController::store')
 3 SYSTEMPATH/Router/RouteCollection.php(340): require('/home/etudiant/dk220581/CodeIgniter/SGT/app/Config/Routes.php')
 4 SYSTEMPATH/CodeIgniter.php(823): CodeIgniter\Router\RouteCollection->loadRoutes()
 5 SYSTEMPATH/CodeIgniter.php(457): CodeIgniter\CodeIgniter->tryToRouteIt(null)
 6 SYSTEMPATH/CodeIgniter.php(355): CodeIgniter\CodeIgniter->handleRequest(null, Object(Config\Cache), false)
 7 SYSTEMPATH/Boot.php(325): CodeIgniter\CodeIgniter->run()
 8 SYSTEMPATH/Boot.php(67): CodeIgniter\Boot::runCodeIgniter(Object(CodeIgniter\CodeIgniter))
 9 FCPATH/index.php(56): CodeIgniter\Boot::bootWeb(Object(Config\Paths))
10 SYSTEMPATH/rewrite.php(44): require_once('/home/etudiant/dk220581/CodeIgniter/SGT/public/index.php')
WARNING - 2024-11-25 08:13:40 --> [DEPRECATED] Passing lowercase HTTP method "get" is deprecated. Use uppercase HTTP method like "GET". in SYSTEMPATH/Router/RouteCollection.php on line 1027.
 1 SYSTEMPATH/Router/RouteCollection.php(1027): trigger_error('Passing lowercase HTTP method "get" is deprecated. Use uppercase HTTP method like "GET".', 16384)
 2 APPPATH/Config/Routes.php(12): CodeIgniter\Router\RouteCollection->match([...], 'signin/auth', 'Utilisateur\\SigninController::loginAuth')
 3 SYSTEMPATH/Router/RouteCollection.php(340): require('/home/etudiant/dk220581/CodeIgniter/SGT/app/Config/Routes.php')
 4 SYSTEMPATH/CodeIgniter.php(823): CodeIgniter\Router\RouteCollection->loadRoutes()
 5 SYSTEMPATH/CodeIgniter.php(457): CodeIgniter\CodeIgniter->tryToRouteIt(null)
 6 SYSTEMPATH/CodeIgniter.php(355): CodeIgniter\CodeIgniter->handleRequest(null, Object(Config\Cache), false)
 7 SYSTEMPATH/Boot.php(325): CodeIgniter\CodeIgniter->run()
 8 SYSTEMPATH/Boot.php(67): CodeIgniter\Boot::runCodeIgniter(Object(CodeIgniter\CodeIgniter))
 9 FCPATH/index.php(56): CodeIgniter\Boot::bootWeb(Object(Config\Paths))
10 SYSTEMPATH/rewrite.php(44): require_once('/home/etudiant/dk220581/CodeIgniter/SGT/public/index.php')
WARNING - 2024-11-25 08:13:40 --> [DEPRECATED] Passing lowercase HTTP method "post" is deprecated. Use uppercase HTTP method like "POST". in SYSTEMPATH/Router/RouteCollection.php on line 1027.
 1 SYSTEMPATH/Router/RouteCollection.php(1027): trigger_error('Passing lowercase HTTP method "post" is deprecated. Use uppercase HTTP method like "POST".', 16384)
 2 APPPATH/Config/Routes.php(12): CodeIgniter\Router\RouteCollection->match([...], 'signin/auth', 'Utilisateur\\SigninController::loginAuth')
 3 SYSTEMPATH/Router/RouteCollection.php(340): require('/home/etudiant/dk220581/CodeIgniter/SGT/app/Config/Routes.php')
 4 SYSTEMPATH/CodeIgniter.php(823): CodeIgniter\Router\RouteCollection->loadRoutes()
 5 SYSTEMPATH/CodeIgniter.php(457): CodeIgniter\CodeIgniter->tryToRouteIt(null)
 6 SYSTEMPATH/CodeIgniter.php(355): CodeIgniter\CodeIgniter->handleRequest(null, Object(Config\Cache), false)
 7 SYSTEMPATH/Boot.php(325): CodeIgniter\CodeIgniter->run()
 8 SYSTEMPATH/Boot.php(67): CodeIgniter\Boot::runCodeIgniter(Object(CodeIgniter\CodeIgniter))
 9 FCPATH/index.php(56): CodeIgniter\Boot::bootWeb(Object(Config\Paths))
10 SYSTEMPATH/rewrite.php(44): require_once('/home/etudiant/dk220581/CodeIgniter/SGT/public/index.php')
WARNING - 2024-11-25 08:13:40 --> [DEPRECATED] Passing lowercase HTTP method "get" is deprecated. Use uppercase HTTP method like "GET". in SYSTEMPATH/Router/RouteCollection.php on line 1027.
 1 SYSTEMPATH/Router/RouteCollection.php(1027): trigger_error('Passing lowercase HTTP method "get" is deprecated. Use uppercase HTTP method like "GET".', 16384)
 2 APPPATH/Config/Routes.php(16): CodeIgniter\Router\RouteCollection->match([...], 'signup/store', 'Utilisateur\\SignupController::store')
 3 SYSTEMPATH/Router/RouteCollection.php(340): require('/home/etudiant/dk220581/CodeIgniter/SGT/app/Config/Routes.php')
 4 SYSTEMPATH/CodeIgniter.php(823): CodeIgniter\Router\RouteCollection->loadRoutes()
 5 SYSTEMPATH/CodeIgniter.php(457): CodeIgniter\CodeIgniter->tryToRouteIt(null)
 6 SYSTEMPATH/CodeIgniter.php(355): CodeIgniter\CodeIgniter->handleRequest(null, Object(Config\Cache), false)
 7 SYSTEMPATH/Boot.php(325): CodeIgniter\CodeIgniter->run()
 8 SYSTEMPATH/Boot.php(67): CodeIgniter\Boot::runCodeIgniter(Object(CodeIgniter\CodeIgniter))
 9 FCPATH/index.php(56): CodeIgniter\Boot::bootWeb(Object(Config\Paths))
10 SYSTEMPATH/rewrite.php(44): require_once('/home/etudiant/dk220581/CodeIgniter/SGT/public/index.php')
WARNING - 2024-11-25 08:13:40 --> [DEPRECATED] Passing lowercase HTTP method "post" is deprecated. Use uppercase HTTP method like "POST". in SYSTEMPATH/Router/RouteCollection.php on line 1027.
 1 SYSTEMPATH/Router/RouteCollection.php(1027): trigger_error('Passing lowercase HTTP method "post" is deprecated. Use uppercase HTTP method like "POST".', 16384)
 2 APPPATH/Config/Routes.php(16): CodeIgniter\Router\RouteCollection->match([...], 'signup/store', 'Utilisateur\\SignupController::store')
 3 SYSTEMPATH/Router/RouteCollection.php(340): require('/home/etudiant/dk220581/CodeIgniter/SGT/app/Config/Routes.php')
 4 SYSTEMPATH/CodeIgniter.php(823): CodeIgniter\Router\RouteCollection->loadRoutes()
 5 SYSTEMPATH/CodeIgniter.php(457): CodeIgniter\CodeIgniter->tryToRouteIt(null)
 6 SYSTEMPATH/CodeIgniter.php(355): CodeIgniter\CodeIgniter->handleRequest(null, Object(Config\Cache), false)
 7 SYSTEMPATH/Boot.php(325): CodeIgniter\CodeIgniter->run()
 8 SYSTEMPATH/Boot.php(67): CodeIgniter\Boot::runCodeIgniter(Object(CodeIgniter\CodeIgniter))
 9 FCPATH/index.php(56): CodeIgniter\Boot::bootWeb(Object(Config\Paths))
10 SYSTEMPATH/rewrite.php(44): require_once('/home/etudiant/dk220581/CodeIgniter/SGT/public/index.php')
WARNING - 2024-11-25 08:13:48 --> [DEPRECATED] Passing lowercase HTTP method "get" is deprecated. Use uppercase HTTP method like "GET". in SYSTEMPATH/Router/RouteCollection.php on line 1027.
 1 SYSTEMPATH/Router/RouteCollection.php(1027): trigger_error('Passing lowercase HTTP method "get" is deprecated. Use uppercase HTTP method like "GET".', 16384)
 2 APPPATH/Config/Routes.php(12): CodeIgniter\Router\RouteCollection->match([...], 'signin/auth', 'Utilisateur\\SigninController::loginAuth')
 3 SYSTEMPATH/Router/RouteCollection.php(340): require('/home/etudiant/dk220581/CodeIgniter/SGT/app/Config/Routes.php')
 4 SYSTEMPATH/CodeIgniter.php(823): CodeIgniter\Router\RouteCollection->loadRoutes()
 5 SYSTEMPATH/CodeIgniter.php(457): CodeIgniter\CodeIgniter->tryToRouteIt(null)
 6 SYSTEMPATH/CodeIgniter.php(355): CodeIgniter\CodeIgniter->handleRequest(null, Object(Config\Cache), false)
 7 SYSTEMPATH/Boot.php(325): CodeIgniter\CodeIgniter->run()
 8 SYSTEMPATH/Boot.php(67): CodeIgniter\Boot::runCodeIgniter(Object(CodeIgniter\CodeIgniter))
 9 FCPATH/index.php(56): CodeIgniter\Boot::bootWeb(Object(Config\Paths))
10 SYSTEMPATH/rewrite.php(44): require_once('/home/etudiant/dk220581/CodeIgniter/SGT/public/index.php')
WARNING - 2024-11-25 08:13:48 --> [DEPRECATED] Passing lowercase HTTP method "post" is deprecated. Use uppercase HTTP method like "POST". in SYSTEMPATH/Router/RouteCollection.php on line 1027.
 1 SYSTEMPATH/Router/RouteCollection.php(1027): trigger_error('Passing lowercase HTTP method "post" is deprecated. Use uppercase HTTP method like "POST".', 16384)
 2 APPPATH/Config/Routes.php(12): CodeIgniter\Router\RouteCollection->match([...], 'signin/auth', 'Utilisateur\\SigninController::loginAuth')
 3 SYSTEMPATH/Router/RouteCollection.php(340): require('/home/etudiant/dk220581/CodeIgniter/SGT/app/Config/Routes.php')
 4 SYSTEMPATH/CodeIgniter.php(823): CodeIgniter\Router\RouteCollection->loadRoutes()
 5 SYSTEMPATH/CodeIgniter.php(457): CodeIgniter\CodeIgniter->tryToRouteIt(null)
 6 SYSTEMPATH/CodeIgniter.php(355): CodeIgniter\CodeIgniter->handleRequest(null, Object(Config\Cache), false)
 7 SYSTEMPATH/Boot.php(325): CodeIgniter\CodeIgniter->run()
 8 SYSTEMPATH/Boot.php(67): CodeIgniter\Boot::runCodeIgniter(Object(CodeIgniter\CodeIgniter))
 9 FCPATH/index.php(56): CodeIgniter\Boot::bootWeb(Object(Config\Paths))
10 SYSTEMPATH/rewrite.php(44): require_once('/home/etudiant/dk220581/CodeIgniter/SGT/public/index.php')
WARNING - 2024-11-25 08:13:48 --> [DEPRECATED] Passing lowercase HTTP method "get" is deprecated. Use uppercase HTTP method like "GET". in SYSTEMPATH/Router/RouteCollection.php on line 1027.
 1 SYSTEMPATH/Router/RouteCollection.php(1027): trigger_error('Passing lowercase HTTP method "get" is deprecated. Use uppercase HTTP method like "GET".', 16384)
 2 APPPATH/Config/Routes.php(16): CodeIgniter\Router\RouteCollection->match([...], 'signup/store', 'Utilisateur\\SignupController::store')
 3 SYSTEMPATH/Router/RouteCollection.php(340): require('/home/etudiant/dk220581/CodeIgniter/SGT/app/Config/Routes.php')
 4 SYSTEMPATH/CodeIgniter.php(823): CodeIgniter\Router\RouteCollection->loadRoutes()
 5 SYSTEMPATH/CodeIgniter.php(457): CodeIgniter\CodeIgniter->tryToRouteIt(null)
 6 SYSTEMPATH/CodeIgniter.php(355): CodeIgniter\CodeIgniter->handleRequest(null, Object(Config\Cache), false)
 7 SYSTEMPATH/Boot.php(325): CodeIgniter\CodeIgniter->run()
 8 SYSTEMPATH/Boot.php(67): CodeIgniter\Boot::runCodeIgniter(Object(CodeIgniter\CodeIgniter))
 9 FCPATH/index.php(56): CodeIgniter\Boot::bootWeb(Object(Config\Paths))
10 SYSTEMPATH/rewrite.php(44): require_once('/home/etudiant/dk220581/CodeIgniter/SGT/public/index.php')
WARNING - 2024-11-25 08:13:48 --> [DEPRECATED] Passing lowercase HTTP method "post" is deprecated. Use uppercase HTTP method like "POST". in SYSTEMPATH/Router/RouteCollection.php on line 1027.
 1 SYSTEMPATH/Router/RouteCollection.php(1027): trigger_error('Passing lowercase HTTP method "post" is deprecated. Use uppercase HTTP method like "POST".', 16384)
 2 APPPATH/Config/Routes.php(16): CodeIgniter\Router\RouteCollection->match([...], 'signup/store', 'Utilisateur\\SignupController::store')
 3 SYSTEMPATH/Router/RouteCollection.php(340): require('/home/etudiant/dk220581/CodeIgniter/SGT/app/Config/Routes.php')
 4 SYSTEMPATH/CodeIgniter.php(823): CodeIgniter\Router\RouteCollection->loadRoutes()
 5 SYSTEMPATH/CodeIgniter.php(457): CodeIgniter\CodeIgniter->tryToRouteIt(null)
 6 SYSTEMPATH/CodeIgniter.php(355): CodeIgniter\CodeIgniter->handleRequest(null, Object(Config\Cache), false)
 7 SYSTEMPATH/Boot.php(325): CodeIgniter\CodeIgniter->run()
 8 SYSTEMPATH/Boot.php(67): CodeIgniter\Boot::runCodeIgniter(Object(CodeIgniter\CodeIgniter))
 9 FCPATH/index.php(56): CodeIgniter\Boot::bootWeb(Object(Config\Paths))
10 SYSTEMPATH/rewrite.php(44): require_once('/home/etudiant/dk220581/CodeIgniter/SGT/public/index.php')
WARNING - 2024-11-25 08:14:51 --> [DEPRECATED] Passing lowercase HTTP method "get" is deprecated. Use uppercase HTTP method like "GET". in SYSTEMPATH/Router/RouteCollection.php on line 1027.
 1 SYSTEMPATH/Router/RouteCollection.php(1027): trigger_error('Passing lowercase HTTP method "get" is deprecated. Use uppercase HTTP method like "GET".', 16384)
 2 APPPATH/Config/Routes.php(12): CodeIgniter\Router\RouteCollection->match([...], 'signin/auth', 'Utilisateur\\SigninController::loginAuth')
 3 SYSTEMPATH/Router/RouteCollection.php(340): require('/home/etudiant/dk220581/CodeIgniter/SGT/app/Config/Routes.php')
 4 SYSTEMPATH/CodeIgniter.php(823): CodeIgniter\Router\RouteCollection->loadRoutes()
 5 SYSTEMPATH/CodeIgniter.php(457): CodeIgniter\CodeIgniter->tryToRouteIt(null)
 6 SYSTEMPATH/CodeIgniter.php(355): CodeIgniter\CodeIgniter->handleRequest(null, Object(Config\Cache), false)
 7 SYSTEMPATH/Boot.php(325): CodeIgniter\CodeIgniter->run()
 8 SYSTEMPATH/Boot.php(67): CodeIgniter\Boot::runCodeIgniter(Object(CodeIgniter\CodeIgniter))
 9 FCPATH/index.php(56): CodeIgniter\Boot::bootWeb(Object(Config\Paths))
10 SYSTEMPATH/rewrite.php(44): require_once('/home/etudiant/dk220581/CodeIgniter/SGT/public/index.php')
WARNING - 2024-11-25 08:14:51 --> [DEPRECATED] Passing lowercase HTTP method "post" is deprecated. Use uppercase HTTP method like "POST". in SYSTEMPATH/Router/RouteCollection.php on line 1027.
 1 SYSTEMPATH/Router/RouteCollection.php(1027): trigger_error('Passing lowercase HTTP method "post" is deprecated. Use uppercase HTTP method like "POST".', 16384)
 2 APPPATH/Config/Routes.php(12): CodeIgniter\Router\RouteCollection->match([...], 'signin/auth', 'Utilisateur\\SigninController::loginAuth')
 3 SYSTEMPATH/Router/RouteCollection.php(340): require('/home/etudiant/dk220581/CodeIgniter/SGT/app/Config/Routes.php')
 4 SYSTEMPATH/CodeIgniter.php(823): CodeIgniter\Router\RouteCollection->loadRoutes()
 5 SYSTEMPATH/CodeIgniter.php(457): CodeIgniter\CodeIgniter->tryToRouteIt(null)
 6 SYSTEMPATH/CodeIgniter.php(355): CodeIgniter\CodeIgniter->handleRequest(null, Object(Config\Cache), false)
 7 SYSTEMPATH/Boot.php(325): CodeIgniter\CodeIgniter->run()
 8 SYSTEMPATH/Boot.php(67): CodeIgniter\Boot::runCodeIgniter(Object(CodeIgniter\CodeIgniter))
 9 FCPATH/index.php(56): CodeIgniter\Boot::bootWeb(Object(Config\Paths))
10 SYSTEMPATH/rewrite.php(44): require_once('/home/etudiant/dk220581/CodeIgniter/SGT/public/index.php')
WARNING - 2024-11-25 08:14:51 --> [DEPRECATED] Passing lowercase HTTP method "get" is deprecated. Use uppercase HTTP method like "GET". in SYSTEMPATH/Router/RouteCollection.php on line 1027.
 1 SYSTEMPATH/Router/RouteCollection.php(1027): trigger_error('Passing lowercase HTTP method "get" is deprecated. Use uppercase HTTP method like "GET".', 16384)
 2 APPPATH/Config/Routes.php(16): CodeIgniter\Router\RouteCollection->match([...], 'signup/store', 'Utilisateur\\SignupController::store')
 3 SYSTEMPATH/Router/RouteCollection.php(340): require('/home/etudiant/dk220581/CodeIgniter/SGT/app/Config/Routes.php')
 4 SYSTEMPATH/CodeIgniter.php(823): CodeIgniter\Router\RouteCollection->loadRoutes()
 5 SYSTEMPATH/CodeIgniter.php(457): CodeIgniter\CodeIgniter->tryToRouteIt(null)
 6 SYSTEMPATH/CodeIgniter.php(355): CodeIgniter\CodeIgniter->handleRequest(null, Object(Config\Cache), false)
 7 SYSTEMPATH/Boot.php(325): CodeIgniter\CodeIgniter->run()
 8 SYSTEMPATH/Boot.php(67): CodeIgniter\Boot::runCodeIgniter(Object(CodeIgniter\CodeIgniter))
 9 FCPATH/index.php(56): CodeIgniter\Boot::bootWeb(Object(Config\Paths))
10 SYSTEMPATH/rewrite.php(44): require_once('/home/etudiant/dk220581/CodeIgniter/SGT/public/index.php')
WARNING - 2024-11-25 08:14:51 --> [DEPRECATED] Passing lowercase HTTP method "post" is deprecated. Use uppercase HTTP method like "POST". in SYSTEMPATH/Router/RouteCollection.php on line 1027.
 1 SYSTEMPATH/Router/RouteCollection.php(1027): trigger_error('Passing lowercase HTTP method "post" is deprecated. Use uppercase HTTP method like "POST".', 16384)
 2 APPPATH/Config/Routes.php(16): CodeIgniter\Router\RouteCollection->match([...], 'signup/store', 'Utilisateur\\SignupController::store')
 3 SYSTEMPATH/Router/RouteCollection.php(340): require('/home/etudiant/dk220581/CodeIgniter/SGT/app/Config/Routes.php')
 4 SYSTEMPATH/CodeIgniter.php(823): CodeIgniter\Router\RouteCollection->loadRoutes()
 5 SYSTEMPATH/CodeIgniter.php(457): CodeIgniter\CodeIgniter->tryToRouteIt(null)
 6 SYSTEMPATH/CodeIgniter.php(355): CodeIgniter\CodeIgniter->handleRequest(null, Object(Config\Cache), false)
 7 SYSTEMPATH/Boot.php(325): CodeIgniter\CodeIgniter->run()
 8 SYSTEMPATH/Boot.php(67): CodeIgniter\Boot::runCodeIgniter(Object(CodeIgniter\CodeIgniter))
 9 FCPATH/index.php(56): CodeIgniter\Boot::bootWeb(Object(Config\Paths))
10 SYSTEMPATH/rewrite.php(44): require_once('/home/etudiant/dk220581/CodeIgniter/SGT/public/index.php')
CRITICAL - 2024-11-25 08:14:51 --> CodeIgniter\Router\Exceptions\RouterException: The namespace delimiter is a backslash (\), not a slash (/). Route handler: "\App\Controllers\Utilisateur/SigninController::index"
[Method: GET, Route: /]
in SYSTEMPATH/Router/Router.php on line 492.
 1 SYSTEMPATH/Router/Router.php(492): CodeIgniter\Router\Exceptions\RouterException::forInvalidControllerName()
 2 SYSTEMPATH/Router/Router.php(210): CodeIgniter\Router\Router->checkRoutes()
 3 SYSTEMPATH/CodeIgniter.php(834): CodeIgniter\Router\Router->handle()
 4 SYSTEMPATH/CodeIgniter.php(457): CodeIgniter\CodeIgniter->tryToRouteIt()
 5 SYSTEMPATH/CodeIgniter.php(355): CodeIgniter\CodeIgniter->handleRequest()
 6 SYSTEMPATH/Boot.php(325): CodeIgniter\CodeIgniter->run()
 7 SYSTEMPATH/Boot.php(67): CodeIgniter\Boot::runCodeIgniter()
 8 FCPATH/index.php(56): CodeIgniter\Boot::bootWeb()
 9 SYSTEMPATH/rewrite.php(44): require_once('/home/etudiant/dk220581/CodeIgniter/SGT/public/index.php')
WARNING - 2024-11-25 08:15:23 --> [DEPRECATED] Passing lowercase HTTP method "get" is deprecated. Use uppercase HTTP method like "GET". in SYSTEMPATH/Router/RouteCollection.php on line 1027.
 1 SYSTEMPATH/Router/RouteCollection.php(1027): trigger_error('Passing lowercase HTTP method "get" is deprecated. Use uppercase HTTP method like "GET".', 16384)
 2 APPPATH/Config/Routes.php(12): CodeIgniter\Router\RouteCollection->match([...], 'signin/auth', 'Utilisateur/SigninController::loginAuth')
 3 SYSTEMPATH/Router/RouteCollection.php(340): require('/home/etudiant/dk220581/CodeIgniter/SGT/app/Config/Routes.php')
 4 SYSTEMPATH/CodeIgniter.php(823): CodeIgniter\Router\RouteCollection->loadRoutes()
 5 SYSTEMPATH/CodeIgniter.php(457): CodeIgniter\CodeIgniter->tryToRouteIt(null)
 6 SYSTEMPATH/CodeIgniter.php(355): CodeIgniter\CodeIgniter->handleRequest(null, Object(Config\Cache), false)
 7 SYSTEMPATH/Boot.php(325): CodeIgniter\CodeIgniter->run()
 8 SYSTEMPATH/Boot.php(67): CodeIgniter\Boot::runCodeIgniter(Object(CodeIgniter\CodeIgniter))
 9 FCPATH/index.php(56): CodeIgniter\Boot::bootWeb(Object(Config\Paths))
10 SYSTEMPATH/rewrite.php(44): require_once('/home/etudiant/dk220581/CodeIgniter/SGT/public/index.php')
WARNING - 2024-11-25 08:15:23 --> [DEPRECATED] Passing lowercase HTTP method "post" is deprecated. Use uppercase HTTP method like "POST". in SYSTEMPATH/Router/RouteCollection.php on line 1027.
 1 SYSTEMPATH/Router/RouteCollection.php(1027): trigger_error('Passing lowercase HTTP method "post" is deprecated. Use uppercase HTTP method like "POST".', 16384)
 2 APPPATH/Config/Routes.php(12): CodeIgniter\Router\RouteCollection->match([...], 'signin/auth', 'Utilisateur/SigninController::loginAuth')
 3 SYSTEMPATH/Router/RouteCollection.php(340): require('/home/etudiant/dk220581/CodeIgniter/SGT/app/Config/Routes.php')
 4 SYSTEMPATH/CodeIgniter.php(823): CodeIgniter\Router\RouteCollection->loadRoutes()
 5 SYSTEMPATH/CodeIgniter.php(457): CodeIgniter\CodeIgniter->tryToRouteIt(null)
 6 SYSTEMPATH/CodeIgniter.php(355): CodeIgniter\CodeIgniter->handleRequest(null, Object(Config\Cache), false)
 7 SYSTEMPATH/Boot.php(325): CodeIgniter\CodeIgniter->run()
 8 SYSTEMPATH/Boot.php(67): CodeIgniter\Boot::runCodeIgniter(Object(CodeIgniter\CodeIgniter))
 9 FCPATH/index.php(56): CodeIgniter\Boot::bootWeb(Object(Config\Paths))
10 SYSTEMPATH/rewrite.php(44): require_once('/home/etudiant/dk220581/CodeIgniter/SGT/public/index.php')
WARNING - 2024-11-25 08:15:23 --> [DEPRECATED] Passing lowercase HTTP method "get" is deprecated. Use uppercase HTTP method like "GET". in SYSTEMPATH/Router/RouteCollection.php on line 1027.
 1 SYSTEMPATH/Router/RouteCollection.php(1027): trigger_error('Passing lowercase HTTP method "get" is deprecated. Use uppercase HTTP method like "GET".', 16384)
 2 APPPATH/Config/Routes.php(16): CodeIgniter\Router\RouteCollection->match([...], 'signup/store', 'Utilisateur\\SignupController::store')
 3 SYSTEMPATH/Router/RouteCollection.php(340): require('/home/etudiant/dk220581/CodeIgniter/SGT/app/Config/Routes.php')
 4 SYSTEMPATH/CodeIgniter.php(823): CodeIgniter\Router\RouteCollection->loadRoutes()
 5 SYSTEMPATH/CodeIgniter.php(457): CodeIgniter\CodeIgniter->tryToRouteIt(null)
 6 SYSTEMPATH/CodeIgniter.php(355): CodeIgniter\CodeIgniter->handleRequest(null, Object(Config\Cache), false)
 7 SYSTEMPATH/Boot.php(325): CodeIgniter\CodeIgniter->run()
 8 SYSTEMPATH/Boot.php(67): CodeIgniter\Boot::runCodeIgniter(Object(CodeIgniter\CodeIgniter))
 9 FCPATH/index.php(56): CodeIgniter\Boot::bootWeb(Object(Config\Paths))
10 SYSTEMPATH/rewrite.php(44): require_once('/home/etudiant/dk220581/CodeIgniter/SGT/public/index.php')
WARNING - 2024-11-25 08:15:23 --> [DEPRECATED] Passing lowercase HTTP method "post" is deprecated. Use uppercase HTTP method like "POST". in SYSTEMPATH/Router/RouteCollection.php on line 1027.
 1 SYSTEMPATH/Router/RouteCollection.php(1027): trigger_error('Passing lowercase HTTP method "post" is deprecated. Use uppercase HTTP method like "POST".', 16384)
 2 APPPATH/Config/Routes.php(16): CodeIgniter\Router\RouteCollection->match([...], 'signup/store', 'Utilisateur\\SignupController::store')
 3 SYSTEMPATH/Router/RouteCollection.php(340): require('/home/etudiant/dk220581/CodeIgniter/SGT/app/Config/Routes.php')
 4 SYSTEMPATH/CodeIgniter.php(823): CodeIgniter\Router\RouteCollection->loadRoutes()
 5 SYSTEMPATH/CodeIgniter.php(457): CodeIgniter\CodeIgniter->tryToRouteIt(null)
 6 SYSTEMPATH/CodeIgniter.php(355): CodeIgniter\CodeIgniter->handleRequest(null, Object(Config\Cache), false)
 7 SYSTEMPATH/Boot.php(325): CodeIgniter\CodeIgniter->run()
 8 SYSTEMPATH/Boot.php(67): CodeIgniter\Boot::runCodeIgniter(Object(CodeIgniter\CodeIgniter))
 9 FCPATH/index.php(56): CodeIgniter\Boot::bootWeb(Object(Config\Paths))
10 SYSTEMPATH/rewrite.php(44): require_once('/home/etudiant/dk220581/CodeIgniter/SGT/public/index.php')
CRITICAL - 2024-11-25 08:15:23 --> CodeIgniter\Router\Exceptions\RouterException: The namespace delimiter is a backslash (\), not a slash (/). Route handler: "\App\Controllers\Utilisateur/SigninController::index"
[Method: GET, Route: /]
in SYSTEMPATH/Router/Router.php on line 492.
 1 SYSTEMPATH/Router/Router.php(492): CodeIgniter\Router\Exceptions\RouterException::forInvalidControllerName()
 2 SYSTEMPATH/Router/Router.php(210): CodeIgniter\Router\Router->checkRoutes()
 3 SYSTEMPATH/CodeIgniter.php(834): CodeIgniter\Router\Router->handle()
 4 SYSTEMPATH/CodeIgniter.php(457): CodeIgniter\CodeIgniter->tryToRouteIt()
 5 SYSTEMPATH/CodeIgniter.php(355): CodeIgniter\CodeIgniter->handleRequest()
 6 SYSTEMPATH/Boot.php(325): CodeIgniter\CodeIgniter->run()
 7 SYSTEMPATH/Boot.php(67): CodeIgniter\Boot::runCodeIgniter()
 8 FCPATH/index.php(56): CodeIgniter\Boot::bootWeb()
 9 SYSTEMPATH/rewrite.php(44): require_once('/home/etudiant/dk220581/CodeIgniter/SGT/public/index.php')
WARNING - 2024-11-25 08:15:25 --> [DEPRECATED] Passing lowercase HTTP method "get" is deprecated. Use uppercase HTTP method like "GET". in SYSTEMPATH/Router/RouteCollection.php on line 1027.
 1 SYSTEMPATH/Router/RouteCollection.php(1027): trigger_error('Passing lowercase HTTP method "get" is deprecated. Use uppercase HTTP method like "GET".', 16384)
 2 APPPATH/Config/Routes.php(12): CodeIgniter\Router\RouteCollection->match([...], 'signin/auth', 'Utilisateur/SigninController::loginAuth')
 3 SYSTEMPATH/Router/RouteCollection.php(340): require('/home/etudiant/dk220581/CodeIgniter/SGT/app/Config/Routes.php')
 4 SYSTEMPATH/CodeIgniter.php(823): CodeIgniter\Router\RouteCollection->loadRoutes()
 5 SYSTEMPATH/CodeIgniter.php(457): CodeIgniter\CodeIgniter->tryToRouteIt(null)
 6 SYSTEMPATH/CodeIgniter.php(355): CodeIgniter\CodeIgniter->handleRequest(null, Object(Config\Cache), false)
 7 SYSTEMPATH/Boot.php(325): CodeIgniter\CodeIgniter->run()
 8 SYSTEMPATH/Boot.php(67): CodeIgniter\Boot::runCodeIgniter(Object(CodeIgniter\CodeIgniter))
 9 FCPATH/index.php(56): CodeIgniter\Boot::bootWeb(Object(Config\Paths))
10 SYSTEMPATH/rewrite.php(44): require_once('/home/etudiant/dk220581/CodeIgniter/SGT/public/index.php')
WARNING - 2024-11-25 08:15:25 --> [DEPRECATED] Passing lowercase HTTP method "post" is deprecated. Use uppercase HTTP method like "POST". in SYSTEMPATH/Router/RouteCollection.php on line 1027.
 1 SYSTEMPATH/Router/RouteCollection.php(1027): trigger_error('Passing lowercase HTTP method "post" is deprecated. Use uppercase HTTP method like "POST".', 16384)
 2 APPPATH/Config/Routes.php(12): CodeIgniter\Router\RouteCollection->match([...], 'signin/auth', 'Utilisateur/SigninController::loginAuth')
 3 SYSTEMPATH/Router/RouteCollection.php(340): require('/home/etudiant/dk220581/CodeIgniter/SGT/app/Config/Routes.php')
 4 SYSTEMPATH/CodeIgniter.php(823): CodeIgniter\Router\RouteCollection->loadRoutes()
 5 SYSTEMPATH/CodeIgniter.php(457): CodeIgniter\CodeIgniter->tryToRouteIt(null)
 6 SYSTEMPATH/CodeIgniter.php(355): CodeIgniter\CodeIgniter->handleRequest(null, Object(Config\Cache), false)
 7 SYSTEMPATH/Boot.php(325): CodeIgniter\CodeIgniter->run()
 8 SYSTEMPATH/Boot.php(67): CodeIgniter\Boot::runCodeIgniter(Object(CodeIgniter\CodeIgniter))
 9 FCPATH/index.php(56): CodeIgniter\Boot::bootWeb(Object(Config\Paths))
10 SYSTEMPATH/rewrite.php(44): require_once('/home/etudiant/dk220581/CodeIgniter/SGT/public/index.php')
WARNING - 2024-11-25 08:15:25 --> [DEPRECATED] Passing lowercase HTTP method "get" is deprecated. Use uppercase HTTP method like "GET". in SYSTEMPATH/Router/RouteCollection.php on line 1027.
 1 SYSTEMPATH/Router/RouteCollection.php(1027): trigger_error('Passing lowercase HTTP method "get" is deprecated. Use uppercase HTTP method like "GET".', 16384)
 2 APPPATH/Config/Routes.php(16): CodeIgniter\Router\RouteCollection->match([...], 'signup/store', 'Utilisateur\\SignupController::store')
 3 SYSTEMPATH/Router/RouteCollection.php(340): require('/home/etudiant/dk220581/CodeIgniter/SGT/app/Config/Routes.php')
 4 SYSTEMPATH/CodeIgniter.php(823): CodeIgniter\Router\RouteCollection->loadRoutes()
 5 SYSTEMPATH/CodeIgniter.php(457): CodeIgniter\CodeIgniter->tryToRouteIt(null)
 6 SYSTEMPATH/CodeIgniter.php(355): CodeIgniter\CodeIgniter->handleRequest(null, Object(Config\Cache), false)
 7 SYSTEMPATH/Boot.php(325): CodeIgniter\CodeIgniter->run()
 8 SYSTEMPATH/Boot.php(67): CodeIgniter\Boot::runCodeIgniter(Object(CodeIgniter\CodeIgniter))
 9 FCPATH/index.php(56): CodeIgniter\Boot::bootWeb(Object(Config\Paths))
10 SYSTEMPATH/rewrite.php(44): require_once('/home/etudiant/dk220581/CodeIgniter/SGT/public/index.php')
WARNING - 2024-11-25 08:15:25 --> [DEPRECATED] Passing lowercase HTTP method "post" is deprecated. Use uppercase HTTP method like "POST". in SYSTEMPATH/Router/RouteCollection.php on line 1027.
 1 SYSTEMPATH/Router/RouteCollection.php(1027): trigger_error('Passing lowercase HTTP method "post" is deprecated. Use uppercase HTTP method like "POST".', 16384)
 2 APPPATH/Config/Routes.php(16): CodeIgniter\Router\RouteCollection->match([...], 'signup/store', 'Utilisateur\\SignupController::store')
 3 SYSTEMPATH/Router/RouteCollection.php(340): require('/home/etudiant/dk220581/CodeIgniter/SGT/app/Config/Routes.php')
 4 SYSTEMPATH/CodeIgniter.php(823): CodeIgniter\Router\RouteCollection->loadRoutes()
 5 SYSTEMPATH/CodeIgniter.php(457): CodeIgniter\CodeIgniter->tryToRouteIt(null)
 6 SYSTEMPATH/CodeIgniter.php(355): CodeIgniter\CodeIgniter->handleRequest(null, Object(Config\Cache), false)
 7 SYSTEMPATH/Boot.php(325): CodeIgniter\CodeIgniter->run()
 8 SYSTEMPATH/Boot.php(67): CodeIgniter\Boot::runCodeIgniter(Object(CodeIgniter\CodeIgniter))
 9 FCPATH/index.php(56): CodeIgniter\Boot::bootWeb(Object(Config\Paths))
10 SYSTEMPATH/rewrite.php(44): require_once('/home/etudiant/dk220581/CodeIgniter/SGT/public/index.php')
CRITICAL - 2024-11-25 08:15:25 --> CodeIgniter\Router\Exceptions\RouterException: The namespace delimiter is a backslash (\), not a slash (/). Route handler: "\App\Controllers\Utilisateur/SigninController::index"
[Method: GET, Route: /]
in SYSTEMPATH/Router/Router.php on line 492.
 1 SYSTEMPATH/Router/Router.php(492): CodeIgniter\Router\Exceptions\RouterException::forInvalidControllerName()
 2 SYSTEMPATH/Router/Router.php(210): CodeIgniter\Router\Router->checkRoutes()
 3 SYSTEMPATH/CodeIgniter.php(834): CodeIgniter\Router\Router->handle()
 4 SYSTEMPATH/CodeIgniter.php(457): CodeIgniter\CodeIgniter->tryToRouteIt()
 5 SYSTEMPATH/CodeIgniter.php(355): CodeIgniter\CodeIgniter->handleRequest()
 6 SYSTEMPATH/Boot.php(325): CodeIgniter\CodeIgniter->run()
 7 SYSTEMPATH/Boot.php(67): CodeIgniter\Boot::runCodeIgniter()
 8 FCPATH/index.php(56): CodeIgniter\Boot::bootWeb()
 9 SYSTEMPATH/rewrite.php(44): require_once('/home/etudiant/dk220581/CodeIgniter/SGT/public/index.php')
WARNING - 2024-11-25 08:15:25 --> [DEPRECATED] Passing lowercase HTTP method "get" is deprecated. Use uppercase HTTP method like "GET". in SYSTEMPATH/Router/RouteCollection.php on line 1027.
 1 SYSTEMPATH/Router/RouteCollection.php(1027): trigger_error('Passing lowercase HTTP method "get" is deprecated. Use uppercase HTTP method like "GET".', 16384)
 2 APPPATH/Config/Routes.php(12): CodeIgniter\Router\RouteCollection->match([...], 'signin/auth', 'Utilisateur/SigninController::loginAuth')
 3 SYSTEMPATH/Router/RouteCollection.php(340): require('/home/etudiant/dk220581/CodeIgniter/SGT/app/Config/Routes.php')
 4 SYSTEMPATH/CodeIgniter.php(823): CodeIgniter\Router\RouteCollection->loadRoutes()
 5 SYSTEMPATH/CodeIgniter.php(457): CodeIgniter\CodeIgniter->tryToRouteIt(null)
 6 SYSTEMPATH/CodeIgniter.php(355): CodeIgniter\CodeIgniter->handleRequest(null, Object(Config\Cache), false)
 7 SYSTEMPATH/Boot.php(325): CodeIgniter\CodeIgniter->run()
 8 SYSTEMPATH/Boot.php(67): CodeIgniter\Boot::runCodeIgniter(Object(CodeIgniter\CodeIgniter))
 9 FCPATH/index.php(56): CodeIgniter\Boot::bootWeb(Object(Config\Paths))
10 SYSTEMPATH/rewrite.php(44): require_once('/home/etudiant/dk220581/CodeIgniter/SGT/public/index.php')
WARNING - 2024-11-25 08:15:25 --> [DEPRECATED] Passing lowercase HTTP method "post" is deprecated. Use uppercase HTTP method like "POST". in SYSTEMPATH/Router/RouteCollection.php on line 1027.
 1 SYSTEMPATH/Router/RouteCollection.php(1027): trigger_error('Passing lowercase HTTP method "post" is deprecated. Use uppercase HTTP method like "POST".', 16384)
 2 APPPATH/Config/Routes.php(12): CodeIgniter\Router\RouteCollection->match([...], 'signin/auth', 'Utilisateur/SigninController::loginAuth')
 3 SYSTEMPATH/Router/RouteCollection.php(340): require('/home/etudiant/dk220581/CodeIgniter/SGT/app/Config/Routes.php')
 4 SYSTEMPATH/CodeIgniter.php(823): CodeIgniter\Router\RouteCollection->loadRoutes()
 5 SYSTEMPATH/CodeIgniter.php(457): CodeIgniter\CodeIgniter->tryToRouteIt(null)
 6 SYSTEMPATH/CodeIgniter.php(355): CodeIgniter\CodeIgniter->handleRequest(null, Object(Config\Cache), false)
 7 SYSTEMPATH/Boot.php(325): CodeIgniter\CodeIgniter->run()
 8 SYSTEMPATH/Boot.php(67): CodeIgniter\Boot::runCodeIgniter(Object(CodeIgniter\CodeIgniter))
 9 FCPATH/index.php(56): CodeIgniter\Boot::bootWeb(Object(Config\Paths))
10 SYSTEMPATH/rewrite.php(44): require_once('/home/etudiant/dk220581/CodeIgniter/SGT/public/index.php')
WARNING - 2024-11-25 08:15:25 --> [DEPRECATED] Passing lowercase HTTP method "get" is deprecated. Use uppercase HTTP method like "GET". in SYSTEMPATH/Router/RouteCollection.php on line 1027.
 1 SYSTEMPATH/Router/RouteCollection.php(1027): trigger_error('Passing lowercase HTTP method "get" is deprecated. Use uppercase HTTP method like "GET".', 16384)
 2 APPPATH/Config/Routes.php(16): CodeIgniter\Router\RouteCollection->match([...], 'signup/store', 'Utilisateur\\SignupController::store')
 3 SYSTEMPATH/Router/RouteCollection.php(340): require('/home/etudiant/dk220581/CodeIgniter/SGT/app/Config/Routes.php')
 4 SYSTEMPATH/CodeIgniter.php(823): CodeIgniter\Router\RouteCollection->loadRoutes()
 5 SYSTEMPATH/CodeIgniter.php(457): CodeIgniter\CodeIgniter->tryToRouteIt(null)
 6 SYSTEMPATH/CodeIgniter.php(355): CodeIgniter\CodeIgniter->handleRequest(null, Object(Config\Cache), false)
 7 SYSTEMPATH/Boot.php(325): CodeIgniter\CodeIgniter->run()
 8 SYSTEMPATH/Boot.php(67): CodeIgniter\Boot::runCodeIgniter(Object(CodeIgniter\CodeIgniter))
 9 FCPATH/index.php(56): CodeIgniter\Boot::bootWeb(Object(Config\Paths))
10 SYSTEMPATH/rewrite.php(44): require_once('/home/etudiant/dk220581/CodeIgniter/SGT/public/index.php')
WARNING - 2024-11-25 08:15:25 --> [DEPRECATED] Passing lowercase HTTP method "post" is deprecated. Use uppercase HTTP method like "POST". in SYSTEMPATH/Router/RouteCollection.php on line 1027.
 1 SYSTEMPATH/Router/RouteCollection.php(1027): trigger_error('Passing lowercase HTTP method "post" is deprecated. Use uppercase HTTP method like "POST".', 16384)
 2 APPPATH/Config/Routes.php(16): CodeIgniter\Router\RouteCollection->match([...], 'signup/store', 'Utilisateur\\SignupController::store')
 3 SYSTEMPATH/Router/RouteCollection.php(340): require('/home/etudiant/dk220581/CodeIgniter/SGT/app/Config/Routes.php')
 4 SYSTEMPATH/CodeIgniter.php(823): CodeIgniter\Router\RouteCollection->loadRoutes()
 5 SYSTEMPATH/CodeIgniter.php(457): CodeIgniter\CodeIgniter->tryToRouteIt(null)
 6 SYSTEMPATH/CodeIgniter.php(355): CodeIgniter\CodeIgniter->handleRequest(null, Object(Config\Cache), false)
 7 SYSTEMPATH/Boot.php(325): CodeIgniter\CodeIgniter->run()
 8 SYSTEMPATH/Boot.php(67): CodeIgniter\Boot::runCodeIgniter(Object(CodeIgniter\CodeIgniter))
 9 FCPATH/index.php(56): CodeIgniter\Boot::bootWeb(Object(Config\Paths))
10 SYSTEMPATH/rewrite.php(44): require_once('/home/etudiant/dk220581/CodeIgniter/SGT/public/index.php')
CRITICAL - 2024-11-25 08:15:25 --> CodeIgniter\Router\Exceptions\RouterException: The namespace delimiter is a backslash (\), not a slash (/). Route handler: "\App\Controllers\Utilisateur/SigninController::index"
[Method: GET, Route: /]
in SYSTEMPATH/Router/Router.php on line 492.
 1 SYSTEMPATH/Router/Router.php(492): CodeIgniter\Router\Exceptions\RouterException::forInvalidControllerName()
 2 SYSTEMPATH/Router/Router.php(210): CodeIgniter\Router\Router->checkRoutes()
 3 SYSTEMPATH/CodeIgniter.php(834): CodeIgniter\Router\Router->handle()
 4 SYSTEMPATH/CodeIgniter.php(457): CodeIgniter\CodeIgniter->tryToRouteIt()
 5 SYSTEMPATH/CodeIgniter.php(355): CodeIgniter\CodeIgniter->handleRequest()
 6 SYSTEMPATH/Boot.php(325): CodeIgniter\CodeIgniter->run()
 7 SYSTEMPATH/Boot.php(67): CodeIgniter\Boot::runCodeIgniter()
 8 FCPATH/index.php(56): CodeIgniter\Boot::bootWeb()
 9 SYSTEMPATH/rewrite.php(44): require_once('/home/etudiant/dk220581/CodeIgniter/SGT/public/index.php')
WARNING - 2024-11-25 08:15:25 --> [DEPRECATED] Passing lowercase HTTP method "get" is deprecated. Use uppercase HTTP method like "GET". in SYSTEMPATH/Router/RouteCollection.php on line 1027.
 1 SYSTEMPATH/Router/RouteCollection.php(1027): trigger_error('Passing lowercase HTTP method "get" is deprecated. Use uppercase HTTP method like "GET".', 16384)
 2 APPPATH/Config/Routes.php(12): CodeIgniter\Router\RouteCollection->match([...], 'signin/auth', 'Utilisateur/SigninController::loginAuth')
 3 SYSTEMPATH/Router/RouteCollection.php(340): require('/home/etudiant/dk220581/CodeIgniter/SGT/app/Config/Routes.php')
 4 SYSTEMPATH/CodeIgniter.php(823): CodeIgniter\Router\RouteCollection->loadRoutes()
 5 SYSTEMPATH/CodeIgniter.php(457): CodeIgniter\CodeIgniter->tryToRouteIt(null)
 6 SYSTEMPATH/CodeIgniter.php(355): CodeIgniter\CodeIgniter->handleRequest(null, Object(Config\Cache), false)
 7 SYSTEMPATH/Boot.php(325): CodeIgniter\CodeIgniter->run()
 8 SYSTEMPATH/Boot.php(67): CodeIgniter\Boot::runCodeIgniter(Object(CodeIgniter\CodeIgniter))
 9 FCPATH/index.php(56): CodeIgniter\Boot::bootWeb(Object(Config\Paths))
10 SYSTEMPATH/rewrite.php(44): require_once('/home/etudiant/dk220581/CodeIgniter/SGT/public/index.php')
WARNING - 2024-11-25 08:15:25 --> [DEPRECATED] Passing lowercase HTTP method "post" is deprecated. Use uppercase HTTP method like "POST". in SYSTEMPATH/Router/RouteCollection.php on line 1027.
 1 SYSTEMPATH/Router/RouteCollection.php(1027): trigger_error('Passing lowercase HTTP method "post" is deprecated. Use uppercase HTTP method like "POST".', 16384)
 2 APPPATH/Config/Routes.php(12): CodeIgniter\Router\RouteCollection->match([...], 'signin/auth', 'Utilisateur/SigninController::loginAuth')
 3 SYSTEMPATH/Router/RouteCollection.php(340): require('/home/etudiant/dk220581/CodeIgniter/SGT/app/Config/Routes.php')
 4 SYSTEMPATH/CodeIgniter.php(823): CodeIgniter\Router\RouteCollection->loadRoutes()
 5 SYSTEMPATH/CodeIgniter.php(457): CodeIgniter\CodeIgniter->tryToRouteIt(null)
 6 SYSTEMPATH/CodeIgniter.php(355): CodeIgniter\CodeIgniter->handleRequest(null, Object(Config\Cache), false)
 7 SYSTEMPATH/Boot.php(325): CodeIgniter\CodeIgniter->run()
 8 SYSTEMPATH/Boot.php(67): CodeIgniter\Boot::runCodeIgniter(Object(CodeIgniter\CodeIgniter))
 9 FCPATH/index.php(56): CodeIgniter\Boot::bootWeb(Object(Config\Paths))
10 SYSTEMPATH/rewrite.php(44): require_once('/home/etudiant/dk220581/CodeIgniter/SGT/public/index.php')
WARNING - 2024-11-25 08:15:25 --> [DEPRECATED] Passing lowercase HTTP method "get" is deprecated. Use uppercase HTTP method like "GET". in SYSTEMPATH/Router/RouteCollection.php on line 1027.
 1 SYSTEMPATH/Router/RouteCollection.php(1027): trigger_error('Passing lowercase HTTP method "get" is deprecated. Use uppercase HTTP method like "GET".', 16384)
 2 APPPATH/Config/Routes.php(16): CodeIgniter\Router\RouteCollection->match([...], 'signup/store', 'Utilisateur\\SignupController::store')
 3 SYSTEMPATH/Router/RouteCollection.php(340): require('/home/etudiant/dk220581/CodeIgniter/SGT/app/Config/Routes.php')
 4 SYSTEMPATH/CodeIgniter.php(823): CodeIgniter\Router\RouteCollection->loadRoutes()
 5 SYSTEMPATH/CodeIgniter.php(457): CodeIgniter\CodeIgniter->tryToRouteIt(null)
 6 SYSTEMPATH/CodeIgniter.php(355): CodeIgniter\CodeIgniter->handleRequest(null, Object(Config\Cache), false)
 7 SYSTEMPATH/Boot.php(325): CodeIgniter\CodeIgniter->run()
 8 SYSTEMPATH/Boot.php(67): CodeIgniter\Boot::runCodeIgniter(Object(CodeIgniter\CodeIgniter))
 9 FCPATH/index.php(56): CodeIgniter\Boot::bootWeb(Object(Config\Paths))
10 SYSTEMPATH/rewrite.php(44): require_once('/home/etudiant/dk220581/CodeIgniter/SGT/public/index.php')
WARNING - 2024-11-25 08:15:25 --> [DEPRECATED] Passing lowercase HTTP method "post" is deprecated. Use uppercase HTTP method like "POST". in SYSTEMPATH/Router/RouteCollection.php on line 1027.
 1 SYSTEMPATH/Router/RouteCollection.php(1027): trigger_error('Passing lowercase HTTP method "post" is deprecated. Use uppercase HTTP method like "POST".', 16384)
 2 APPPATH/Config/Routes.php(16): CodeIgniter\Router\RouteCollection->match([...], 'signup/store', 'Utilisateur\\SignupController::store')
 3 SYSTEMPATH/Router/RouteCollection.php(340): require('/home/etudiant/dk220581/CodeIgniter/SGT/app/Config/Routes.php')
 4 SYSTEMPATH/CodeIgniter.php(823): CodeIgniter\Router\RouteCollection->loadRoutes()
 5 SYSTEMPATH/CodeIgniter.php(457): CodeIgniter\CodeIgniter->tryToRouteIt(null)
 6 SYSTEMPATH/CodeIgniter.php(355): CodeIgniter\CodeIgniter->handleRequest(null, Object(Config\Cache), false)
 7 SYSTEMPATH/Boot.php(325): CodeIgniter\CodeIgniter->run()
 8 SYSTEMPATH/Boot.php(67): CodeIgniter\Boot::runCodeIgniter(Object(CodeIgniter\CodeIgniter))
 9 FCPATH/index.php(56): CodeIgniter\Boot::bootWeb(Object(Config\Paths))
10 SYSTEMPATH/rewrite.php(44): require_once('/home/etudiant/dk220581/CodeIgniter/SGT/public/index.php')
CRITICAL - 2024-11-25 08:15:25 --> CodeIgniter\Router\Exceptions\RouterException: The namespace delimiter is a backslash (\), not a slash (/). Route handler: "\App\Controllers\Utilisateur/SigninController::index"
[Method: GET, Route: /]
in SYSTEMPATH/Router/Router.php on line 492.
 1 SYSTEMPATH/Router/Router.php(492): CodeIgniter\Router\Exceptions\RouterException::forInvalidControllerName()
 2 SYSTEMPATH/Router/Router.php(210): CodeIgniter\Router\Router->checkRoutes()
 3 SYSTEMPATH/CodeIgniter.php(834): CodeIgniter\Router\Router->handle()
 4 SYSTEMPATH/CodeIgniter.php(457): CodeIgniter\CodeIgniter->tryToRouteIt()
 5 SYSTEMPATH/CodeIgniter.php(355): CodeIgniter\CodeIgniter->handleRequest()
 6 SYSTEMPATH/Boot.php(325): CodeIgniter\CodeIgniter->run()
 7 SYSTEMPATH/Boot.php(67): CodeIgniter\Boot::runCodeIgniter()
 8 FCPATH/index.php(56): CodeIgniter\Boot::bootWeb()
 9 SYSTEMPATH/rewrite.php(44): require_once('/home/etudiant/dk220581/CodeIgniter/SGT/public/index.php')
WARNING - 2024-11-25 08:15:25 --> [DEPRECATED] Passing lowercase HTTP method "get" is deprecated. Use uppercase HTTP method like "GET". in SYSTEMPATH/Router/RouteCollection.php on line 1027.
 1 SYSTEMPATH/Router/RouteCollection.php(1027): trigger_error('Passing lowercase HTTP method "get" is deprecated. Use uppercase HTTP method like "GET".', 16384)
 2 APPPATH/Config/Routes.php(12): CodeIgniter\Router\RouteCollection->match([...], 'signin/auth', 'Utilisateur/SigninController::loginAuth')
 3 SYSTEMPATH/Router/RouteCollection.php(340): require('/home/etudiant/dk220581/CodeIgniter/SGT/app/Config/Routes.php')
 4 SYSTEMPATH/CodeIgniter.php(823): CodeIgniter\Router\RouteCollection->loadRoutes()
 5 SYSTEMPATH/CodeIgniter.php(457): CodeIgniter\CodeIgniter->tryToRouteIt(null)
 6 SYSTEMPATH/CodeIgniter.php(355): CodeIgniter\CodeIgniter->handleRequest(null, Object(Config\Cache), false)
 7 SYSTEMPATH/Boot.php(325): CodeIgniter\CodeIgniter->run()
 8 SYSTEMPATH/Boot.php(67): CodeIgniter\Boot::runCodeIgniter(Object(CodeIgniter\CodeIgniter))
 9 FCPATH/index.php(56): CodeIgniter\Boot::bootWeb(Object(Config\Paths))
10 SYSTEMPATH/rewrite.php(44): require_once('/home/etudiant/dk220581/CodeIgniter/SGT/public/index.php')
WARNING - 2024-11-25 08:15:25 --> [DEPRECATED] Passing lowercase HTTP method "post" is deprecated. Use uppercase HTTP method like "POST". in SYSTEMPATH/Router/RouteCollection.php on line 1027.
 1 SYSTEMPATH/Router/RouteCollection.php(1027): trigger_error('Passing lowercase HTTP method "post" is deprecated. Use uppercase HTTP method like "POST".', 16384)
 2 APPPATH/Config/Routes.php(12): CodeIgniter\Router\RouteCollection->match([...], 'signin/auth', 'Utilisateur/SigninController::loginAuth')
 3 SYSTEMPATH/Router/RouteCollection.php(340): require('/home/etudiant/dk220581/CodeIgniter/SGT/app/Config/Routes.php')
 4 SYSTEMPATH/CodeIgniter.php(823): CodeIgniter\Router\RouteCollection->loadRoutes()
 5 SYSTEMPATH/CodeIgniter.php(457): CodeIgniter\CodeIgniter->tryToRouteIt(null)
 6 SYSTEMPATH/CodeIgniter.php(355): CodeIgniter\CodeIgniter->handleRequest(null, Object(Config\Cache), false)
 7 SYSTEMPATH/Boot.php(325): CodeIgniter\CodeIgniter->run()
 8 SYSTEMPATH/Boot.php(67): CodeIgniter\Boot::runCodeIgniter(Object(CodeIgniter\CodeIgniter))
 9 FCPATH/index.php(56): CodeIgniter\Boot::bootWeb(Object(Config\Paths))
10 SYSTEMPATH/rewrite.php(44): require_once('/home/etudiant/dk220581/CodeIgniter/SGT/public/index.php')
WARNING - 2024-11-25 08:15:25 --> [DEPRECATED] Passing lowercase HTTP method "get" is deprecated. Use uppercase HTTP method like "GET". in SYSTEMPATH/Router/RouteCollection.php on line 1027.
 1 SYSTEMPATH/Router/RouteCollection.php(1027): trigger_error('Passing lowercase HTTP method "get" is deprecated. Use uppercase HTTP method like "GET".', 16384)
 2 APPPATH/Config/Routes.php(16): CodeIgniter\Router\RouteCollection->match([...], 'signup/store', 'Utilisateur\\SignupController::store')
 3 SYSTEMPATH/Router/RouteCollection.php(340): require('/home/etudiant/dk220581/CodeIgniter/SGT/app/Config/Routes.php')
 4 SYSTEMPATH/CodeIgniter.php(823): CodeIgniter\Router\RouteCollection->loadRoutes()
 5 SYSTEMPATH/CodeIgniter.php(457): CodeIgniter\CodeIgniter->tryToRouteIt(null)
 6 SYSTEMPATH/CodeIgniter.php(355): CodeIgniter\CodeIgniter->handleRequest(null, Object(Config\Cache), false)
 7 SYSTEMPATH/Boot.php(325): CodeIgniter\CodeIgniter->run()
 8 SYSTEMPATH/Boot.php(67): CodeIgniter\Boot::runCodeIgniter(Object(CodeIgniter\CodeIgniter))
 9 FCPATH/index.php(56): CodeIgniter\Boot::bootWeb(Object(Config\Paths))
10 SYSTEMPATH/rewrite.php(44): require_once('/home/etudiant/dk220581/CodeIgniter/SGT/public/index.php')
WARNING - 2024-11-25 08:15:25 --> [DEPRECATED] Passing lowercase HTTP method "post" is deprecated. Use uppercase HTTP method like "POST". in SYSTEMPATH/Router/RouteCollection.php on line 1027.
 1 SYSTEMPATH/Router/RouteCollection.php(1027): trigger_error('Passing lowercase HTTP method "post" is deprecated. Use uppercase HTTP method like "POST".', 16384)
 2 APPPATH/Config/Routes.php(16): CodeIgniter\Router\RouteCollection->match([...], 'signup/store', 'Utilisateur\\SignupController::store')
 3 SYSTEMPATH/Router/RouteCollection.php(340): require('/home/etudiant/dk220581/CodeIgniter/SGT/app/Config/Routes.php')
 4 SYSTEMPATH/CodeIgniter.php(823): CodeIgniter\Router\RouteCollection->loadRoutes()
 5 SYSTEMPATH/CodeIgniter.php(457): CodeIgniter\CodeIgniter->tryToRouteIt(null)
 6 SYSTEMPATH/CodeIgniter.php(355): CodeIgniter\CodeIgniter->handleRequest(null, Object(Config\Cache), false)
 7 SYSTEMPATH/Boot.php(325): CodeIgniter\CodeIgniter->run()
 8 SYSTEMPATH/Boot.php(67): CodeIgniter\Boot::runCodeIgniter(Object(CodeIgniter\CodeIgniter))
 9 FCPATH/index.php(56): CodeIgniter\Boot::bootWeb(Object(Config\Paths))
10 SYSTEMPATH/rewrite.php(44): require_once('/home/etudiant/dk220581/CodeIgniter/SGT/public/index.php')
CRITICAL - 2024-11-25 08:15:25 --> CodeIgniter\Router\Exceptions\RouterException: The namespace delimiter is a backslash (\), not a slash (/). Route handler: "\App\Controllers\Utilisateur/SigninController::index"
[Method: GET, Route: /]
in SYSTEMPATH/Router/Router.php on line 492.
 1 SYSTEMPATH/Router/Router.php(492): CodeIgniter\Router\Exceptions\RouterException::forInvalidControllerName()
 2 SYSTEMPATH/Router/Router.php(210): CodeIgniter\Router\Router->checkRoutes()
 3 SYSTEMPATH/CodeIgniter.php(834): CodeIgniter\Router\Router->handle()
 4 SYSTEMPATH/CodeIgniter.php(457): CodeIgniter\CodeIgniter->tryToRouteIt()
 5 SYSTEMPATH/CodeIgniter.php(355): CodeIgniter\CodeIgniter->handleRequest()
 6 SYSTEMPATH/Boot.php(325): CodeIgniter\CodeIgniter->run()
 7 SYSTEMPATH/Boot.php(67): CodeIgniter\Boot::runCodeIgniter()
 8 FCPATH/index.php(56): CodeIgniter\Boot::bootWeb()
 9 SYSTEMPATH/rewrite.php(44): require_once('/home/etudiant/dk220581/CodeIgniter/SGT/public/index.php')
WARNING - 2024-11-25 08:15:25 --> [DEPRECATED] Passing lowercase HTTP method "get" is deprecated. Use uppercase HTTP method like "GET". in SYSTEMPATH/Router/RouteCollection.php on line 1027.
 1 SYSTEMPATH/Router/RouteCollection.php(1027): trigger_error('Passing lowercase HTTP method "get" is deprecated. Use uppercase HTTP method like "GET".', 16384)
 2 APPPATH/Config/Routes.php(12): CodeIgniter\Router\RouteCollection->match([...], 'signin/auth', 'Utilisateur/SigninController::loginAuth')
 3 SYSTEMPATH/Router/RouteCollection.php(340): require('/home/etudiant/dk220581/CodeIgniter/SGT/app/Config/Routes.php')
 4 SYSTEMPATH/CodeIgniter.php(823): CodeIgniter\Router\RouteCollection->loadRoutes()
 5 SYSTEMPATH/CodeIgniter.php(457): CodeIgniter\CodeIgniter->tryToRouteIt(null)
 6 SYSTEMPATH/CodeIgniter.php(355): CodeIgniter\CodeIgniter->handleRequest(null, Object(Config\Cache), false)
 7 SYSTEMPATH/Boot.php(325): CodeIgniter\CodeIgniter->run()
 8 SYSTEMPATH/Boot.php(67): CodeIgniter\Boot::runCodeIgniter(Object(CodeIgniter\CodeIgniter))
 9 FCPATH/index.php(56): CodeIgniter\Boot::bootWeb(Object(Config\Paths))
10 SYSTEMPATH/rewrite.php(44): require_once('/home/etudiant/dk220581/CodeIgniter/SGT/public/index.php')
WARNING - 2024-11-25 08:15:25 --> [DEPRECATED] Passing lowercase HTTP method "post" is deprecated. Use uppercase HTTP method like "POST". in SYSTEMPATH/Router/RouteCollection.php on line 1027.
 1 SYSTEMPATH/Router/RouteCollection.php(1027): trigger_error('Passing lowercase HTTP method "post" is deprecated. Use uppercase HTTP method like "POST".', 16384)
 2 APPPATH/Config/Routes.php(12): CodeIgniter\Router\RouteCollection->match([...], 'signin/auth', 'Utilisateur/SigninController::loginAuth')
 3 SYSTEMPATH/Router/RouteCollection.php(340): require('/home/etudiant/dk220581/CodeIgniter/SGT/app/Config/Routes.php')
 4 SYSTEMPATH/CodeIgniter.php(823): CodeIgniter\Router\RouteCollection->loadRoutes()
 5 SYSTEMPATH/CodeIgniter.php(457): CodeIgniter\CodeIgniter->tryToRouteIt(null)
 6 SYSTEMPATH/CodeIgniter.php(355): CodeIgniter\CodeIgniter->handleRequest(null, Object(Config\Cache), false)
 7 SYSTEMPATH/Boot.php(325): CodeIgniter\CodeIgniter->run()
 8 SYSTEMPATH/Boot.php(67): CodeIgniter\Boot::runCodeIgniter(Object(CodeIgniter\CodeIgniter))
 9 FCPATH/index.php(56): CodeIgniter\Boot::bootWeb(Object(Config\Paths))
10 SYSTEMPATH/rewrite.php(44): require_once('/home/etudiant/dk220581/CodeIgniter/SGT/public/index.php')
WARNING - 2024-11-25 08:15:25 --> [DEPRECATED] Passing lowercase HTTP method "get" is deprecated. Use uppercase HTTP method like "GET". in SYSTEMPATH/Router/RouteCollection.php on line 1027.
 1 SYSTEMPATH/Router/RouteCollection.php(1027): trigger_error('Passing lowercase HTTP method "get" is deprecated. Use uppercase HTTP method like "GET".', 16384)
 2 APPPATH/Config/Routes.php(16): CodeIgniter\Router\RouteCollection->match([...], 'signup/store', 'Utilisateur\\SignupController::store')
 3 SYSTEMPATH/Router/RouteCollection.php(340): require('/home/etudiant/dk220581/CodeIgniter/SGT/app/Config/Routes.php')
 4 SYSTEMPATH/CodeIgniter.php(823): CodeIgniter\Router\RouteCollection->loadRoutes()
 5 SYSTEMPATH/CodeIgniter.php(457): CodeIgniter\CodeIgniter->tryToRouteIt(null)
 6 SYSTEMPATH/CodeIgniter.php(355): CodeIgniter\CodeIgniter->handleRequest(null, Object(Config\Cache), false)
 7 SYSTEMPATH/Boot.php(325): CodeIgniter\CodeIgniter->run()
 8 SYSTEMPATH/Boot.php(67): CodeIgniter\Boot::runCodeIgniter(Object(CodeIgniter\CodeIgniter))
 9 FCPATH/index.php(56): CodeIgniter\Boot::bootWeb(Object(Config\Paths))
10 SYSTEMPATH/rewrite.php(44): require_once('/home/etudiant/dk220581/CodeIgniter/SGT/public/index.php')
WARNING - 2024-11-25 08:15:25 --> [DEPRECATED] Passing lowercase HTTP method "post" is deprecated. Use uppercase HTTP method like "POST". in SYSTEMPATH/Router/RouteCollection.php on line 1027.
 1 SYSTEMPATH/Router/RouteCollection.php(1027): trigger_error('Passing lowercase HTTP method "post" is deprecated. Use uppercase HTTP method like "POST".', 16384)
 2 APPPATH/Config/Routes.php(16): CodeIgniter\Router\RouteCollection->match([...], 'signup/store', 'Utilisateur\\SignupController::store')
 3 SYSTEMPATH/Router/RouteCollection.php(340): require('/home/etudiant/dk220581/CodeIgniter/SGT/app/Config/Routes.php')
 4 SYSTEMPATH/CodeIgniter.php(823): CodeIgniter\Router\RouteCollection->loadRoutes()
 5 SYSTEMPATH/CodeIgniter.php(457): CodeIgniter\CodeIgniter->tryToRouteIt(null)
 6 SYSTEMPATH/CodeIgniter.php(355): CodeIgniter\CodeIgniter->handleRequest(null, Object(Config\Cache), false)
 7 SYSTEMPATH/Boot.php(325): CodeIgniter\CodeIgniter->run()
 8 SYSTEMPATH/Boot.php(67): CodeIgniter\Boot::runCodeIgniter(Object(CodeIgniter\CodeIgniter))
 9 FCPATH/index.php(56): CodeIgniter\Boot::bootWeb(Object(Config\Paths))
10 SYSTEMPATH/rewrite.php(44): require_once('/home/etudiant/dk220581/CodeIgniter/SGT/public/index.php')
CRITICAL - 2024-11-25 08:15:25 --> CodeIgniter\Router\Exceptions\RouterException: The namespace delimiter is a backslash (\), not a slash (/). Route handler: "\App\Controllers\Utilisateur/SigninController::index"
[Method: GET, Route: /]
in SYSTEMPATH/Router/Router.php on line 492.
 1 SYSTEMPATH/Router/Router.php(492): CodeIgniter\Router\Exceptions\RouterException::forInvalidControllerName()
 2 SYSTEMPATH/Router/Router.php(210): CodeIgniter\Router\Router->checkRoutes()
 3 SYSTEMPATH/CodeIgniter.php(834): CodeIgniter\Router\Router->handle()
 4 SYSTEMPATH/CodeIgniter.php(457): CodeIgniter\CodeIgniter->tryToRouteIt()
 5 SYSTEMPATH/CodeIgniter.php(355): CodeIgniter\CodeIgniter->handleRequest()
 6 SYSTEMPATH/Boot.php(325): CodeIgniter\CodeIgniter->run()
 7 SYSTEMPATH/Boot.php(67): CodeIgniter\Boot::runCodeIgniter()
 8 FCPATH/index.php(56): CodeIgniter\Boot::bootWeb()
 9 SYSTEMPATH/rewrite.php(44): require_once('/home/etudiant/dk220581/CodeIgniter/SGT/public/index.php')
WARNING - 2024-11-25 08:15:36 --> [DEPRECATED] Passing lowercase HTTP method "get" is deprecated. Use uppercase HTTP method like "GET". in SYSTEMPATH/Router/RouteCollection.php on line 1027.
 1 SYSTEMPATH/Router/RouteCollection.php(1027): trigger_error('Passing lowercase HTTP method "get" is deprecated. Use uppercase HTTP method like "GET".', 16384)
 2 APPPATH/Config/Routes.php(12): CodeIgniter\Router\RouteCollection->match([...], 'signin/auth', 'Utilisateur/SigninController::loginAuth')
 3 SYSTEMPATH/Router/RouteCollection.php(340): require('/home/etudiant/dk220581/CodeIgniter/SGT/app/Config/Routes.php')
 4 SYSTEMPATH/CodeIgniter.php(823): CodeIgniter\Router\RouteCollection->loadRoutes()
 5 SYSTEMPATH/CodeIgniter.php(457): CodeIgniter\CodeIgniter->tryToRouteIt(null)
 6 SYSTEMPATH/CodeIgniter.php(355): CodeIgniter\CodeIgniter->handleRequest(null, Object(Config\Cache), false)
 7 SYSTEMPATH/Boot.php(325): CodeIgniter\CodeIgniter->run()
 8 SYSTEMPATH/Boot.php(67): CodeIgniter\Boot::runCodeIgniter(Object(CodeIgniter\CodeIgniter))
 9 FCPATH/index.php(56): CodeIgniter\Boot::bootWeb(Object(Config\Paths))
10 SYSTEMPATH/rewrite.php(44): require_once('/home/etudiant/dk220581/CodeIgniter/SGT/public/index.php')
WARNING - 2024-11-25 08:15:36 --> [DEPRECATED] Passing lowercase HTTP method "post" is deprecated. Use uppercase HTTP method like "POST". in SYSTEMPATH/Router/RouteCollection.php on line 1027.
 1 SYSTEMPATH/Router/RouteCollection.php(1027): trigger_error('Passing lowercase HTTP method "post" is deprecated. Use uppercase HTTP method like "POST".', 16384)
 2 APPPATH/Config/Routes.php(12): CodeIgniter\Router\RouteCollection->match([...], 'signin/auth', 'Utilisateur/SigninController::loginAuth')
 3 SYSTEMPATH/Router/RouteCollection.php(340): require('/home/etudiant/dk220581/CodeIgniter/SGT/app/Config/Routes.php')
 4 SYSTEMPATH/CodeIgniter.php(823): CodeIgniter\Router\RouteCollection->loadRoutes()
 5 SYSTEMPATH/CodeIgniter.php(457): CodeIgniter\CodeIgniter->tryToRouteIt(null)
 6 SYSTEMPATH/CodeIgniter.php(355): CodeIgniter\CodeIgniter->handleRequest(null, Object(Config\Cache), false)
 7 SYSTEMPATH/Boot.php(325): CodeIgniter\CodeIgniter->run()
 8 SYSTEMPATH/Boot.php(67): CodeIgniter\Boot::runCodeIgniter(Object(CodeIgniter\CodeIgniter))
 9 FCPATH/index.php(56): CodeIgniter\Boot::bootWeb(Object(Config\Paths))
10 SYSTEMPATH/rewrite.php(44): require_once('/home/etudiant/dk220581/CodeIgniter/SGT/public/index.php')
WARNING - 2024-11-25 08:15:36 --> [DEPRECATED] Passing lowercase HTTP method "get" is deprecated. Use uppercase HTTP method like "GET". in SYSTEMPATH/Router/RouteCollection.php on line 1027.
 1 SYSTEMPATH/Router/RouteCollection.php(1027): trigger_error('Passing lowercase HTTP method "get" is deprecated. Use uppercase HTTP method like "GET".', 16384)
 2 APPPATH/Config/Routes.php(16): CodeIgniter\Router\RouteCollection->match([...], 'signup/store', 'Utilisateur\\SignupController::store')
 3 SYSTEMPATH/Router/RouteCollection.php(340): require('/home/etudiant/dk220581/CodeIgniter/SGT/app/Config/Routes.php')
 4 SYSTEMPATH/CodeIgniter.php(823): CodeIgniter\Router\RouteCollection->loadRoutes()
 5 SYSTEMPATH/CodeIgniter.php(457): CodeIgniter\CodeIgniter->tryToRouteIt(null)
 6 SYSTEMPATH/CodeIgniter.php(355): CodeIgniter\CodeIgniter->handleRequest(null, Object(Config\Cache), false)
 7 SYSTEMPATH/Boot.php(325): CodeIgniter\CodeIgniter->run()
 8 SYSTEMPATH/Boot.php(67): CodeIgniter\Boot::runCodeIgniter(Object(CodeIgniter\CodeIgniter))
 9 FCPATH/index.php(56): CodeIgniter\Boot::bootWeb(Object(Config\Paths))
10 SYSTEMPATH/rewrite.php(44): require_once('/home/etudiant/dk220581/CodeIgniter/SGT/public/index.php')
WARNING - 2024-11-25 08:15:36 --> [DEPRECATED] Passing lowercase HTTP method "post" is deprecated. Use uppercase HTTP method like "POST". in SYSTEMPATH/Router/RouteCollection.php on line 1027.
 1 SYSTEMPATH/Router/RouteCollection.php(1027): trigger_error('Passing lowercase HTTP method "post" is deprecated. Use uppercase HTTP method like "POST".', 16384)
 2 APPPATH/Config/Routes.php(16): CodeIgniter\Router\RouteCollection->match([...], 'signup/store', 'Utilisateur\\SignupController::store')
 3 SYSTEMPATH/Router/RouteCollection.php(340): require('/home/etudiant/dk220581/CodeIgniter/SGT/app/Config/Routes.php')
 4 SYSTEMPATH/CodeIgniter.php(823): CodeIgniter\Router\RouteCollection->loadRoutes()
 5 SYSTEMPATH/CodeIgniter.php(457): CodeIgniter\CodeIgniter->tryToRouteIt(null)
 6 SYSTEMPATH/CodeIgniter.php(355): CodeIgniter\CodeIgniter->handleRequest(null, Object(Config\Cache), false)
 7 SYSTEMPATH/Boot.php(325): CodeIgniter\CodeIgniter->run()
 8 SYSTEMPATH/Boot.php(67): CodeIgniter\Boot::runCodeIgniter(Object(CodeIgniter\CodeIgniter))
 9 FCPATH/index.php(56): CodeIgniter\Boot::bootWeb(Object(Config\Paths))
10 SYSTEMPATH/rewrite.php(44): require_once('/home/etudiant/dk220581/CodeIgniter/SGT/public/index.php')
CRITICAL - 2024-11-25 08:15:36 --> CodeIgniter\Router\Exceptions\RouterException: The namespace delimiter is a backslash (\), not a slash (/). Route handler: "\App\Controllers\Utilisateur/SigninController::index"
[Method: GET, Route: /]
in SYSTEMPATH/Router/Router.php on line 492.
 1 SYSTEMPATH/Router/Router.php(492): CodeIgniter\Router\Exceptions\RouterException::forInvalidControllerName()
 2 SYSTEMPATH/Router/Router.php(210): CodeIgniter\Router\Router->checkRoutes()
 3 SYSTEMPATH/CodeIgniter.php(834): CodeIgniter\Router\Router->handle()
 4 SYSTEMPATH/CodeIgniter.php(457): CodeIgniter\CodeIgniter->tryToRouteIt()
 5 SYSTEMPATH/CodeIgniter.php(355): CodeIgniter\CodeIgniter->handleRequest()
 6 SYSTEMPATH/Boot.php(325): CodeIgniter\CodeIgniter->run()
 7 SYSTEMPATH/Boot.php(67): CodeIgniter\Boot::runCodeIgniter()
 8 FCPATH/index.php(56): CodeIgniter\Boot::bootWeb()
 9 SYSTEMPATH/rewrite.php(44): require_once('/home/etudiant/dk220581/CodeIgniter/SGT/public/index.php')
WARNING - 2024-11-25 08:15:37 --> [DEPRECATED] Passing lowercase HTTP method "get" is deprecated. Use uppercase HTTP method like "GET". in SYSTEMPATH/Router/RouteCollection.php on line 1027.
 1 SYSTEMPATH/Router/RouteCollection.php(1027): trigger_error('Passing lowercase HTTP method "get" is deprecated. Use uppercase HTTP method like "GET".', 16384)
 2 APPPATH/Config/Routes.php(12): CodeIgniter\Router\RouteCollection->match([...], 'signin/auth', 'Utilisateur/SigninController::loginAuth')
 3 SYSTEMPATH/Router/RouteCollection.php(340): require('/home/etudiant/dk220581/CodeIgniter/SGT/app/Config/Routes.php')
 4 SYSTEMPATH/CodeIgniter.php(823): CodeIgniter\Router\RouteCollection->loadRoutes()
 5 SYSTEMPATH/CodeIgniter.php(457): CodeIgniter\CodeIgniter->tryToRouteIt(null)
 6 SYSTEMPATH/CodeIgniter.php(355): CodeIgniter\CodeIgniter->handleRequest(null, Object(Config\Cache), false)
 7 SYSTEMPATH/Boot.php(325): CodeIgniter\CodeIgniter->run()
 8 SYSTEMPATH/Boot.php(67): CodeIgniter\Boot::runCodeIgniter(Object(CodeIgniter\CodeIgniter))
 9 FCPATH/index.php(56): CodeIgniter\Boot::bootWeb(Object(Config\Paths))
10 SYSTEMPATH/rewrite.php(44): require_once('/home/etudiant/dk220581/CodeIgniter/SGT/public/index.php')
WARNING - 2024-11-25 08:15:37 --> [DEPRECATED] Passing lowercase HTTP method "post" is deprecated. Use uppercase HTTP method like "POST". in SYSTEMPATH/Router/RouteCollection.php on line 1027.
 1 SYSTEMPATH/Router/RouteCollection.php(1027): trigger_error('Passing lowercase HTTP method "post" is deprecated. Use uppercase HTTP method like "POST".', 16384)
 2 APPPATH/Config/Routes.php(12): CodeIgniter\Router\RouteCollection->match([...], 'signin/auth', 'Utilisateur/SigninController::loginAuth')
 3 SYSTEMPATH/Router/RouteCollection.php(340): require('/home/etudiant/dk220581/CodeIgniter/SGT/app/Config/Routes.php')
 4 SYSTEMPATH/CodeIgniter.php(823): CodeIgniter\Router\RouteCollection->loadRoutes()
 5 SYSTEMPATH/CodeIgniter.php(457): CodeIgniter\CodeIgniter->tryToRouteIt(null)
 6 SYSTEMPATH/CodeIgniter.php(355): CodeIgniter\CodeIgniter->handleRequest(null, Object(Config\Cache), false)
 7 SYSTEMPATH/Boot.php(325): CodeIgniter\CodeIgniter->run()
 8 SYSTEMPATH/Boot.php(67): CodeIgniter\Boot::runCodeIgniter(Object(CodeIgniter\CodeIgniter))
 9 FCPATH/index.php(56): CodeIgniter\Boot::bootWeb(Object(Config\Paths))
10 SYSTEMPATH/rewrite.php(44): require_once('/home/etudiant/dk220581/CodeIgniter/SGT/public/index.php')
WARNING - 2024-11-25 08:15:37 --> [DEPRECATED] Passing lowercase HTTP method "get" is deprecated. Use uppercase HTTP method like "GET". in SYSTEMPATH/Router/RouteCollection.php on line 1027.
 1 SYSTEMPATH/Router/RouteCollection.php(1027): trigger_error('Passing lowercase HTTP method "get" is deprecated. Use uppercase HTTP method like "GET".', 16384)
 2 APPPATH/Config/Routes.php(16): CodeIgniter\Router\RouteCollection->match([...], 'signup/store', 'Utilisateur\\SignupController::store')
 3 SYSTEMPATH/Router/RouteCollection.php(340): require('/home/etudiant/dk220581/CodeIgniter/SGT/app/Config/Routes.php')
 4 SYSTEMPATH/CodeIgniter.php(823): CodeIgniter\Router\RouteCollection->loadRoutes()
 5 SYSTEMPATH/CodeIgniter.php(457): CodeIgniter\CodeIgniter->tryToRouteIt(null)
 6 SYSTEMPATH/CodeIgniter.php(355): CodeIgniter\CodeIgniter->handleRequest(null, Object(Config\Cache), false)
 7 SYSTEMPATH/Boot.php(325): CodeIgniter\CodeIgniter->run()
 8 SYSTEMPATH/Boot.php(67): CodeIgniter\Boot::runCodeIgniter(Object(CodeIgniter\CodeIgniter))
 9 FCPATH/index.php(56): CodeIgniter\Boot::bootWeb(Object(Config\Paths))
10 SYSTEMPATH/rewrite.php(44): require_once('/home/etudiant/dk220581/CodeIgniter/SGT/public/index.php')
WARNING - 2024-11-25 08:15:37 --> [DEPRECATED] Passing lowercase HTTP method "post" is deprecated. Use uppercase HTTP method like "POST". in SYSTEMPATH/Router/RouteCollection.php on line 1027.
 1 SYSTEMPATH/Router/RouteCollection.php(1027): trigger_error('Passing lowercase HTTP method "post" is deprecated. Use uppercase HTTP method like "POST".', 16384)
 2 APPPATH/Config/Routes.php(16): CodeIgniter\Router\RouteCollection->match([...], 'signup/store', 'Utilisateur\\SignupController::store')
 3 SYSTEMPATH/Router/RouteCollection.php(340): require('/home/etudiant/dk220581/CodeIgniter/SGT/app/Config/Routes.php')
 4 SYSTEMPATH/CodeIgniter.php(823): CodeIgniter\Router\RouteCollection->loadRoutes()
 5 SYSTEMPATH/CodeIgniter.php(457): CodeIgniter\CodeIgniter->tryToRouteIt(null)
 6 SYSTEMPATH/CodeIgniter.php(355): CodeIgniter\CodeIgniter->handleRequest(null, Object(Config\Cache), false)
 7 SYSTEMPATH/Boot.php(325): CodeIgniter\CodeIgniter->run()
 8 SYSTEMPATH/Boot.php(67): CodeIgniter\Boot::runCodeIgniter(Object(CodeIgniter\CodeIgniter))
 9 FCPATH/index.php(56): CodeIgniter\Boot::bootWeb(Object(Config\Paths))
10 SYSTEMPATH/rewrite.php(44): require_once('/home/etudiant/dk220581/CodeIgniter/SGT/public/index.php')
CRITICAL - 2024-11-25 08:15:37 --> CodeIgniter\Router\Exceptions\RouterException: The namespace delimiter is a backslash (\), not a slash (/). Route handler: "\App\Controllers\Utilisateur/SigninController::index"
[Method: GET, Route: /]
in SYSTEMPATH/Router/Router.php on line 492.
 1 SYSTEMPATH/Router/Router.php(492): CodeIgniter\Router\Exceptions\RouterException::forInvalidControllerName()
 2 SYSTEMPATH/Router/Router.php(210): CodeIgniter\Router\Router->checkRoutes()
 3 SYSTEMPATH/CodeIgniter.php(834): CodeIgniter\Router\Router->handle()
 4 SYSTEMPATH/CodeIgniter.php(457): CodeIgniter\CodeIgniter->tryToRouteIt()
 5 SYSTEMPATH/CodeIgniter.php(355): CodeIgniter\CodeIgniter->handleRequest()
 6 SYSTEMPATH/Boot.php(325): CodeIgniter\CodeIgniter->run()
 7 SYSTEMPATH/Boot.php(67): CodeIgniter\Boot::runCodeIgniter()
 8 FCPATH/index.php(56): CodeIgniter\Boot::bootWeb()
 9 SYSTEMPATH/rewrite.php(44): require_once('/home/etudiant/dk220581/CodeIgniter/SGT/public/index.php')
WARNING - 2024-11-25 08:15:37 --> [DEPRECATED] Passing lowercase HTTP method "get" is deprecated. Use uppercase HTTP method like "GET". in SYSTEMPATH/Router/RouteCollection.php on line 1027.
 1 SYSTEMPATH/Router/RouteCollection.php(1027): trigger_error('Passing lowercase HTTP method "get" is deprecated. Use uppercase HTTP method like "GET".', 16384)
 2 APPPATH/Config/Routes.php(12): CodeIgniter\Router\RouteCollection->match([...], 'signin/auth', 'Utilisateur/SigninController::loginAuth')
 3 SYSTEMPATH/Router/RouteCollection.php(340): require('/home/etudiant/dk220581/CodeIgniter/SGT/app/Config/Routes.php')
 4 SYSTEMPATH/CodeIgniter.php(823): CodeIgniter\Router\RouteCollection->loadRoutes()
 5 SYSTEMPATH/CodeIgniter.php(457): CodeIgniter\CodeIgniter->tryToRouteIt(null)
 6 SYSTEMPATH/CodeIgniter.php(355): CodeIgniter\CodeIgniter->handleRequest(null, Object(Config\Cache), false)
 7 SYSTEMPATH/Boot.php(325): CodeIgniter\CodeIgniter->run()
 8 SYSTEMPATH/Boot.php(67): CodeIgniter\Boot::runCodeIgniter(Object(CodeIgniter\CodeIgniter))
 9 FCPATH/index.php(56): CodeIgniter\Boot::bootWeb(Object(Config\Paths))
10 SYSTEMPATH/rewrite.php(44): require_once('/home/etudiant/dk220581/CodeIgniter/SGT/public/index.php')
WARNING - 2024-11-25 08:15:37 --> [DEPRECATED] Passing lowercase HTTP method "post" is deprecated. Use uppercase HTTP method like "POST". in SYSTEMPATH/Router/RouteCollection.php on line 1027.
 1 SYSTEMPATH/Router/RouteCollection.php(1027): trigger_error('Passing lowercase HTTP method "post" is deprecated. Use uppercase HTTP method like "POST".', 16384)
 2 APPPATH/Config/Routes.php(12): CodeIgniter\Router\RouteCollection->match([...], 'signin/auth', 'Utilisateur/SigninController::loginAuth')
 3 SYSTEMPATH/Router/RouteCollection.php(340): require('/home/etudiant/dk220581/CodeIgniter/SGT/app/Config/Routes.php')
 4 SYSTEMPATH/CodeIgniter.php(823): CodeIgniter\Router\RouteCollection->loadRoutes()
 5 SYSTEMPATH/CodeIgniter.php(457): CodeIgniter\CodeIgniter->tryToRouteIt(null)
 6 SYSTEMPATH/CodeIgniter.php(355): CodeIgniter\CodeIgniter->handleRequest(null, Object(Config\Cache), false)
 7 SYSTEMPATH/Boot.php(325): CodeIgniter\CodeIgniter->run()
 8 SYSTEMPATH/Boot.php(67): CodeIgniter\Boot::runCodeIgniter(Object(CodeIgniter\CodeIgniter))
 9 FCPATH/index.php(56): CodeIgniter\Boot::bootWeb(Object(Config\Paths))
10 SYSTEMPATH/rewrite.php(44): require_once('/home/etudiant/dk220581/CodeIgniter/SGT/public/index.php')
WARNING - 2024-11-25 08:15:37 --> [DEPRECATED] Passing lowercase HTTP method "get" is deprecated. Use uppercase HTTP method like "GET". in SYSTEMPATH/Router/RouteCollection.php on line 1027.
 1 SYSTEMPATH/Router/RouteCollection.php(1027): trigger_error('Passing lowercase HTTP method "get" is deprecated. Use uppercase HTTP method like "GET".', 16384)
 2 APPPATH/Config/Routes.php(16): CodeIgniter\Router\RouteCollection->match([...], 'signup/store', 'Utilisateur\\SignupController::store')
 3 SYSTEMPATH/Router/RouteCollection.php(340): require('/home/etudiant/dk220581/CodeIgniter/SGT/app/Config/Routes.php')
 4 SYSTEMPATH/CodeIgniter.php(823): CodeIgniter\Router\RouteCollection->loadRoutes()
 5 SYSTEMPATH/CodeIgniter.php(457): CodeIgniter\CodeIgniter->tryToRouteIt(null)
 6 SYSTEMPATH/CodeIgniter.php(355): CodeIgniter\CodeIgniter->handleRequest(null, Object(Config\Cache), false)
 7 SYSTEMPATH/Boot.php(325): CodeIgniter\CodeIgniter->run()
 8 SYSTEMPATH/Boot.php(67): CodeIgniter\Boot::runCodeIgniter(Object(CodeIgniter\CodeIgniter))
 9 FCPATH/index.php(56): CodeIgniter\Boot::bootWeb(Object(Config\Paths))
10 SYSTEMPATH/rewrite.php(44): require_once('/home/etudiant/dk220581/CodeIgniter/SGT/public/index.php')
WARNING - 2024-11-25 08:15:37 --> [DEPRECATED] Passing lowercase HTTP method "post" is deprecated. Use uppercase HTTP method like "POST". in SYSTEMPATH/Router/RouteCollection.php on line 1027.
 1 SYSTEMPATH/Router/RouteCollection.php(1027): trigger_error('Passing lowercase HTTP method "post" is deprecated. Use uppercase HTTP method like "POST".', 16384)
 2 APPPATH/Config/Routes.php(16): CodeIgniter\Router\RouteCollection->match([...], 'signup/store', 'Utilisateur\\SignupController::store')
 3 SYSTEMPATH/Router/RouteCollection.php(340): require('/home/etudiant/dk220581/CodeIgniter/SGT/app/Config/Routes.php')
 4 SYSTEMPATH/CodeIgniter.php(823): CodeIgniter\Router\RouteCollection->loadRoutes()
 5 SYSTEMPATH/CodeIgniter.php(457): CodeIgniter\CodeIgniter->tryToRouteIt(null)
 6 SYSTEMPATH/CodeIgniter.php(355): CodeIgniter\CodeIgniter->handleRequest(null, Object(Config\Cache), false)
 7 SYSTEMPATH/Boot.php(325): CodeIgniter\CodeIgniter->run()
 8 SYSTEMPATH/Boot.php(67): CodeIgniter\Boot::runCodeIgniter(Object(CodeIgniter\CodeIgniter))
 9 FCPATH/index.php(56): CodeIgniter\Boot::bootWeb(Object(Config\Paths))
10 SYSTEMPATH/rewrite.php(44): require_once('/home/etudiant/dk220581/CodeIgniter/SGT/public/index.php')
CRITICAL - 2024-11-25 08:15:37 --> CodeIgniter\Router\Exceptions\RouterException: The namespace delimiter is a backslash (\), not a slash (/). Route handler: "\App\Controllers\Utilisateur/SigninController::index"
[Method: GET, Route: /]
in SYSTEMPATH/Router/Router.php on line 492.
 1 SYSTEMPATH/Router/Router.php(492): CodeIgniter\Router\Exceptions\RouterException::forInvalidControllerName()
 2 SYSTEMPATH/Router/Router.php(210): CodeIgniter\Router\Router->checkRoutes()
 3 SYSTEMPATH/CodeIgniter.php(834): CodeIgniter\Router\Router->handle()
 4 SYSTEMPATH/CodeIgniter.php(457): CodeIgniter\CodeIgniter->tryToRouteIt()
 5 SYSTEMPATH/CodeIgniter.php(355): CodeIgniter\CodeIgniter->handleRequest()
 6 SYSTEMPATH/Boot.php(325): CodeIgniter\CodeIgniter->run()
 7 SYSTEMPATH/Boot.php(67): CodeIgniter\Boot::runCodeIgniter()
 8 FCPATH/index.php(56): CodeIgniter\Boot::bootWeb()
 9 SYSTEMPATH/rewrite.php(44): require_once('/home/etudiant/dk220581/CodeIgniter/SGT/public/index.php')
WARNING - 2024-11-25 08:15:37 --> [DEPRECATED] Passing lowercase HTTP method "get" is deprecated. Use uppercase HTTP method like "GET". in SYSTEMPATH/Router/RouteCollection.php on line 1027.
 1 SYSTEMPATH/Router/RouteCollection.php(1027): trigger_error('Passing lowercase HTTP method "get" is deprecated. Use uppercase HTTP method like "GET".', 16384)
 2 APPPATH/Config/Routes.php(12): CodeIgniter\Router\RouteCollection->match([...], 'signin/auth', 'Utilisateur/SigninController::loginAuth')
 3 SYSTEMPATH/Router/RouteCollection.php(340): require('/home/etudiant/dk220581/CodeIgniter/SGT/app/Config/Routes.php')
 4 SYSTEMPATH/CodeIgniter.php(823): CodeIgniter\Router\RouteCollection->loadRoutes()
 5 SYSTEMPATH/CodeIgniter.php(457): CodeIgniter\CodeIgniter->tryToRouteIt(null)
 6 SYSTEMPATH/CodeIgniter.php(355): CodeIgniter\CodeIgniter->handleRequest(null, Object(Config\Cache), false)
 7 SYSTEMPATH/Boot.php(325): CodeIgniter\CodeIgniter->run()
 8 SYSTEMPATH/Boot.php(67): CodeIgniter\Boot::runCodeIgniter(Object(CodeIgniter\CodeIgniter))
 9 FCPATH/index.php(56): CodeIgniter\Boot::bootWeb(Object(Config\Paths))
10 SYSTEMPATH/rewrite.php(44): require_once('/home/etudiant/dk220581/CodeIgniter/SGT/public/index.php')
WARNING - 2024-11-25 08:15:37 --> [DEPRECATED] Passing lowercase HTTP method "post" is deprecated. Use uppercase HTTP method like "POST". in SYSTEMPATH/Router/RouteCollection.php on line 1027.
 1 SYSTEMPATH/Router/RouteCollection.php(1027): trigger_error('Passing lowercase HTTP method "post" is deprecated. Use uppercase HTTP method like "POST".', 16384)
 2 APPPATH/Config/Routes.php(12): CodeIgniter\Router\RouteCollection->match([...], 'signin/auth', 'Utilisateur/SigninController::loginAuth')
 3 SYSTEMPATH/Router/RouteCollection.php(340): require('/home/etudiant/dk220581/CodeIgniter/SGT/app/Config/Routes.php')
 4 SYSTEMPATH/CodeIgniter.php(823): CodeIgniter\Router\RouteCollection->loadRoutes()
 5 SYSTEMPATH/CodeIgniter.php(457): CodeIgniter\CodeIgniter->tryToRouteIt(null)
 6 SYSTEMPATH/CodeIgniter.php(355): CodeIgniter\CodeIgniter->handleRequest(null, Object(Config\Cache), false)
 7 SYSTEMPATH/Boot.php(325): CodeIgniter\CodeIgniter->run()
 8 SYSTEMPATH/Boot.php(67): CodeIgniter\Boot::runCodeIgniter(Object(CodeIgniter\CodeIgniter))
 9 FCPATH/index.php(56): CodeIgniter\Boot::bootWeb(Object(Config\Paths))
10 SYSTEMPATH/rewrite.php(44): require_once('/home/etudiant/dk220581/CodeIgniter/SGT/public/index.php')
WARNING - 2024-11-25 08:15:37 --> [DEPRECATED] Passing lowercase HTTP method "get" is deprecated. Use uppercase HTTP method like "GET". in SYSTEMPATH/Router/RouteCollection.php on line 1027.
 1 SYSTEMPATH/Router/RouteCollection.php(1027): trigger_error('Passing lowercase HTTP method "get" is deprecated. Use uppercase HTTP method like "GET".', 16384)
 2 APPPATH/Config/Routes.php(16): CodeIgniter\Router\RouteCollection->match([...], 'signup/store', 'Utilisateur\\SignupController::store')
 3 SYSTEMPATH/Router/RouteCollection.php(340): require('/home/etudiant/dk220581/CodeIgniter/SGT/app/Config/Routes.php')
 4 SYSTEMPATH/CodeIgniter.php(823): CodeIgniter\Router\RouteCollection->loadRoutes()
 5 SYSTEMPATH/CodeIgniter.php(457): CodeIgniter\CodeIgniter->tryToRouteIt(null)
 6 SYSTEMPATH/CodeIgniter.php(355): CodeIgniter\CodeIgniter->handleRequest(null, Object(Config\Cache), false)
 7 SYSTEMPATH/Boot.php(325): CodeIgniter\CodeIgniter->run()
 8 SYSTEMPATH/Boot.php(67): CodeIgniter\Boot::runCodeIgniter(Object(CodeIgniter\CodeIgniter))
 9 FCPATH/index.php(56): CodeIgniter\Boot::bootWeb(Object(Config\Paths))
10 SYSTEMPATH/rewrite.php(44): require_once('/home/etudiant/dk220581/CodeIgniter/SGT/public/index.php')
WARNING - 2024-11-25 08:15:37 --> [DEPRECATED] Passing lowercase HTTP method "post" is deprecated. Use uppercase HTTP method like "POST". in SYSTEMPATH/Router/RouteCollection.php on line 1027.
 1 SYSTEMPATH/Router/RouteCollection.php(1027): trigger_error('Passing lowercase HTTP method "post" is deprecated. Use uppercase HTTP method like "POST".', 16384)
 2 APPPATH/Config/Routes.php(16): CodeIgniter\Router\RouteCollection->match([...], 'signup/store', 'Utilisateur\\SignupController::store')
 3 SYSTEMPATH/Router/RouteCollection.php(340): require('/home/etudiant/dk220581/CodeIgniter/SGT/app/Config/Routes.php')
 4 SYSTEMPATH/CodeIgniter.php(823): CodeIgniter\Router\RouteCollection->loadRoutes()
 5 SYSTEMPATH/CodeIgniter.php(457): CodeIgniter\CodeIgniter->tryToRouteIt(null)
 6 SYSTEMPATH/CodeIgniter.php(355): CodeIgniter\CodeIgniter->handleRequest(null, Object(Config\Cache), false)
 7 SYSTEMPATH/Boot.php(325): CodeIgniter\CodeIgniter->run()
 8 SYSTEMPATH/Boot.php(67): CodeIgniter\Boot::runCodeIgniter(Object(CodeIgniter\CodeIgniter))
 9 FCPATH/index.php(56): CodeIgniter\Boot::bootWeb(Object(Config\Paths))
10 SYSTEMPATH/rewrite.php(44): require_once('/home/etudiant/dk220581/CodeIgniter/SGT/public/index.php')
CRITICAL - 2024-11-25 08:15:37 --> CodeIgniter\Router\Exceptions\RouterException: The namespace delimiter is a backslash (\), not a slash (/). Route handler: "\App\Controllers\Utilisateur/SigninController::index"
[Method: GET, Route: /]
in SYSTEMPATH/Router/Router.php on line 492.
 1 SYSTEMPATH/Router/Router.php(492): CodeIgniter\Router\Exceptions\RouterException::forInvalidControllerName()
 2 SYSTEMPATH/Router/Router.php(210): CodeIgniter\Router\Router->checkRoutes()
 3 SYSTEMPATH/CodeIgniter.php(834): CodeIgniter\Router\Router->handle()
 4 SYSTEMPATH/CodeIgniter.php(457): CodeIgniter\CodeIgniter->tryToRouteIt()
 5 SYSTEMPATH/CodeIgniter.php(355): CodeIgniter\CodeIgniter->handleRequest()
 6 SYSTEMPATH/Boot.php(325): CodeIgniter\CodeIgniter->run()
 7 SYSTEMPATH/Boot.php(67): CodeIgniter\Boot::runCodeIgniter()
 8 FCPATH/index.php(56): CodeIgniter\Boot::bootWeb()
 9 SYSTEMPATH/rewrite.php(44): require_once('/home/etudiant/dk220581/CodeIgniter/SGT/public/index.php')
WARNING - 2024-11-25 08:15:37 --> [DEPRECATED] Passing lowercase HTTP method "get" is deprecated. Use uppercase HTTP method like "GET". in SYSTEMPATH/Router/RouteCollection.php on line 1027.
 1 SYSTEMPATH/Router/RouteCollection.php(1027): trigger_error('Passing lowercase HTTP method "get" is deprecated. Use uppercase HTTP method like "GET".', 16384)
 2 APPPATH/Config/Routes.php(12): CodeIgniter\Router\RouteCollection->match([...], 'signin/auth', 'Utilisateur/SigninController::loginAuth')
 3 SYSTEMPATH/Router/RouteCollection.php(340): require('/home/etudiant/dk220581/CodeIgniter/SGT/app/Config/Routes.php')
 4 SYSTEMPATH/CodeIgniter.php(823): CodeIgniter\Router\RouteCollection->loadRoutes()
 5 SYSTEMPATH/CodeIgniter.php(457): CodeIgniter\CodeIgniter->tryToRouteIt(null)
 6 SYSTEMPATH/CodeIgniter.php(355): CodeIgniter\CodeIgniter->handleRequest(null, Object(Config\Cache), false)
 7 SYSTEMPATH/Boot.php(325): CodeIgniter\CodeIgniter->run()
 8 SYSTEMPATH/Boot.php(67): CodeIgniter\Boot::runCodeIgniter(Object(CodeIgniter\CodeIgniter))
 9 FCPATH/index.php(56): CodeIgniter\Boot::bootWeb(Object(Config\Paths))
10 SYSTEMPATH/rewrite.php(44): require_once('/home/etudiant/dk220581/CodeIgniter/SGT/public/index.php')
WARNING - 2024-11-25 08:15:37 --> [DEPRECATED] Passing lowercase HTTP method "post" is deprecated. Use uppercase HTTP method like "POST". in SYSTEMPATH/Router/RouteCollection.php on line 1027.
 1 SYSTEMPATH/Router/RouteCollection.php(1027): trigger_error('Passing lowercase HTTP method "post" is deprecated. Use uppercase HTTP method like "POST".', 16384)
 2 APPPATH/Config/Routes.php(12): CodeIgniter\Router\RouteCollection->match([...], 'signin/auth', 'Utilisateur/SigninController::loginAuth')
 3 SYSTEMPATH/Router/RouteCollection.php(340): require('/home/etudiant/dk220581/CodeIgniter/SGT/app/Config/Routes.php')
 4 SYSTEMPATH/CodeIgniter.php(823): CodeIgniter\Router\RouteCollection->loadRoutes()
 5 SYSTEMPATH/CodeIgniter.php(457): CodeIgniter\CodeIgniter->tryToRouteIt(null)
 6 SYSTEMPATH/CodeIgniter.php(355): CodeIgniter\CodeIgniter->handleRequest(null, Object(Config\Cache), false)
 7 SYSTEMPATH/Boot.php(325): CodeIgniter\CodeIgniter->run()
 8 SYSTEMPATH/Boot.php(67): CodeIgniter\Boot::runCodeIgniter(Object(CodeIgniter\CodeIgniter))
 9 FCPATH/index.php(56): CodeIgniter\Boot::bootWeb(Object(Config\Paths))
10 SYSTEMPATH/rewrite.php(44): require_once('/home/etudiant/dk220581/CodeIgniter/SGT/public/index.php')
WARNING - 2024-11-25 08:15:37 --> [DEPRECATED] Passing lowercase HTTP method "get" is deprecated. Use uppercase HTTP method like "GET". in SYSTEMPATH/Router/RouteCollection.php on line 1027.
 1 SYSTEMPATH/Router/RouteCollection.php(1027): trigger_error('Passing lowercase HTTP method "get" is deprecated. Use uppercase HTTP method like "GET".', 16384)
 2 APPPATH/Config/Routes.php(16): CodeIgniter\Router\RouteCollection->match([...], 'signup/store', 'Utilisateur\\SignupController::store')
 3 SYSTEMPATH/Router/RouteCollection.php(340): require('/home/etudiant/dk220581/CodeIgniter/SGT/app/Config/Routes.php')
 4 SYSTEMPATH/CodeIgniter.php(823): CodeIgniter\Router\RouteCollection->loadRoutes()
 5 SYSTEMPATH/CodeIgniter.php(457): CodeIgniter\CodeIgniter->tryToRouteIt(null)
 6 SYSTEMPATH/CodeIgniter.php(355): CodeIgniter\CodeIgniter->handleRequest(null, Object(Config\Cache), false)
 7 SYSTEMPATH/Boot.php(325): CodeIgniter\CodeIgniter->run()
 8 SYSTEMPATH/Boot.php(67): CodeIgniter\Boot::runCodeIgniter(Object(CodeIgniter\CodeIgniter))
 9 FCPATH/index.php(56): CodeIgniter\Boot::bootWeb(Object(Config\Paths))
10 SYSTEMPATH/rewrite.php(44): require_once('/home/etudiant/dk220581/CodeIgniter/SGT/public/index.php')
WARNING - 2024-11-25 08:15:37 --> [DEPRECATED] Passing lowercase HTTP method "post" is deprecated. Use uppercase HTTP method like "POST". in SYSTEMPATH/Router/RouteCollection.php on line 1027.
 1 SYSTEMPATH/Router/RouteCollection.php(1027): trigger_error('Passing lowercase HTTP method "post" is deprecated. Use uppercase HTTP method like "POST".', 16384)
 2 APPPATH/Config/Routes.php(16): CodeIgniter\Router\RouteCollection->match([...], 'signup/store', 'Utilisateur\\SignupController::store')
 3 SYSTEMPATH/Router/RouteCollection.php(340): require('/home/etudiant/dk220581/CodeIgniter/SGT/app/Config/Routes.php')
 4 SYSTEMPATH/CodeIgniter.php(823): CodeIgniter\Router\RouteCollection->loadRoutes()
 5 SYSTEMPATH/CodeIgniter.php(457): CodeIgniter\CodeIgniter->tryToRouteIt(null)
 6 SYSTEMPATH/CodeIgniter.php(355): CodeIgniter\CodeIgniter->handleRequest(null, Object(Config\Cache), false)
 7 SYSTEMPATH/Boot.php(325): CodeIgniter\CodeIgniter->run()
 8 SYSTEMPATH/Boot.php(67): CodeIgniter\Boot::runCodeIgniter(Object(CodeIgniter\CodeIgniter))
 9 FCPATH/index.php(56): CodeIgniter\Boot::bootWeb(Object(Config\Paths))
10 SYSTEMPATH/rewrite.php(44): require_once('/home/etudiant/dk220581/CodeIgniter/SGT/public/index.php')
CRITICAL - 2024-11-25 08:15:37 --> CodeIgniter\Router\Exceptions\RouterException: The namespace delimiter is a backslash (\), not a slash (/). Route handler: "\App\Controllers\Utilisateur/SigninController::index"
[Method: GET, Route: /]
in SYSTEMPATH/Router/Router.php on line 492.
 1 SYSTEMPATH/Router/Router.php(492): CodeIgniter\Router\Exceptions\RouterException::forInvalidControllerName()
 2 SYSTEMPATH/Router/Router.php(210): CodeIgniter\Router\Router->checkRoutes()
 3 SYSTEMPATH/CodeIgniter.php(834): CodeIgniter\Router\Router->handle()
 4 SYSTEMPATH/CodeIgniter.php(457): CodeIgniter\CodeIgniter->tryToRouteIt()
 5 SYSTEMPATH/CodeIgniter.php(355): CodeIgniter\CodeIgniter->handleRequest()
 6 SYSTEMPATH/Boot.php(325): CodeIgniter\CodeIgniter->run()
 7 SYSTEMPATH/Boot.php(67): CodeIgniter\Boot::runCodeIgniter()
 8 FCPATH/index.php(56): CodeIgniter\Boot::bootWeb()
 9 SYSTEMPATH/rewrite.php(44): require_once('/home/etudiant/dk220581/CodeIgniter/SGT/public/index.php')
WARNING - 2024-11-25 08:15:37 --> [DEPRECATED] Passing lowercase HTTP method "get" is deprecated. Use uppercase HTTP method like "GET". in SYSTEMPATH/Router/RouteCollection.php on line 1027.
 1 SYSTEMPATH/Router/RouteCollection.php(1027): trigger_error('Passing lowercase HTTP method "get" is deprecated. Use uppercase HTTP method like "GET".', 16384)
 2 APPPATH/Config/Routes.php(12): CodeIgniter\Router\RouteCollection->match([...], 'signin/auth', 'Utilisateur/SigninController::loginAuth')
 3 SYSTEMPATH/Router/RouteCollection.php(340): require('/home/etudiant/dk220581/CodeIgniter/SGT/app/Config/Routes.php')
 4 SYSTEMPATH/CodeIgniter.php(823): CodeIgniter\Router\RouteCollection->loadRoutes()
 5 SYSTEMPATH/CodeIgniter.php(457): CodeIgniter\CodeIgniter->tryToRouteIt(null)
 6 SYSTEMPATH/CodeIgniter.php(355): CodeIgniter\CodeIgniter->handleRequest(null, Object(Config\Cache), false)
 7 SYSTEMPATH/Boot.php(325): CodeIgniter\CodeIgniter->run()
 8 SYSTEMPATH/Boot.php(67): CodeIgniter\Boot::runCodeIgniter(Object(CodeIgniter\CodeIgniter))
 9 FCPATH/index.php(56): CodeIgniter\Boot::bootWeb(Object(Config\Paths))
10 SYSTEMPATH/rewrite.php(44): require_once('/home/etudiant/dk220581/CodeIgniter/SGT/public/index.php')
WARNING - 2024-11-25 08:15:37 --> [DEPRECATED] Passing lowercase HTTP method "post" is deprecated. Use uppercase HTTP method like "POST". in SYSTEMPATH/Router/RouteCollection.php on line 1027.
 1 SYSTEMPATH/Router/RouteCollection.php(1027): trigger_error('Passing lowercase HTTP method "post" is deprecated. Use uppercase HTTP method like "POST".', 16384)
 2 APPPATH/Config/Routes.php(12): CodeIgniter\Router\RouteCollection->match([...], 'signin/auth', 'Utilisateur/SigninController::loginAuth')
 3 SYSTEMPATH/Router/RouteCollection.php(340): require('/home/etudiant/dk220581/CodeIgniter/SGT/app/Config/Routes.php')
 4 SYSTEMPATH/CodeIgniter.php(823): CodeIgniter\Router\RouteCollection->loadRoutes()
 5 SYSTEMPATH/CodeIgniter.php(457): CodeIgniter\CodeIgniter->tryToRouteIt(null)
 6 SYSTEMPATH/CodeIgniter.php(355): CodeIgniter\CodeIgniter->handleRequest(null, Object(Config\Cache), false)
 7 SYSTEMPATH/Boot.php(325): CodeIgniter\CodeIgniter->run()
 8 SYSTEMPATH/Boot.php(67): CodeIgniter\Boot::runCodeIgniter(Object(CodeIgniter\CodeIgniter))
 9 FCPATH/index.php(56): CodeIgniter\Boot::bootWeb(Object(Config\Paths))
10 SYSTEMPATH/rewrite.php(44): require_once('/home/etudiant/dk220581/CodeIgniter/SGT/public/index.php')
WARNING - 2024-11-25 08:15:37 --> [DEPRECATED] Passing lowercase HTTP method "get" is deprecated. Use uppercase HTTP method like "GET". in SYSTEMPATH/Router/RouteCollection.php on line 1027.
 1 SYSTEMPATH/Router/RouteCollection.php(1027): trigger_error('Passing lowercase HTTP method "get" is deprecated. Use uppercase HTTP method like "GET".', 16384)
 2 APPPATH/Config/Routes.php(16): CodeIgniter\Router\RouteCollection->match([...], 'signup/store', 'Utilisateur\\SignupController::store')
 3 SYSTEMPATH/Router/RouteCollection.php(340): require('/home/etudiant/dk220581/CodeIgniter/SGT/app/Config/Routes.php')
 4 SYSTEMPATH/CodeIgniter.php(823): CodeIgniter\Router\RouteCollection->loadRoutes()
 5 SYSTEMPATH/CodeIgniter.php(457): CodeIgniter\CodeIgniter->tryToRouteIt(null)
 6 SYSTEMPATH/CodeIgniter.php(355): CodeIgniter\CodeIgniter->handleRequest(null, Object(Config\Cache), false)
 7 SYSTEMPATH/Boot.php(325): CodeIgniter\CodeIgniter->run()
 8 SYSTEMPATH/Boot.php(67): CodeIgniter\Boot::runCodeIgniter(Object(CodeIgniter\CodeIgniter))
 9 FCPATH/index.php(56): CodeIgniter\Boot::bootWeb(Object(Config\Paths))
10 SYSTEMPATH/rewrite.php(44): require_once('/home/etudiant/dk220581/CodeIgniter/SGT/public/index.php')
WARNING - 2024-11-25 08:15:37 --> [DEPRECATED] Passing lowercase HTTP method "post" is deprecated. Use uppercase HTTP method like "POST". in SYSTEMPATH/Router/RouteCollection.php on line 1027.
 1 SYSTEMPATH/Router/RouteCollection.php(1027): trigger_error('Passing lowercase HTTP method "post" is deprecated. Use uppercase HTTP method like "POST".', 16384)
 2 APPPATH/Config/Routes.php(16): CodeIgniter\Router\RouteCollection->match([...], 'signup/store', 'Utilisateur\\SignupController::store')
 3 SYSTEMPATH/Router/RouteCollection.php(340): require('/home/etudiant/dk220581/CodeIgniter/SGT/app/Config/Routes.php')
 4 SYSTEMPATH/CodeIgniter.php(823): CodeIgniter\Router\RouteCollection->loadRoutes()
 5 SYSTEMPATH/CodeIgniter.php(457): CodeIgniter\CodeIgniter->tryToRouteIt(null)
 6 SYSTEMPATH/CodeIgniter.php(355): CodeIgniter\CodeIgniter->handleRequest(null, Object(Config\Cache), false)
 7 SYSTEMPATH/Boot.php(325): CodeIgniter\CodeIgniter->run()
 8 SYSTEMPATH/Boot.php(67): CodeIgniter\Boot::runCodeIgniter(Object(CodeIgniter\CodeIgniter))
 9 FCPATH/index.php(56): CodeIgniter\Boot::bootWeb(Object(Config\Paths))
10 SYSTEMPATH/rewrite.php(44): require_once('/home/etudiant/dk220581/CodeIgniter/SGT/public/index.php')
CRITICAL - 2024-11-25 08:15:37 --> CodeIgniter\Router\Exceptions\RouterException: The namespace delimiter is a backslash (\), not a slash (/). Route handler: "\App\Controllers\Utilisateur/SigninController::index"
[Method: GET, Route: /]
in SYSTEMPATH/Router/Router.php on line 492.
 1 SYSTEMPATH/Router/Router.php(492): CodeIgniter\Router\Exceptions\RouterException::forInvalidControllerName()
 2 SYSTEMPATH/Router/Router.php(210): CodeIgniter\Router\Router->checkRoutes()
 3 SYSTEMPATH/CodeIgniter.php(834): CodeIgniter\Router\Router->handle()
 4 SYSTEMPATH/CodeIgniter.php(457): CodeIgniter\CodeIgniter->tryToRouteIt()
 5 SYSTEMPATH/CodeIgniter.php(355): CodeIgniter\CodeIgniter->handleRequest()
 6 SYSTEMPATH/Boot.php(325): CodeIgniter\CodeIgniter->run()
 7 SYSTEMPATH/Boot.php(67): CodeIgniter\Boot::runCodeIgniter()
 8 FCPATH/index.php(56): CodeIgniter\Boot::bootWeb()
 9 SYSTEMPATH/rewrite.php(44): require_once('/home/etudiant/dk220581/CodeIgniter/SGT/public/index.php')
WARNING - 2024-11-25 08:17:46 --> [DEPRECATED] Passing lowercase HTTP method "get" is deprecated. Use uppercase HTTP method like "GET". in SYSTEMPATH/Router/RouteCollection.php on line 1027.
 1 SYSTEMPATH/Router/RouteCollection.php(1027): trigger_error('Passing lowercase HTTP method "get" is deprecated. Use uppercase HTTP method like "GET".', 16384)
 2 APPPATH/Config/Routes.php(12): CodeIgniter\Router\RouteCollection->match([...], 'signin/auth', 'Utilisateur\\SigninController::loginAuth')
 3 SYSTEMPATH/Router/RouteCollection.php(340): require('/home/etudiant/dk220581/CodeIgniter/SGT/app/Config/Routes.php')
 4 SYSTEMPATH/CodeIgniter.php(823): CodeIgniter\Router\RouteCollection->loadRoutes()
 5 SYSTEMPATH/CodeIgniter.php(457): CodeIgniter\CodeIgniter->tryToRouteIt(null)
 6 SYSTEMPATH/CodeIgniter.php(355): CodeIgniter\CodeIgniter->handleRequest(null, Object(Config\Cache), false)
 7 SYSTEMPATH/Boot.php(325): CodeIgniter\CodeIgniter->run()
 8 SYSTEMPATH/Boot.php(67): CodeIgniter\Boot::runCodeIgniter(Object(CodeIgniter\CodeIgniter))
 9 FCPATH/index.php(56): CodeIgniter\Boot::bootWeb(Object(Config\Paths))
10 SYSTEMPATH/rewrite.php(44): require_once('/home/etudiant/dk220581/CodeIgniter/SGT/public/index.php')
WARNING - 2024-11-25 08:17:46 --> [DEPRECATED] Passing lowercase HTTP method "post" is deprecated. Use uppercase HTTP method like "POST". in SYSTEMPATH/Router/RouteCollection.php on line 1027.
 1 SYSTEMPATH/Router/RouteCollection.php(1027): trigger_error('Passing lowercase HTTP method "post" is deprecated. Use uppercase HTTP method like "POST".', 16384)
 2 APPPATH/Config/Routes.php(12): CodeIgniter\Router\RouteCollection->match([...], 'signin/auth', 'Utilisateur\\SigninController::loginAuth')
 3 SYSTEMPATH/Router/RouteCollection.php(340): require('/home/etudiant/dk220581/CodeIgniter/SGT/app/Config/Routes.php')
 4 SYSTEMPATH/CodeIgniter.php(823): CodeIgniter\Router\RouteCollection->loadRoutes()
 5 SYSTEMPATH/CodeIgniter.php(457): CodeIgniter\CodeIgniter->tryToRouteIt(null)
 6 SYSTEMPATH/CodeIgniter.php(355): CodeIgniter\CodeIgniter->handleRequest(null, Object(Config\Cache), false)
 7 SYSTEMPATH/Boot.php(325): CodeIgniter\CodeIgniter->run()
 8 SYSTEMPATH/Boot.php(67): CodeIgniter\Boot::runCodeIgniter(Object(CodeIgniter\CodeIgniter))
 9 FCPATH/index.php(56): CodeIgniter\Boot::bootWeb(Object(Config\Paths))
10 SYSTEMPATH/rewrite.php(44): require_once('/home/etudiant/dk220581/CodeIgniter/SGT/public/index.php')
WARNING - 2024-11-25 08:17:46 --> [DEPRECATED] Passing lowercase HTTP method "get" is deprecated. Use uppercase HTTP method like "GET". in SYSTEMPATH/Router/RouteCollection.php on line 1027.
 1 SYSTEMPATH/Router/RouteCollection.php(1027): trigger_error('Passing lowercase HTTP method "get" is deprecated. Use uppercase HTTP method like "GET".', 16384)
 2 APPPATH/Config/Routes.php(16): CodeIgniter\Router\RouteCollection->match([...], 'signup/store', 'Utilisateur\\SignupController::store')
 3 SYSTEMPATH/Router/RouteCollection.php(340): require('/home/etudiant/dk220581/CodeIgniter/SGT/app/Config/Routes.php')
 4 SYSTEMPATH/CodeIgniter.php(823): CodeIgniter\Router\RouteCollection->loadRoutes()
 5 SYSTEMPATH/CodeIgniter.php(457): CodeIgniter\CodeIgniter->tryToRouteIt(null)
 6 SYSTEMPATH/CodeIgniter.php(355): CodeIgniter\CodeIgniter->handleRequest(null, Object(Config\Cache), false)
 7 SYSTEMPATH/Boot.php(325): CodeIgniter\CodeIgniter->run()
 8 SYSTEMPATH/Boot.php(67): CodeIgniter\Boot::runCodeIgniter(Object(CodeIgniter\CodeIgniter))
 9 FCPATH/index.php(56): CodeIgniter\Boot::bootWeb(Object(Config\Paths))
10 SYSTEMPATH/rewrite.php(44): require_once('/home/etudiant/dk220581/CodeIgniter/SGT/public/index.php')
WARNING - 2024-11-25 08:17:46 --> [DEPRECATED] Passing lowercase HTTP method "post" is deprecated. Use uppercase HTTP method like "POST". in SYSTEMPATH/Router/RouteCollection.php on line 1027.
 1 SYSTEMPATH/Router/RouteCollection.php(1027): trigger_error('Passing lowercase HTTP method "post" is deprecated. Use uppercase HTTP method like "POST".', 16384)
 2 APPPATH/Config/Routes.php(16): CodeIgniter\Router\RouteCollection->match([...], 'signup/store', 'Utilisateur\\SignupController::store')
 3 SYSTEMPATH/Router/RouteCollection.php(340): require('/home/etudiant/dk220581/CodeIgniter/SGT/app/Config/Routes.php')
 4 SYSTEMPATH/CodeIgniter.php(823): CodeIgniter\Router\RouteCollection->loadRoutes()
 5 SYSTEMPATH/CodeIgniter.php(457): CodeIgniter\CodeIgniter->tryToRouteIt(null)
 6 SYSTEMPATH/CodeIgniter.php(355): CodeIgniter\CodeIgniter->handleRequest(null, Object(Config\Cache), false)
 7 SYSTEMPATH/Boot.php(325): CodeIgniter\CodeIgniter->run()
 8 SYSTEMPATH/Boot.php(67): CodeIgniter\Boot::runCodeIgniter(Object(CodeIgniter\CodeIgniter))
 9 FCPATH/index.php(56): CodeIgniter\Boot::bootWeb(Object(Config\Paths))
10 SYSTEMPATH/rewrite.php(44): require_once('/home/etudiant/dk220581/CodeIgniter/SGT/public/index.php')
WARNING - 2024-11-25 08:17:47 --> [DEPRECATED] Passing lowercase HTTP method "get" is deprecated. Use uppercase HTTP method like "GET". in SYSTEMPATH/Router/RouteCollection.php on line 1027.
 1 SYSTEMPATH/Router/RouteCollection.php(1027): trigger_error('Passing lowercase HTTP method "get" is deprecated. Use uppercase HTTP method like "GET".', 16384)
 2 APPPATH/Config/Routes.php(12): CodeIgniter\Router\RouteCollection->match([...], 'signin/auth', 'Utilisateur\\SigninController::loginAuth')
 3 SYSTEMPATH/Router/RouteCollection.php(340): require('/home/etudiant/dk220581/CodeIgniter/SGT/app/Config/Routes.php')
 4 SYSTEMPATH/CodeIgniter.php(823): CodeIgniter\Router\RouteCollection->loadRoutes()
 5 SYSTEMPATH/CodeIgniter.php(457): CodeIgniter\CodeIgniter->tryToRouteIt(null)
 6 SYSTEMPATH/CodeIgniter.php(355): CodeIgniter\CodeIgniter->handleRequest(null, Object(Config\Cache), false)
 7 SYSTEMPATH/Boot.php(325): CodeIgniter\CodeIgniter->run()
 8 SYSTEMPATH/Boot.php(67): CodeIgniter\Boot::runCodeIgniter(Object(CodeIgniter\CodeIgniter))
 9 FCPATH/index.php(56): CodeIgniter\Boot::bootWeb(Object(Config\Paths))
10 SYSTEMPATH/rewrite.php(44): require_once('/home/etudiant/dk220581/CodeIgniter/SGT/public/index.php')
WARNING - 2024-11-25 08:17:47 --> [DEPRECATED] Passing lowercase HTTP method "post" is deprecated. Use uppercase HTTP method like "POST". in SYSTEMPATH/Router/RouteCollection.php on line 1027.
 1 SYSTEMPATH/Router/RouteCollection.php(1027): trigger_error('Passing lowercase HTTP method "post" is deprecated. Use uppercase HTTP method like "POST".', 16384)
 2 APPPATH/Config/Routes.php(12): CodeIgniter\Router\RouteCollection->match([...], 'signin/auth', 'Utilisateur\\SigninController::loginAuth')
 3 SYSTEMPATH/Router/RouteCollection.php(340): require('/home/etudiant/dk220581/CodeIgniter/SGT/app/Config/Routes.php')
 4 SYSTEMPATH/CodeIgniter.php(823): CodeIgniter\Router\RouteCollection->loadRoutes()
 5 SYSTEMPATH/CodeIgniter.php(457): CodeIgniter\CodeIgniter->tryToRouteIt(null)
 6 SYSTEMPATH/CodeIgniter.php(355): CodeIgniter\CodeIgniter->handleRequest(null, Object(Config\Cache), false)
 7 SYSTEMPATH/Boot.php(325): CodeIgniter\CodeIgniter->run()
 8 SYSTEMPATH/Boot.php(67): CodeIgniter\Boot::runCodeIgniter(Object(CodeIgniter\CodeIgniter))
 9 FCPATH/index.php(56): CodeIgniter\Boot::bootWeb(Object(Config\Paths))
10 SYSTEMPATH/rewrite.php(44): require_once('/home/etudiant/dk220581/CodeIgniter/SGT/public/index.php')
WARNING - 2024-11-25 08:17:47 --> [DEPRECATED] Passing lowercase HTTP method "get" is deprecated. Use uppercase HTTP method like "GET". in SYSTEMPATH/Router/RouteCollection.php on line 1027.
 1 SYSTEMPATH/Router/RouteCollection.php(1027): trigger_error('Passing lowercase HTTP method "get" is deprecated. Use uppercase HTTP method like "GET".', 16384)
 2 APPPATH/Config/Routes.php(16): CodeIgniter\Router\RouteCollection->match([...], 'signup/store', 'Utilisateur\\SignupController::store')
 3 SYSTEMPATH/Router/RouteCollection.php(340): require('/home/etudiant/dk220581/CodeIgniter/SGT/app/Config/Routes.php')
 4 SYSTEMPATH/CodeIgniter.php(823): CodeIgniter\Router\RouteCollection->loadRoutes()
 5 SYSTEMPATH/CodeIgniter.php(457): CodeIgniter\CodeIgniter->tryToRouteIt(null)
 6 SYSTEMPATH/CodeIgniter.php(355): CodeIgniter\CodeIgniter->handleRequest(null, Object(Config\Cache), false)
 7 SYSTEMPATH/Boot.php(325): CodeIgniter\CodeIgniter->run()
 8 SYSTEMPATH/Boot.php(67): CodeIgniter\Boot::runCodeIgniter(Object(CodeIgniter\CodeIgniter))
 9 FCPATH/index.php(56): CodeIgniter\Boot::bootWeb(Object(Config\Paths))
10 SYSTEMPATH/rewrite.php(44): require_once('/home/etudiant/dk220581/CodeIgniter/SGT/public/index.php')
WARNING - 2024-11-25 08:17:47 --> [DEPRECATED] Passing lowercase HTTP method "post" is deprecated. Use uppercase HTTP method like "POST". in SYSTEMPATH/Router/RouteCollection.php on line 1027.
 1 SYSTEMPATH/Router/RouteCollection.php(1027): trigger_error('Passing lowercase HTTP method "post" is deprecated. Use uppercase HTTP method like "POST".', 16384)
 2 APPPATH/Config/Routes.php(16): CodeIgniter\Router\RouteCollection->match([...], 'signup/store', 'Utilisateur\\SignupController::store')
 3 SYSTEMPATH/Router/RouteCollection.php(340): require('/home/etudiant/dk220581/CodeIgniter/SGT/app/Config/Routes.php')
 4 SYSTEMPATH/CodeIgniter.php(823): CodeIgniter\Router\RouteCollection->loadRoutes()
 5 SYSTEMPATH/CodeIgniter.php(457): CodeIgniter\CodeIgniter->tryToRouteIt(null)
 6 SYSTEMPATH/CodeIgniter.php(355): CodeIgniter\CodeIgniter->handleRequest(null, Object(Config\Cache), false)
 7 SYSTEMPATH/Boot.php(325): CodeIgniter\CodeIgniter->run()
 8 SYSTEMPATH/Boot.php(67): CodeIgniter\Boot::runCodeIgniter(Object(CodeIgniter\CodeIgniter))
 9 FCPATH/index.php(56): CodeIgniter\Boot::bootWeb(Object(Config\Paths))
10 SYSTEMPATH/rewrite.php(44): require_once('/home/etudiant/dk220581/CodeIgniter/SGT/public/index.php')
WARNING - 2024-11-25 08:17:47 --> [DEPRECATED] Passing lowercase HTTP method "get" is deprecated. Use uppercase HTTP method like "GET". in SYSTEMPATH/Router/RouteCollection.php on line 1027.
 1 SYSTEMPATH/Router/RouteCollection.php(1027): trigger_error('Passing lowercase HTTP method "get" is deprecated. Use uppercase HTTP method like "GET".', 16384)
 2 APPPATH/Config/Routes.php(12): CodeIgniter\Router\RouteCollection->match([...], 'signin/auth', 'Utilisateur\\SigninController::loginAuth')
 3 SYSTEMPATH/Router/RouteCollection.php(340): require('/home/etudiant/dk220581/CodeIgniter/SGT/app/Config/Routes.php')
 4 SYSTEMPATH/CodeIgniter.php(823): CodeIgniter\Router\RouteCollection->loadRoutes()
 5 SYSTEMPATH/CodeIgniter.php(457): CodeIgniter\CodeIgniter->tryToRouteIt(null)
 6 SYSTEMPATH/CodeIgniter.php(355): CodeIgniter\CodeIgniter->handleRequest(null, Object(Config\Cache), false)
 7 SYSTEMPATH/Boot.php(325): CodeIgniter\CodeIgniter->run()
 8 SYSTEMPATH/Boot.php(67): CodeIgniter\Boot::runCodeIgniter(Object(CodeIgniter\CodeIgniter))
 9 FCPATH/index.php(56): CodeIgniter\Boot::bootWeb(Object(Config\Paths))
10 SYSTEMPATH/rewrite.php(44): require_once('/home/etudiant/dk220581/CodeIgniter/SGT/public/index.php')
WARNING - 2024-11-25 08:17:47 --> [DEPRECATED] Passing lowercase HTTP method "post" is deprecated. Use uppercase HTTP method like "POST". in SYSTEMPATH/Router/RouteCollection.php on line 1027.
 1 SYSTEMPATH/Router/RouteCollection.php(1027): trigger_error('Passing lowercase HTTP method "post" is deprecated. Use uppercase HTTP method like "POST".', 16384)
 2 APPPATH/Config/Routes.php(12): CodeIgniter\Router\RouteCollection->match([...], 'signin/auth', 'Utilisateur\\SigninController::loginAuth')
 3 SYSTEMPATH/Router/RouteCollection.php(340): require('/home/etudiant/dk220581/CodeIgniter/SGT/app/Config/Routes.php')
 4 SYSTEMPATH/CodeIgniter.php(823): CodeIgniter\Router\RouteCollection->loadRoutes()
 5 SYSTEMPATH/CodeIgniter.php(457): CodeIgniter\CodeIgniter->tryToRouteIt(null)
 6 SYSTEMPATH/CodeIgniter.php(355): CodeIgniter\CodeIgniter->handleRequest(null, Object(Config\Cache), false)
 7 SYSTEMPATH/Boot.php(325): CodeIgniter\CodeIgniter->run()
 8 SYSTEMPATH/Boot.php(67): CodeIgniter\Boot::runCodeIgniter(Object(CodeIgniter\CodeIgniter))
 9 FCPATH/index.php(56): CodeIgniter\Boot::bootWeb(Object(Config\Paths))
10 SYSTEMPATH/rewrite.php(44): require_once('/home/etudiant/dk220581/CodeIgniter/SGT/public/index.php')
WARNING - 2024-11-25 08:17:47 --> [DEPRECATED] Passing lowercase HTTP method "get" is deprecated. Use uppercase HTTP method like "GET". in SYSTEMPATH/Router/RouteCollection.php on line 1027.
 1 SYSTEMPATH/Router/RouteCollection.php(1027): trigger_error('Passing lowercase HTTP method "get" is deprecated. Use uppercase HTTP method like "GET".', 16384)
 2 APPPATH/Config/Routes.php(16): CodeIgniter\Router\RouteCollection->match([...], 'signup/store', 'Utilisateur\\SignupController::store')
 3 SYSTEMPATH/Router/RouteCollection.php(340): require('/home/etudiant/dk220581/CodeIgniter/SGT/app/Config/Routes.php')
 4 SYSTEMPATH/CodeIgniter.php(823): CodeIgniter\Router\RouteCollection->loadRoutes()
 5 SYSTEMPATH/CodeIgniter.php(457): CodeIgniter\CodeIgniter->tryToRouteIt(null)
 6 SYSTEMPATH/CodeIgniter.php(355): CodeIgniter\CodeIgniter->handleRequest(null, Object(Config\Cache), false)
 7 SYSTEMPATH/Boot.php(325): CodeIgniter\CodeIgniter->run()
 8 SYSTEMPATH/Boot.php(67): CodeIgniter\Boot::runCodeIgniter(Object(CodeIgniter\CodeIgniter))
 9 FCPATH/index.php(56): CodeIgniter\Boot::bootWeb(Object(Config\Paths))
10 SYSTEMPATH/rewrite.php(44): require_once('/home/etudiant/dk220581/CodeIgniter/SGT/public/index.php')
WARNING - 2024-11-25 08:17:47 --> [DEPRECATED] Passing lowercase HTTP method "post" is deprecated. Use uppercase HTTP method like "POST". in SYSTEMPATH/Router/RouteCollection.php on line 1027.
 1 SYSTEMPATH/Router/RouteCollection.php(1027): trigger_error('Passing lowercase HTTP method "post" is deprecated. Use uppercase HTTP method like "POST".', 16384)
 2 APPPATH/Config/Routes.php(16): CodeIgniter\Router\RouteCollection->match([...], 'signup/store', 'Utilisateur\\SignupController::store')
 3 SYSTEMPATH/Router/RouteCollection.php(340): require('/home/etudiant/dk220581/CodeIgniter/SGT/app/Config/Routes.php')
 4 SYSTEMPATH/CodeIgniter.php(823): CodeIgniter\Router\RouteCollection->loadRoutes()
 5 SYSTEMPATH/CodeIgniter.php(457): CodeIgniter\CodeIgniter->tryToRouteIt(null)
 6 SYSTEMPATH/CodeIgniter.php(355): CodeIgniter\CodeIgniter->handleRequest(null, Object(Config\Cache), false)
 7 SYSTEMPATH/Boot.php(325): CodeIgniter\CodeIgniter->run()
 8 SYSTEMPATH/Boot.php(67): CodeIgniter\Boot::runCodeIgniter(Object(CodeIgniter\CodeIgniter))
 9 FCPATH/index.php(56): CodeIgniter\Boot::bootWeb(Object(Config\Paths))
10 SYSTEMPATH/rewrite.php(44): require_once('/home/etudiant/dk220581/CodeIgniter/SGT/public/index.php')
WARNING - 2024-11-25 08:17:47 --> [DEPRECATED] Passing lowercase HTTP method "get" is deprecated. Use uppercase HTTP method like "GET". in SYSTEMPATH/Router/RouteCollection.php on line 1027.
 1 SYSTEMPATH/Router/RouteCollection.php(1027): trigger_error('Passing lowercase HTTP method "get" is deprecated. Use uppercase HTTP method like "GET".', 16384)
 2 APPPATH/Config/Routes.php(12): CodeIgniter\Router\RouteCollection->match([...], 'signin/auth', 'Utilisateur\\SigninController::loginAuth')
 3 SYSTEMPATH/Router/RouteCollection.php(340): require('/home/etudiant/dk220581/CodeIgniter/SGT/app/Config/Routes.php')
 4 SYSTEMPATH/CodeIgniter.php(823): CodeIgniter\Router\RouteCollection->loadRoutes()
 5 SYSTEMPATH/CodeIgniter.php(457): CodeIgniter\CodeIgniter->tryToRouteIt(null)
 6 SYSTEMPATH/CodeIgniter.php(355): CodeIgniter\CodeIgniter->handleRequest(null, Object(Config\Cache), false)
 7 SYSTEMPATH/Boot.php(325): CodeIgniter\CodeIgniter->run()
 8 SYSTEMPATH/Boot.php(67): CodeIgniter\Boot::runCodeIgniter(Object(CodeIgniter\CodeIgniter))
 9 FCPATH/index.php(56): CodeIgniter\Boot::bootWeb(Object(Config\Paths))
10 SYSTEMPATH/rewrite.php(44): require_once('/home/etudiant/dk220581/CodeIgniter/SGT/public/index.php')
WARNING - 2024-11-25 08:17:47 --> [DEPRECATED] Passing lowercase HTTP method "post" is deprecated. Use uppercase HTTP method like "POST". in SYSTEMPATH/Router/RouteCollection.php on line 1027.
 1 SYSTEMPATH/Router/RouteCollection.php(1027): trigger_error('Passing lowercase HTTP method "post" is deprecated. Use uppercase HTTP method like "POST".', 16384)
 2 APPPATH/Config/Routes.php(12): CodeIgniter\Router\RouteCollection->match([...], 'signin/auth', 'Utilisateur\\SigninController::loginAuth')
 3 SYSTEMPATH/Router/RouteCollection.php(340): require('/home/etudiant/dk220581/CodeIgniter/SGT/app/Config/Routes.php')
 4 SYSTEMPATH/CodeIgniter.php(823): CodeIgniter\Router\RouteCollection->loadRoutes()
 5 SYSTEMPATH/CodeIgniter.php(457): CodeIgniter\CodeIgniter->tryToRouteIt(null)
 6 SYSTEMPATH/CodeIgniter.php(355): CodeIgniter\CodeIgniter->handleRequest(null, Object(Config\Cache), false)
 7 SYSTEMPATH/Boot.php(325): CodeIgniter\CodeIgniter->run()
 8 SYSTEMPATH/Boot.php(67): CodeIgniter\Boot::runCodeIgniter(Object(CodeIgniter\CodeIgniter))
 9 FCPATH/index.php(56): CodeIgniter\Boot::bootWeb(Object(Config\Paths))
10 SYSTEMPATH/rewrite.php(44): require_once('/home/etudiant/dk220581/CodeIgniter/SGT/public/index.php')
WARNING - 2024-11-25 08:17:47 --> [DEPRECATED] Passing lowercase HTTP method "get" is deprecated. Use uppercase HTTP method like "GET". in SYSTEMPATH/Router/RouteCollection.php on line 1027.
 1 SYSTEMPATH/Router/RouteCollection.php(1027): trigger_error('Passing lowercase HTTP method "get" is deprecated. Use uppercase HTTP method like "GET".', 16384)
 2 APPPATH/Config/Routes.php(16): CodeIgniter\Router\RouteCollection->match([...], 'signup/store', 'Utilisateur\\SignupController::store')
 3 SYSTEMPATH/Router/RouteCollection.php(340): require('/home/etudiant/dk220581/CodeIgniter/SGT/app/Config/Routes.php')
 4 SYSTEMPATH/CodeIgniter.php(823): CodeIgniter\Router\RouteCollection->loadRoutes()
 5 SYSTEMPATH/CodeIgniter.php(457): CodeIgniter\CodeIgniter->tryToRouteIt(null)
 6 SYSTEMPATH/CodeIgniter.php(355): CodeIgniter\CodeIgniter->handleRequest(null, Object(Config\Cache), false)
 7 SYSTEMPATH/Boot.php(325): CodeIgniter\CodeIgniter->run()
 8 SYSTEMPATH/Boot.php(67): CodeIgniter\Boot::runCodeIgniter(Object(CodeIgniter\CodeIgniter))
 9 FCPATH/index.php(56): CodeIgniter\Boot::bootWeb(Object(Config\Paths))
10 SYSTEMPATH/rewrite.php(44): require_once('/home/etudiant/dk220581/CodeIgniter/SGT/public/index.php')
WARNING - 2024-11-25 08:17:47 --> [DEPRECATED] Passing lowercase HTTP method "post" is deprecated. Use uppercase HTTP method like "POST". in SYSTEMPATH/Router/RouteCollection.php on line 1027.
 1 SYSTEMPATH/Router/RouteCollection.php(1027): trigger_error('Passing lowercase HTTP method "post" is deprecated. Use uppercase HTTP method like "POST".', 16384)
 2 APPPATH/Config/Routes.php(16): CodeIgniter\Router\RouteCollection->match([...], 'signup/store', 'Utilisateur\\SignupController::store')
 3 SYSTEMPATH/Router/RouteCollection.php(340): require('/home/etudiant/dk220581/CodeIgniter/SGT/app/Config/Routes.php')
 4 SYSTEMPATH/CodeIgniter.php(823): CodeIgniter\Router\RouteCollection->loadRoutes()
 5 SYSTEMPATH/CodeIgniter.php(457): CodeIgniter\CodeIgniter->tryToRouteIt(null)
 6 SYSTEMPATH/CodeIgniter.php(355): CodeIgniter\CodeIgniter->handleRequest(null, Object(Config\Cache), false)
 7 SYSTEMPATH/Boot.php(325): CodeIgniter\CodeIgniter->run()
 8 SYSTEMPATH/Boot.php(67): CodeIgniter\Boot::runCodeIgniter(Object(CodeIgniter\CodeIgniter))
 9 FCPATH/index.php(56): CodeIgniter\Boot::bootWeb(Object(Config\Paths))
10 SYSTEMPATH/rewrite.php(44): require_once('/home/etudiant/dk220581/CodeIgniter/SGT/public/index.php')
WARNING - 2024-11-25 08:17:47 --> [DEPRECATED] Passing lowercase HTTP method "get" is deprecated. Use uppercase HTTP method like "GET". in SYSTEMPATH/Router/RouteCollection.php on line 1027.
 1 SYSTEMPATH/Router/RouteCollection.php(1027): trigger_error('Passing lowercase HTTP method "get" is deprecated. Use uppercase HTTP method like "GET".', 16384)
 2 APPPATH/Config/Routes.php(12): CodeIgniter\Router\RouteCollection->match([...], 'signin/auth', 'Utilisateur\\SigninController::loginAuth')
 3 SYSTEMPATH/Router/RouteCollection.php(340): require('/home/etudiant/dk220581/CodeIgniter/SGT/app/Config/Routes.php')
 4 SYSTEMPATH/CodeIgniter.php(823): CodeIgniter\Router\RouteCollection->loadRoutes()
 5 SYSTEMPATH/CodeIgniter.php(457): CodeIgniter\CodeIgniter->tryToRouteIt(null)
 6 SYSTEMPATH/CodeIgniter.php(355): CodeIgniter\CodeIgniter->handleRequest(null, Object(Config\Cache), false)
 7 SYSTEMPATH/Boot.php(325): CodeIgniter\CodeIgniter->run()
 8 SYSTEMPATH/Boot.php(67): CodeIgniter\Boot::runCodeIgniter(Object(CodeIgniter\CodeIgniter))
 9 FCPATH/index.php(56): CodeIgniter\Boot::bootWeb(Object(Config\Paths))
10 SYSTEMPATH/rewrite.php(44): require_once('/home/etudiant/dk220581/CodeIgniter/SGT/public/index.php')
WARNING - 2024-11-25 08:17:47 --> [DEPRECATED] Passing lowercase HTTP method "post" is deprecated. Use uppercase HTTP method like "POST". in SYSTEMPATH/Router/RouteCollection.php on line 1027.
 1 SYSTEMPATH/Router/RouteCollection.php(1027): trigger_error('Passing lowercase HTTP method "post" is deprecated. Use uppercase HTTP method like "POST".', 16384)
 2 APPPATH/Config/Routes.php(12): CodeIgniter\Router\RouteCollection->match([...], 'signin/auth', 'Utilisateur\\SigninController::loginAuth')
 3 SYSTEMPATH/Router/RouteCollection.php(340): require('/home/etudiant/dk220581/CodeIgniter/SGT/app/Config/Routes.php')
 4 SYSTEMPATH/CodeIgniter.php(823): CodeIgniter\Router\RouteCollection->loadRoutes()
 5 SYSTEMPATH/CodeIgniter.php(457): CodeIgniter\CodeIgniter->tryToRouteIt(null)
 6 SYSTEMPATH/CodeIgniter.php(355): CodeIgniter\CodeIgniter->handleRequest(null, Object(Config\Cache), false)
 7 SYSTEMPATH/Boot.php(325): CodeIgniter\CodeIgniter->run()
 8 SYSTEMPATH/Boot.php(67): CodeIgniter\Boot::runCodeIgniter(Object(CodeIgniter\CodeIgniter))
 9 FCPATH/index.php(56): CodeIgniter\Boot::bootWeb(Object(Config\Paths))
10 SYSTEMPATH/rewrite.php(44): require_once('/home/etudiant/dk220581/CodeIgniter/SGT/public/index.php')
WARNING - 2024-11-25 08:17:47 --> [DEPRECATED] Passing lowercase HTTP method "get" is deprecated. Use uppercase HTTP method like "GET". in SYSTEMPATH/Router/RouteCollection.php on line 1027.
 1 SYSTEMPATH/Router/RouteCollection.php(1027): trigger_error('Passing lowercase HTTP method "get" is deprecated. Use uppercase HTTP method like "GET".', 16384)
 2 APPPATH/Config/Routes.php(16): CodeIgniter\Router\RouteCollection->match([...], 'signup/store', 'Utilisateur\\SignupController::store')
 3 SYSTEMPATH/Router/RouteCollection.php(340): require('/home/etudiant/dk220581/CodeIgniter/SGT/app/Config/Routes.php')
 4 SYSTEMPATH/CodeIgniter.php(823): CodeIgniter\Router\RouteCollection->loadRoutes()
 5 SYSTEMPATH/CodeIgniter.php(457): CodeIgniter\CodeIgniter->tryToRouteIt(null)
 6 SYSTEMPATH/CodeIgniter.php(355): CodeIgniter\CodeIgniter->handleRequest(null, Object(Config\Cache), false)
 7 SYSTEMPATH/Boot.php(325): CodeIgniter\CodeIgniter->run()
 8 SYSTEMPATH/Boot.php(67): CodeIgniter\Boot::runCodeIgniter(Object(CodeIgniter\CodeIgniter))
 9 FCPATH/index.php(56): CodeIgniter\Boot::bootWeb(Object(Config\Paths))
10 SYSTEMPATH/rewrite.php(44): require_once('/home/etudiant/dk220581/CodeIgniter/SGT/public/index.php')
WARNING - 2024-11-25 08:17:47 --> [DEPRECATED] Passing lowercase HTTP method "post" is deprecated. Use uppercase HTTP method like "POST". in SYSTEMPATH/Router/RouteCollection.php on line 1027.
 1 SYSTEMPATH/Router/RouteCollection.php(1027): trigger_error('Passing lowercase HTTP method "post" is deprecated. Use uppercase HTTP method like "POST".', 16384)
 2 APPPATH/Config/Routes.php(16): CodeIgniter\Router\RouteCollection->match([...], 'signup/store', 'Utilisateur\\SignupController::store')
 3 SYSTEMPATH/Router/RouteCollection.php(340): require('/home/etudiant/dk220581/CodeIgniter/SGT/app/Config/Routes.php')
 4 SYSTEMPATH/CodeIgniter.php(823): CodeIgniter\Router\RouteCollection->loadRoutes()
 5 SYSTEMPATH/CodeIgniter.php(457): CodeIgniter\CodeIgniter->tryToRouteIt(null)
 6 SYSTEMPATH/CodeIgniter.php(355): CodeIgniter\CodeIgniter->handleRequest(null, Object(Config\Cache), false)
 7 SYSTEMPATH/Boot.php(325): CodeIgniter\CodeIgniter->run()
 8 SYSTEMPATH/Boot.php(67): CodeIgniter\Boot::runCodeIgniter(Object(CodeIgniter\CodeIgniter))
 9 FCPATH/index.php(56): CodeIgniter\Boot::bootWeb(Object(Config\Paths))
10 SYSTEMPATH/rewrite.php(44): require_once('/home/etudiant/dk220581/CodeIgniter/SGT/public/index.php')
WARNING - 2024-11-25 08:18:35 --> [DEPRECATED] Passing lowercase HTTP method "get" is deprecated. Use uppercase HTTP method like "GET". in SYSTEMPATH/Router/RouteCollection.php on line 1027.
 1 SYSTEMPATH/Router/RouteCollection.php(1027): trigger_error('Passing lowercase HTTP method "get" is deprecated. Use uppercase HTTP method like "GET".', 16384)
 2 APPPATH/Config/Routes.php(12): CodeIgniter\Router\RouteCollection->match([...], 'signin/auth', 'Utilisateur\\SigninController::loginAuth')
 3 SYSTEMPATH/Router/RouteCollection.php(340): require('/home/etudiant/dk220581/CodeIgniter/SGT/app/Config/Routes.php')
 4 SYSTEMPATH/CodeIgniter.php(823): CodeIgniter\Router\RouteCollection->loadRoutes()
 5 SYSTEMPATH/CodeIgniter.php(457): CodeIgniter\CodeIgniter->tryToRouteIt(null)
 6 SYSTEMPATH/CodeIgniter.php(355): CodeIgniter\CodeIgniter->handleRequest(null, Object(Config\Cache), false)
 7 SYSTEMPATH/Boot.php(325): CodeIgniter\CodeIgniter->run()
 8 SYSTEMPATH/Boot.php(67): CodeIgniter\Boot::runCodeIgniter(Object(CodeIgniter\CodeIgniter))
 9 FCPATH/index.php(56): CodeIgniter\Boot::bootWeb(Object(Config\Paths))
10 SYSTEMPATH/rewrite.php(44): require_once('/home/etudiant/dk220581/CodeIgniter/SGT/public/index.php')
WARNING - 2024-11-25 08:18:35 --> [DEPRECATED] Passing lowercase HTTP method "post" is deprecated. Use uppercase HTTP method like "POST". in SYSTEMPATH/Router/RouteCollection.php on line 1027.
 1 SYSTEMPATH/Router/RouteCollection.php(1027): trigger_error('Passing lowercase HTTP method "post" is deprecated. Use uppercase HTTP method like "POST".', 16384)
 2 APPPATH/Config/Routes.php(12): CodeIgniter\Router\RouteCollection->match([...], 'signin/auth', 'Utilisateur\\SigninController::loginAuth')
 3 SYSTEMPATH/Router/RouteCollection.php(340): require('/home/etudiant/dk220581/CodeIgniter/SGT/app/Config/Routes.php')
 4 SYSTEMPATH/CodeIgniter.php(823): CodeIgniter\Router\RouteCollection->loadRoutes()
 5 SYSTEMPATH/CodeIgniter.php(457): CodeIgniter\CodeIgniter->tryToRouteIt(null)
 6 SYSTEMPATH/CodeIgniter.php(355): CodeIgniter\CodeIgniter->handleRequest(null, Object(Config\Cache), false)
 7 SYSTEMPATH/Boot.php(325): CodeIgniter\CodeIgniter->run()
 8 SYSTEMPATH/Boot.php(67): CodeIgniter\Boot::runCodeIgniter(Object(CodeIgniter\CodeIgniter))
 9 FCPATH/index.php(56): CodeIgniter\Boot::bootWeb(Object(Config\Paths))
10 SYSTEMPATH/rewrite.php(44): require_once('/home/etudiant/dk220581/CodeIgniter/SGT/public/index.php')
WARNING - 2024-11-25 08:18:35 --> [DEPRECATED] Passing lowercase HTTP method "get" is deprecated. Use uppercase HTTP method like "GET". in SYSTEMPATH/Router/RouteCollection.php on line 1027.
 1 SYSTEMPATH/Router/RouteCollection.php(1027): trigger_error('Passing lowercase HTTP method "get" is deprecated. Use uppercase HTTP method like "GET".', 16384)
 2 APPPATH/Config/Routes.php(16): CodeIgniter\Router\RouteCollection->match([...], 'signup/store', 'Utilisateur\\SignupController::store')
 3 SYSTEMPATH/Router/RouteCollection.php(340): require('/home/etudiant/dk220581/CodeIgniter/SGT/app/Config/Routes.php')
 4 SYSTEMPATH/CodeIgniter.php(823): CodeIgniter\Router\RouteCollection->loadRoutes()
 5 SYSTEMPATH/CodeIgniter.php(457): CodeIgniter\CodeIgniter->tryToRouteIt(null)
 6 SYSTEMPATH/CodeIgniter.php(355): CodeIgniter\CodeIgniter->handleRequest(null, Object(Config\Cache), false)
 7 SYSTEMPATH/Boot.php(325): CodeIgniter\CodeIgniter->run()
 8 SYSTEMPATH/Boot.php(67): CodeIgniter\Boot::runCodeIgniter(Object(CodeIgniter\CodeIgniter))
 9 FCPATH/index.php(56): CodeIgniter\Boot::bootWeb(Object(Config\Paths))
10 SYSTEMPATH/rewrite.php(44): require_once('/home/etudiant/dk220581/CodeIgniter/SGT/public/index.php')
WARNING - 2024-11-25 08:18:35 --> [DEPRECATED] Passing lowercase HTTP method "post" is deprecated. Use uppercase HTTP method like "POST". in SYSTEMPATH/Router/RouteCollection.php on line 1027.
 1 SYSTEMPATH/Router/RouteCollection.php(1027): trigger_error('Passing lowercase HTTP method "post" is deprecated. Use uppercase HTTP method like "POST".', 16384)
 2 APPPATH/Config/Routes.php(16): CodeIgniter\Router\RouteCollection->match([...], 'signup/store', 'Utilisateur\\SignupController::store')
 3 SYSTEMPATH/Router/RouteCollection.php(340): require('/home/etudiant/dk220581/CodeIgniter/SGT/app/Config/Routes.php')
 4 SYSTEMPATH/CodeIgniter.php(823): CodeIgniter\Router\RouteCollection->loadRoutes()
 5 SYSTEMPATH/CodeIgniter.php(457): CodeIgniter\CodeIgniter->tryToRouteIt(null)
 6 SYSTEMPATH/CodeIgniter.php(355): CodeIgniter\CodeIgniter->handleRequest(null, Object(Config\Cache), false)
 7 SYSTEMPATH/Boot.php(325): CodeIgniter\CodeIgniter->run()
 8 SYSTEMPATH/Boot.php(67): CodeIgniter\Boot::runCodeIgniter(Object(CodeIgniter\CodeIgniter))
 9 FCPATH/index.php(56): CodeIgniter\Boot::bootWeb(Object(Config\Paths))
10 SYSTEMPATH/rewrite.php(44): require_once('/home/etudiant/dk220581/CodeIgniter/SGT/public/index.php')
WARNING - 2024-11-25 08:18:41 --> [DEPRECATED] Passing lowercase HTTP method "get" is deprecated. Use uppercase HTTP method like "GET". in SYSTEMPATH/Router/RouteCollection.php on line 1027.
 1 SYSTEMPATH/Router/RouteCollection.php(1027): trigger_error('Passing lowercase HTTP method "get" is deprecated. Use uppercase HTTP method like "GET".', 16384)
 2 APPPATH/Config/Routes.php(12): CodeIgniter\Router\RouteCollection->match([...], 'signin/auth', 'Utilisateur\\SigninController::loginAuth')
 3 SYSTEMPATH/Router/RouteCollection.php(340): require('/home/etudiant/dk220581/CodeIgniter/SGT/app/Config/Routes.php')
 4 SYSTEMPATH/CodeIgniter.php(823): CodeIgniter\Router\RouteCollection->loadRoutes()
 5 SYSTEMPATH/CodeIgniter.php(457): CodeIgniter\CodeIgniter->tryToRouteIt(null)
 6 SYSTEMPATH/CodeIgniter.php(355): CodeIgniter\CodeIgniter->handleRequest(null, Object(Config\Cache), false)
 7 SYSTEMPATH/Boot.php(325): CodeIgniter\CodeIgniter->run()
 8 SYSTEMPATH/Boot.php(67): CodeIgniter\Boot::runCodeIgniter(Object(CodeIgniter\CodeIgniter))
 9 FCPATH/index.php(56): CodeIgniter\Boot::bootWeb(Object(Config\Paths))
10 SYSTEMPATH/rewrite.php(44): require_once('/home/etudiant/dk220581/CodeIgniter/SGT/public/index.php')
WARNING - 2024-11-25 08:18:41 --> [DEPRECATED] Passing lowercase HTTP method "post" is deprecated. Use uppercase HTTP method like "POST". in SYSTEMPATH/Router/RouteCollection.php on line 1027.
 1 SYSTEMPATH/Router/RouteCollection.php(1027): trigger_error('Passing lowercase HTTP method "post" is deprecated. Use uppercase HTTP method like "POST".', 16384)
 2 APPPATH/Config/Routes.php(12): CodeIgniter\Router\RouteCollection->match([...], 'signin/auth', 'Utilisateur\\SigninController::loginAuth')
 3 SYSTEMPATH/Router/RouteCollection.php(340): require('/home/etudiant/dk220581/CodeIgniter/SGT/app/Config/Routes.php')
 4 SYSTEMPATH/CodeIgniter.php(823): CodeIgniter\Router\RouteCollection->loadRoutes()
 5 SYSTEMPATH/CodeIgniter.php(457): CodeIgniter\CodeIgniter->tryToRouteIt(null)
 6 SYSTEMPATH/CodeIgniter.php(355): CodeIgniter\CodeIgniter->handleRequest(null, Object(Config\Cache), false)
 7 SYSTEMPATH/Boot.php(325): CodeIgniter\CodeIgniter->run()
 8 SYSTEMPATH/Boot.php(67): CodeIgniter\Boot::runCodeIgniter(Object(CodeIgniter\CodeIgniter))
 9 FCPATH/index.php(56): CodeIgniter\Boot::bootWeb(Object(Config\Paths))
10 SYSTEMPATH/rewrite.php(44): require_once('/home/etudiant/dk220581/CodeIgniter/SGT/public/index.php')
WARNING - 2024-11-25 08:18:41 --> [DEPRECATED] Passing lowercase HTTP method "get" is deprecated. Use uppercase HTTP method like "GET". in SYSTEMPATH/Router/RouteCollection.php on line 1027.
 1 SYSTEMPATH/Router/RouteCollection.php(1027): trigger_error('Passing lowercase HTTP method "get" is deprecated. Use uppercase HTTP method like "GET".', 16384)
 2 APPPATH/Config/Routes.php(16): CodeIgniter\Router\RouteCollection->match([...], 'signup/store', 'Utilisateur\\SignupController::store')
 3 SYSTEMPATH/Router/RouteCollection.php(340): require('/home/etudiant/dk220581/CodeIgniter/SGT/app/Config/Routes.php')
 4 SYSTEMPATH/CodeIgniter.php(823): CodeIgniter\Router\RouteCollection->loadRoutes()
 5 SYSTEMPATH/CodeIgniter.php(457): CodeIgniter\CodeIgniter->tryToRouteIt(null)
 6 SYSTEMPATH/CodeIgniter.php(355): CodeIgniter\CodeIgniter->handleRequest(null, Object(Config\Cache), false)
 7 SYSTEMPATH/Boot.php(325): CodeIgniter\CodeIgniter->run()
 8 SYSTEMPATH/Boot.php(67): CodeIgniter\Boot::runCodeIgniter(Object(CodeIgniter\CodeIgniter))
 9 FCPATH/index.php(56): CodeIgniter\Boot::bootWeb(Object(Config\Paths))
10 SYSTEMPATH/rewrite.php(44): require_once('/home/etudiant/dk220581/CodeIgniter/SGT/public/index.php')
WARNING - 2024-11-25 08:18:41 --> [DEPRECATED] Passing lowercase HTTP method "post" is deprecated. Use uppercase HTTP method like "POST". in SYSTEMPATH/Router/RouteCollection.php on line 1027.
 1 SYSTEMPATH/Router/RouteCollection.php(1027): trigger_error('Passing lowercase HTTP method "post" is deprecated. Use uppercase HTTP method like "POST".', 16384)
 2 APPPATH/Config/Routes.php(16): CodeIgniter\Router\RouteCollection->match([...], 'signup/store', 'Utilisateur\\SignupController::store')
 3 SYSTEMPATH/Router/RouteCollection.php(340): require('/home/etudiant/dk220581/CodeIgniter/SGT/app/Config/Routes.php')
 4 SYSTEMPATH/CodeIgniter.php(823): CodeIgniter\Router\RouteCollection->loadRoutes()
 5 SYSTEMPATH/CodeIgniter.php(457): CodeIgniter\CodeIgniter->tryToRouteIt(null)
 6 SYSTEMPATH/CodeIgniter.php(355): CodeIgniter\CodeIgniter->handleRequest(null, Object(Config\Cache), false)
 7 SYSTEMPATH/Boot.php(325): CodeIgniter\CodeIgniter->run()
 8 SYSTEMPATH/Boot.php(67): CodeIgniter\Boot::runCodeIgniter(Object(CodeIgniter\CodeIgniter))
 9 FCPATH/index.php(56): CodeIgniter\Boot::bootWeb(Object(Config\Paths))
10 SYSTEMPATH/rewrite.php(44): require_once('/home/etudiant/dk220581/CodeIgniter/SGT/public/index.php')
WARNING - 2024-11-25 08:18:41 --> [DEPRECATED] Passing lowercase HTTP method "get" is deprecated. Use uppercase HTTP method like "GET". in SYSTEMPATH/Router/RouteCollection.php on line 1027.
 1 SYSTEMPATH/Router/RouteCollection.php(1027): trigger_error('Passing lowercase HTTP method "get" is deprecated. Use uppercase HTTP method like "GET".', 16384)
 2 APPPATH/Config/Routes.php(12): CodeIgniter\Router\RouteCollection->match([...], 'signin/auth', 'Utilisateur\\SigninController::loginAuth')
 3 SYSTEMPATH/Router/RouteCollection.php(340): require('/home/etudiant/dk220581/CodeIgniter/SGT/app/Config/Routes.php')
 4 SYSTEMPATH/CodeIgniter.php(823): CodeIgniter\Router\RouteCollection->loadRoutes()
 5 SYSTEMPATH/CodeIgniter.php(457): CodeIgniter\CodeIgniter->tryToRouteIt(null)
 6 SYSTEMPATH/CodeIgniter.php(355): CodeIgniter\CodeIgniter->handleRequest(null, Object(Config\Cache), false)
 7 SYSTEMPATH/Boot.php(325): CodeIgniter\CodeIgniter->run()
 8 SYSTEMPATH/Boot.php(67): CodeIgniter\Boot::runCodeIgniter(Object(CodeIgniter\CodeIgniter))
 9 FCPATH/index.php(56): CodeIgniter\Boot::bootWeb(Object(Config\Paths))
10 SYSTEMPATH/rewrite.php(44): require_once('/home/etudiant/dk220581/CodeIgniter/SGT/public/index.php')
WARNING - 2024-11-25 08:18:41 --> [DEPRECATED] Passing lowercase HTTP method "post" is deprecated. Use uppercase HTTP method like "POST". in SYSTEMPATH/Router/RouteCollection.php on line 1027.
 1 SYSTEMPATH/Router/RouteCollection.php(1027): trigger_error('Passing lowercase HTTP method "post" is deprecated. Use uppercase HTTP method like "POST".', 16384)
 2 APPPATH/Config/Routes.php(12): CodeIgniter\Router\RouteCollection->match([...], 'signin/auth', 'Utilisateur\\SigninController::loginAuth')
 3 SYSTEMPATH/Router/RouteCollection.php(340): require('/home/etudiant/dk220581/CodeIgniter/SGT/app/Config/Routes.php')
 4 SYSTEMPATH/CodeIgniter.php(823): CodeIgniter\Router\RouteCollection->loadRoutes()
 5 SYSTEMPATH/CodeIgniter.php(457): CodeIgniter\CodeIgniter->tryToRouteIt(null)
 6 SYSTEMPATH/CodeIgniter.php(355): CodeIgniter\CodeIgniter->handleRequest(null, Object(Config\Cache), false)
 7 SYSTEMPATH/Boot.php(325): CodeIgniter\CodeIgniter->run()
 8 SYSTEMPATH/Boot.php(67): CodeIgniter\Boot::runCodeIgniter(Object(CodeIgniter\CodeIgniter))
 9 FCPATH/index.php(56): CodeIgniter\Boot::bootWeb(Object(Config\Paths))
10 SYSTEMPATH/rewrite.php(44): require_once('/home/etudiant/dk220581/CodeIgniter/SGT/public/index.php')
WARNING - 2024-11-25 08:18:41 --> [DEPRECATED] Passing lowercase HTTP method "get" is deprecated. Use uppercase HTTP method like "GET". in SYSTEMPATH/Router/RouteCollection.php on line 1027.
 1 SYSTEMPATH/Router/RouteCollection.php(1027): trigger_error('Passing lowercase HTTP method "get" is deprecated. Use uppercase HTTP method like "GET".', 16384)
 2 APPPATH/Config/Routes.php(16): CodeIgniter\Router\RouteCollection->match([...], 'signup/store', 'Utilisateur\\SignupController::store')
 3 SYSTEMPATH/Router/RouteCollection.php(340): require('/home/etudiant/dk220581/CodeIgniter/SGT/app/Config/Routes.php')
 4 SYSTEMPATH/CodeIgniter.php(823): CodeIgniter\Router\RouteCollection->loadRoutes()
 5 SYSTEMPATH/CodeIgniter.php(457): CodeIgniter\CodeIgniter->tryToRouteIt(null)
 6 SYSTEMPATH/CodeIgniter.php(355): CodeIgniter\CodeIgniter->handleRequest(null, Object(Config\Cache), false)
 7 SYSTEMPATH/Boot.php(325): CodeIgniter\CodeIgniter->run()
 8 SYSTEMPATH/Boot.php(67): CodeIgniter\Boot::runCodeIgniter(Object(CodeIgniter\CodeIgniter))
 9 FCPATH/index.php(56): CodeIgniter\Boot::bootWeb(Object(Config\Paths))
10 SYSTEMPATH/rewrite.php(44): require_once('/home/etudiant/dk220581/CodeIgniter/SGT/public/index.php')
WARNING - 2024-11-25 08:18:41 --> [DEPRECATED] Passing lowercase HTTP method "post" is deprecated. Use uppercase HTTP method like "POST". in SYSTEMPATH/Router/RouteCollection.php on line 1027.
 1 SYSTEMPATH/Router/RouteCollection.php(1027): trigger_error('Passing lowercase HTTP method "post" is deprecated. Use uppercase HTTP method like "POST".', 16384)
 2 APPPATH/Config/Routes.php(16): CodeIgniter\Router\RouteCollection->match([...], 'signup/store', 'Utilisateur\\SignupController::store')
 3 SYSTEMPATH/Router/RouteCollection.php(340): require('/home/etudiant/dk220581/CodeIgniter/SGT/app/Config/Routes.php')
 4 SYSTEMPATH/CodeIgniter.php(823): CodeIgniter\Router\RouteCollection->loadRoutes()
 5 SYSTEMPATH/CodeIgniter.php(457): CodeIgniter\CodeIgniter->tryToRouteIt(null)
 6 SYSTEMPATH/CodeIgniter.php(355): CodeIgniter\CodeIgniter->handleRequest(null, Object(Config\Cache), false)
 7 SYSTEMPATH/Boot.php(325): CodeIgniter\CodeIgniter->run()
 8 SYSTEMPATH/Boot.php(67): CodeIgniter\Boot::runCodeIgniter(Object(CodeIgniter\CodeIgniter))
 9 FCPATH/index.php(56): CodeIgniter\Boot::bootWeb(Object(Config\Paths))
10 SYSTEMPATH/rewrite.php(44): require_once('/home/etudiant/dk220581/CodeIgniter/SGT/public/index.php')
WARNING - 2024-11-25 08:18:41 --> [DEPRECATED] Passing lowercase HTTP method "get" is deprecated. Use uppercase HTTP method like "GET". in SYSTEMPATH/Router/RouteCollection.php on line 1027.
 1 SYSTEMPATH/Router/RouteCollection.php(1027): trigger_error('Passing lowercase HTTP method "get" is deprecated. Use uppercase HTTP method like "GET".', 16384)
 2 APPPATH/Config/Routes.php(12): CodeIgniter\Router\RouteCollection->match([...], 'signin/auth', 'Utilisateur\\SigninController::loginAuth')
 3 SYSTEMPATH/Router/RouteCollection.php(340): require('/home/etudiant/dk220581/CodeIgniter/SGT/app/Config/Routes.php')
 4 SYSTEMPATH/CodeIgniter.php(823): CodeIgniter\Router\RouteCollection->loadRoutes()
 5 SYSTEMPATH/CodeIgniter.php(457): CodeIgniter\CodeIgniter->tryToRouteIt(null)
 6 SYSTEMPATH/CodeIgniter.php(355): CodeIgniter\CodeIgniter->handleRequest(null, Object(Config\Cache), false)
 7 SYSTEMPATH/Boot.php(325): CodeIgniter\CodeIgniter->run()
 8 SYSTEMPATH/Boot.php(67): CodeIgniter\Boot::runCodeIgniter(Object(CodeIgniter\CodeIgniter))
 9 FCPATH/index.php(56): CodeIgniter\Boot::bootWeb(Object(Config\Paths))
10 SYSTEMPATH/rewrite.php(44): require_once('/home/etudiant/dk220581/CodeIgniter/SGT/public/index.php')
WARNING - 2024-11-25 08:18:41 --> [DEPRECATED] Passing lowercase HTTP method "post" is deprecated. Use uppercase HTTP method like "POST". in SYSTEMPATH/Router/RouteCollection.php on line 1027.
 1 SYSTEMPATH/Router/RouteCollection.php(1027): trigger_error('Passing lowercase HTTP method "post" is deprecated. Use uppercase HTTP method like "POST".', 16384)
 2 APPPATH/Config/Routes.php(12): CodeIgniter\Router\RouteCollection->match([...], 'signin/auth', 'Utilisateur\\SigninController::loginAuth')
 3 SYSTEMPATH/Router/RouteCollection.php(340): require('/home/etudiant/dk220581/CodeIgniter/SGT/app/Config/Routes.php')
 4 SYSTEMPATH/CodeIgniter.php(823): CodeIgniter\Router\RouteCollection->loadRoutes()
 5 SYSTEMPATH/CodeIgniter.php(457): CodeIgniter\CodeIgniter->tryToRouteIt(null)
 6 SYSTEMPATH/CodeIgniter.php(355): CodeIgniter\CodeIgniter->handleRequest(null, Object(Config\Cache), false)
 7 SYSTEMPATH/Boot.php(325): CodeIgniter\CodeIgniter->run()
 8 SYSTEMPATH/Boot.php(67): CodeIgniter\Boot::runCodeIgniter(Object(CodeIgniter\CodeIgniter))
 9 FCPATH/index.php(56): CodeIgniter\Boot::bootWeb(Object(Config\Paths))
10 SYSTEMPATH/rewrite.php(44): require_once('/home/etudiant/dk220581/CodeIgniter/SGT/public/index.php')
WARNING - 2024-11-25 08:18:41 --> [DEPRECATED] Passing lowercase HTTP method "get" is deprecated. Use uppercase HTTP method like "GET". in SYSTEMPATH/Router/RouteCollection.php on line 1027.
 1 SYSTEMPATH/Router/RouteCollection.php(1027): trigger_error('Passing lowercase HTTP method "get" is deprecated. Use uppercase HTTP method like "GET".', 16384)
 2 APPPATH/Config/Routes.php(16): CodeIgniter\Router\RouteCollection->match([...], 'signup/store', 'Utilisateur\\SignupController::store')
 3 SYSTEMPATH/Router/RouteCollection.php(340): require('/home/etudiant/dk220581/CodeIgniter/SGT/app/Config/Routes.php')
 4 SYSTEMPATH/CodeIgniter.php(823): CodeIgniter\Router\RouteCollection->loadRoutes()
 5 SYSTEMPATH/CodeIgniter.php(457): CodeIgniter\CodeIgniter->tryToRouteIt(null)
 6 SYSTEMPATH/CodeIgniter.php(355): CodeIgniter\CodeIgniter->handleRequest(null, Object(Config\Cache), false)
 7 SYSTEMPATH/Boot.php(325): CodeIgniter\CodeIgniter->run()
 8 SYSTEMPATH/Boot.php(67): CodeIgniter\Boot::runCodeIgniter(Object(CodeIgniter\CodeIgniter))
 9 FCPATH/index.php(56): CodeIgniter\Boot::bootWeb(Object(Config\Paths))
10 SYSTEMPATH/rewrite.php(44): require_once('/home/etudiant/dk220581/CodeIgniter/SGT/public/index.php')
WARNING - 2024-11-25 08:18:41 --> [DEPRECATED] Passing lowercase HTTP method "post" is deprecated. Use uppercase HTTP method like "POST". in SYSTEMPATH/Router/RouteCollection.php on line 1027.
 1 SYSTEMPATH/Router/RouteCollection.php(1027): trigger_error('Passing lowercase HTTP method "post" is deprecated. Use uppercase HTTP method like "POST".', 16384)
 2 APPPATH/Config/Routes.php(16): CodeIgniter\Router\RouteCollection->match([...], 'signup/store', 'Utilisateur\\SignupController::store')
 3 SYSTEMPATH/Router/RouteCollection.php(340): require('/home/etudiant/dk220581/CodeIgniter/SGT/app/Config/Routes.php')
 4 SYSTEMPATH/CodeIgniter.php(823): CodeIgniter\Router\RouteCollection->loadRoutes()
 5 SYSTEMPATH/CodeIgniter.php(457): CodeIgniter\CodeIgniter->tryToRouteIt(null)
 6 SYSTEMPATH/CodeIgniter.php(355): CodeIgniter\CodeIgniter->handleRequest(null, Object(Config\Cache), false)
 7 SYSTEMPATH/Boot.php(325): CodeIgniter\CodeIgniter->run()
 8 SYSTEMPATH/Boot.php(67): CodeIgniter\Boot::runCodeIgniter(Object(CodeIgniter\CodeIgniter))
 9 FCPATH/index.php(56): CodeIgniter\Boot::bootWeb(Object(Config\Paths))
10 SYSTEMPATH/rewrite.php(44): require_once('/home/etudiant/dk220581/CodeIgniter/SGT/public/index.php')
WARNING - 2024-11-25 08:18:41 --> [DEPRECATED] Passing lowercase HTTP method "get" is deprecated. Use uppercase HTTP method like "GET". in SYSTEMPATH/Router/RouteCollection.php on line 1027.
 1 SYSTEMPATH/Router/RouteCollection.php(1027): trigger_error('Passing lowercase HTTP method "get" is deprecated. Use uppercase HTTP method like "GET".', 16384)
 2 APPPATH/Config/Routes.php(12): CodeIgniter\Router\RouteCollection->match([...], 'signin/auth', 'Utilisateur\\SigninController::loginAuth')
 3 SYSTEMPATH/Router/RouteCollection.php(340): require('/home/etudiant/dk220581/CodeIgniter/SGT/app/Config/Routes.php')
 4 SYSTEMPATH/CodeIgniter.php(823): CodeIgniter\Router\RouteCollection->loadRoutes()
 5 SYSTEMPATH/CodeIgniter.php(457): CodeIgniter\CodeIgniter->tryToRouteIt(null)
 6 SYSTEMPATH/CodeIgniter.php(355): CodeIgniter\CodeIgniter->handleRequest(null, Object(Config\Cache), false)
 7 SYSTEMPATH/Boot.php(325): CodeIgniter\CodeIgniter->run()
 8 SYSTEMPATH/Boot.php(67): CodeIgniter\Boot::runCodeIgniter(Object(CodeIgniter\CodeIgniter))
 9 FCPATH/index.php(56): CodeIgniter\Boot::bootWeb(Object(Config\Paths))
10 SYSTEMPATH/rewrite.php(44): require_once('/home/etudiant/dk220581/CodeIgniter/SGT/public/index.php')
WARNING - 2024-11-25 08:18:41 --> [DEPRECATED] Passing lowercase HTTP method "post" is deprecated. Use uppercase HTTP method like "POST". in SYSTEMPATH/Router/RouteCollection.php on line 1027.
 1 SYSTEMPATH/Router/RouteCollection.php(1027): trigger_error('Passing lowercase HTTP method "post" is deprecated. Use uppercase HTTP method like "POST".', 16384)
 2 APPPATH/Config/Routes.php(12): CodeIgniter\Router\RouteCollection->match([...], 'signin/auth', 'Utilisateur\\SigninController::loginAuth')
 3 SYSTEMPATH/Router/RouteCollection.php(340): require('/home/etudiant/dk220581/CodeIgniter/SGT/app/Config/Routes.php')
 4 SYSTEMPATH/CodeIgniter.php(823): CodeIgniter\Router\RouteCollection->loadRoutes()
 5 SYSTEMPATH/CodeIgniter.php(457): CodeIgniter\CodeIgniter->tryToRouteIt(null)
 6 SYSTEMPATH/CodeIgniter.php(355): CodeIgniter\CodeIgniter->handleRequest(null, Object(Config\Cache), false)
 7 SYSTEMPATH/Boot.php(325): CodeIgniter\CodeIgniter->run()
 8 SYSTEMPATH/Boot.php(67): CodeIgniter\Boot::runCodeIgniter(Object(CodeIgniter\CodeIgniter))
 9 FCPATH/index.php(56): CodeIgniter\Boot::bootWeb(Object(Config\Paths))
10 SYSTEMPATH/rewrite.php(44): require_once('/home/etudiant/dk220581/CodeIgniter/SGT/public/index.php')
WARNING - 2024-11-25 08:18:41 --> [DEPRECATED] Passing lowercase HTTP method "get" is deprecated. Use uppercase HTTP method like "GET". in SYSTEMPATH/Router/RouteCollection.php on line 1027.
 1 SYSTEMPATH/Router/RouteCollection.php(1027): trigger_error('Passing lowercase HTTP method "get" is deprecated. Use uppercase HTTP method like "GET".', 16384)
 2 APPPATH/Config/Routes.php(16): CodeIgniter\Router\RouteCollection->match([...], 'signup/store', 'Utilisateur\\SignupController::store')
 3 SYSTEMPATH/Router/RouteCollection.php(340): require('/home/etudiant/dk220581/CodeIgniter/SGT/app/Config/Routes.php')
 4 SYSTEMPATH/CodeIgniter.php(823): CodeIgniter\Router\RouteCollection->loadRoutes()
 5 SYSTEMPATH/CodeIgniter.php(457): CodeIgniter\CodeIgniter->tryToRouteIt(null)
 6 SYSTEMPATH/CodeIgniter.php(355): CodeIgniter\CodeIgniter->handleRequest(null, Object(Config\Cache), false)
 7 SYSTEMPATH/Boot.php(325): CodeIgniter\CodeIgniter->run()
 8 SYSTEMPATH/Boot.php(67): CodeIgniter\Boot::runCodeIgniter(Object(CodeIgniter\CodeIgniter))
 9 FCPATH/index.php(56): CodeIgniter\Boot::bootWeb(Object(Config\Paths))
10 SYSTEMPATH/rewrite.php(44): require_once('/home/etudiant/dk220581/CodeIgniter/SGT/public/index.php')
WARNING - 2024-11-25 08:18:41 --> [DEPRECATED] Passing lowercase HTTP method "post" is deprecated. Use uppercase HTTP method like "POST". in SYSTEMPATH/Router/RouteCollection.php on line 1027.
 1 SYSTEMPATH/Router/RouteCollection.php(1027): trigger_error('Passing lowercase HTTP method "post" is deprecated. Use uppercase HTTP method like "POST".', 16384)
 2 APPPATH/Config/Routes.php(16): CodeIgniter\Router\RouteCollection->match([...], 'signup/store', 'Utilisateur\\SignupController::store')
 3 SYSTEMPATH/Router/RouteCollection.php(340): require('/home/etudiant/dk220581/CodeIgniter/SGT/app/Config/Routes.php')
 4 SYSTEMPATH/CodeIgniter.php(823): CodeIgniter\Router\RouteCollection->loadRoutes()
 5 SYSTEMPATH/CodeIgniter.php(457): CodeIgniter\CodeIgniter->tryToRouteIt(null)
 6 SYSTEMPATH/CodeIgniter.php(355): CodeIgniter\CodeIgniter->handleRequest(null, Object(Config\Cache), false)
 7 SYSTEMPATH/Boot.php(325): CodeIgniter\CodeIgniter->run()
 8 SYSTEMPATH/Boot.php(67): CodeIgniter\Boot::runCodeIgniter(Object(CodeIgniter\CodeIgniter))
 9 FCPATH/index.php(56): CodeIgniter\Boot::bootWeb(Object(Config\Paths))
10 SYSTEMPATH/rewrite.php(44): require_once('/home/etudiant/dk220581/CodeIgniter/SGT/public/index.php')
WARNING - 2024-11-25 08:18:42 --> [DEPRECATED] Passing lowercase HTTP method "get" is deprecated. Use uppercase HTTP method like "GET". in SYSTEMPATH/Router/RouteCollection.php on line 1027.
 1 SYSTEMPATH/Router/RouteCollection.php(1027): trigger_error('Passing lowercase HTTP method "get" is deprecated. Use uppercase HTTP method like "GET".', 16384)
 2 APPPATH/Config/Routes.php(12): CodeIgniter\Router\RouteCollection->match([...], 'signin/auth', 'Utilisateur\\SigninController::loginAuth')
 3 SYSTEMPATH/Router/RouteCollection.php(340): require('/home/etudiant/dk220581/CodeIgniter/SGT/app/Config/Routes.php')
 4 SYSTEMPATH/CodeIgniter.php(823): CodeIgniter\Router\RouteCollection->loadRoutes()
 5 SYSTEMPATH/CodeIgniter.php(457): CodeIgniter\CodeIgniter->tryToRouteIt(null)
 6 SYSTEMPATH/CodeIgniter.php(355): CodeIgniter\CodeIgniter->handleRequest(null, Object(Config\Cache), false)
 7 SYSTEMPATH/Boot.php(325): CodeIgniter\CodeIgniter->run()
 8 SYSTEMPATH/Boot.php(67): CodeIgniter\Boot::runCodeIgniter(Object(CodeIgniter\CodeIgniter))
 9 FCPATH/index.php(56): CodeIgniter\Boot::bootWeb(Object(Config\Paths))
10 SYSTEMPATH/rewrite.php(44): require_once('/home/etudiant/dk220581/CodeIgniter/SGT/public/index.php')
WARNING - 2024-11-25 08:18:42 --> [DEPRECATED] Passing lowercase HTTP method "post" is deprecated. Use uppercase HTTP method like "POST". in SYSTEMPATH/Router/RouteCollection.php on line 1027.
 1 SYSTEMPATH/Router/RouteCollection.php(1027): trigger_error('Passing lowercase HTTP method "post" is deprecated. Use uppercase HTTP method like "POST".', 16384)
 2 APPPATH/Config/Routes.php(12): CodeIgniter\Router\RouteCollection->match([...], 'signin/auth', 'Utilisateur\\SigninController::loginAuth')
 3 SYSTEMPATH/Router/RouteCollection.php(340): require('/home/etudiant/dk220581/CodeIgniter/SGT/app/Config/Routes.php')
 4 SYSTEMPATH/CodeIgniter.php(823): CodeIgniter\Router\RouteCollection->loadRoutes()
 5 SYSTEMPATH/CodeIgniter.php(457): CodeIgniter\CodeIgniter->tryToRouteIt(null)
 6 SYSTEMPATH/CodeIgniter.php(355): CodeIgniter\CodeIgniter->handleRequest(null, Object(Config\Cache), false)
 7 SYSTEMPATH/Boot.php(325): CodeIgniter\CodeIgniter->run()
 8 SYSTEMPATH/Boot.php(67): CodeIgniter\Boot::runCodeIgniter(Object(CodeIgniter\CodeIgniter))
 9 FCPATH/index.php(56): CodeIgniter\Boot::bootWeb(Object(Config\Paths))
10 SYSTEMPATH/rewrite.php(44): require_once('/home/etudiant/dk220581/CodeIgniter/SGT/public/index.php')
WARNING - 2024-11-25 08:18:42 --> [DEPRECATED] Passing lowercase HTTP method "get" is deprecated. Use uppercase HTTP method like "GET". in SYSTEMPATH/Router/RouteCollection.php on line 1027.
 1 SYSTEMPATH/Router/RouteCollection.php(1027): trigger_error('Passing lowercase HTTP method "get" is deprecated. Use uppercase HTTP method like "GET".', 16384)
 2 APPPATH/Config/Routes.php(16): CodeIgniter\Router\RouteCollection->match([...], 'signup/store', 'Utilisateur\\SignupController::store')
 3 SYSTEMPATH/Router/RouteCollection.php(340): require('/home/etudiant/dk220581/CodeIgniter/SGT/app/Config/Routes.php')
 4 SYSTEMPATH/CodeIgniter.php(823): CodeIgniter\Router\RouteCollection->loadRoutes()
 5 SYSTEMPATH/CodeIgniter.php(457): CodeIgniter\CodeIgniter->tryToRouteIt(null)
 6 SYSTEMPATH/CodeIgniter.php(355): CodeIgniter\CodeIgniter->handleRequest(null, Object(Config\Cache), false)
 7 SYSTEMPATH/Boot.php(325): CodeIgniter\CodeIgniter->run()
 8 SYSTEMPATH/Boot.php(67): CodeIgniter\Boot::runCodeIgniter(Object(CodeIgniter\CodeIgniter))
 9 FCPATH/index.php(56): CodeIgniter\Boot::bootWeb(Object(Config\Paths))
10 SYSTEMPATH/rewrite.php(44): require_once('/home/etudiant/dk220581/CodeIgniter/SGT/public/index.php')
WARNING - 2024-11-25 08:18:42 --> [DEPRECATED] Passing lowercase HTTP method "post" is deprecated. Use uppercase HTTP method like "POST". in SYSTEMPATH/Router/RouteCollection.php on line 1027.
 1 SYSTEMPATH/Router/RouteCollection.php(1027): trigger_error('Passing lowercase HTTP method "post" is deprecated. Use uppercase HTTP method like "POST".', 16384)
 2 APPPATH/Config/Routes.php(16): CodeIgniter\Router\RouteCollection->match([...], 'signup/store', 'Utilisateur\\SignupController::store')
 3 SYSTEMPATH/Router/RouteCollection.php(340): require('/home/etudiant/dk220581/CodeIgniter/SGT/app/Config/Routes.php')
 4 SYSTEMPATH/CodeIgniter.php(823): CodeIgniter\Router\RouteCollection->loadRoutes()
 5 SYSTEMPATH/CodeIgniter.php(457): CodeIgniter\CodeIgniter->tryToRouteIt(null)
 6 SYSTEMPATH/CodeIgniter.php(355): CodeIgniter\CodeIgniter->handleRequest(null, Object(Config\Cache), false)
 7 SYSTEMPATH/Boot.php(325): CodeIgniter\CodeIgniter->run()
 8 SYSTEMPATH/Boot.php(67): CodeIgniter\Boot::runCodeIgniter(Object(CodeIgniter\CodeIgniter))
 9 FCPATH/index.php(56): CodeIgniter\Boot::bootWeb(Object(Config\Paths))
10 SYSTEMPATH/rewrite.php(44): require_once('/home/etudiant/dk220581/CodeIgniter/SGT/public/index.php')
WARNING - 2024-11-25 08:18:42 --> [DEPRECATED] Passing lowercase HTTP method "get" is deprecated. Use uppercase HTTP method like "GET". in SYSTEMPATH/Router/RouteCollection.php on line 1027.
 1 SYSTEMPATH/Router/RouteCollection.php(1027): trigger_error('Passing lowercase HTTP method "get" is deprecated. Use uppercase HTTP method like "GET".', 16384)
 2 APPPATH/Config/Routes.php(12): CodeIgniter\Router\RouteCollection->match([...], 'signin/auth', 'Utilisateur\\SigninController::loginAuth')
 3 SYSTEMPATH/Router/RouteCollection.php(340): require('/home/etudiant/dk220581/CodeIgniter/SGT/app/Config/Routes.php')
 4 SYSTEMPATH/CodeIgniter.php(823): CodeIgniter\Router\RouteCollection->loadRoutes()
 5 SYSTEMPATH/CodeIgniter.php(457): CodeIgniter\CodeIgniter->tryToRouteIt(null)
 6 SYSTEMPATH/CodeIgniter.php(355): CodeIgniter\CodeIgniter->handleRequest(null, Object(Config\Cache), false)
 7 SYSTEMPATH/Boot.php(325): CodeIgniter\CodeIgniter->run()
 8 SYSTEMPATH/Boot.php(67): CodeIgniter\Boot::runCodeIgniter(Object(CodeIgniter\CodeIgniter))
 9 FCPATH/index.php(56): CodeIgniter\Boot::bootWeb(Object(Config\Paths))
10 SYSTEMPATH/rewrite.php(44): require_once('/home/etudiant/dk220581/CodeIgniter/SGT/public/index.php')
WARNING - 2024-11-25 08:18:42 --> [DEPRECATED] Passing lowercase HTTP method "post" is deprecated. Use uppercase HTTP method like "POST". in SYSTEMPATH/Router/RouteCollection.php on line 1027.
 1 SYSTEMPATH/Router/RouteCollection.php(1027): trigger_error('Passing lowercase HTTP method "post" is deprecated. Use uppercase HTTP method like "POST".', 16384)
 2 APPPATH/Config/Routes.php(12): CodeIgniter\Router\RouteCollection->match([...], 'signin/auth', 'Utilisateur\\SigninController::loginAuth')
 3 SYSTEMPATH/Router/RouteCollection.php(340): require('/home/etudiant/dk220581/CodeIgniter/SGT/app/Config/Routes.php')
 4 SYSTEMPATH/CodeIgniter.php(823): CodeIgniter\Router\RouteCollection->loadRoutes()
 5 SYSTEMPATH/CodeIgniter.php(457): CodeIgniter\CodeIgniter->tryToRouteIt(null)
 6 SYSTEMPATH/CodeIgniter.php(355): CodeIgniter\CodeIgniter->handleRequest(null, Object(Config\Cache), false)
 7 SYSTEMPATH/Boot.php(325): CodeIgniter\CodeIgniter->run()
 8 SYSTEMPATH/Boot.php(67): CodeIgniter\Boot::runCodeIgniter(Object(CodeIgniter\CodeIgniter))
 9 FCPATH/index.php(56): CodeIgniter\Boot::bootWeb(Object(Config\Paths))
10 SYSTEMPATH/rewrite.php(44): require_once('/home/etudiant/dk220581/CodeIgniter/SGT/public/index.php')
WARNING - 2024-11-25 08:18:42 --> [DEPRECATED] Passing lowercase HTTP method "get" is deprecated. Use uppercase HTTP method like "GET". in SYSTEMPATH/Router/RouteCollection.php on line 1027.
 1 SYSTEMPATH/Router/RouteCollection.php(1027): trigger_error('Passing lowercase HTTP method "get" is deprecated. Use uppercase HTTP method like "GET".', 16384)
 2 APPPATH/Config/Routes.php(16): CodeIgniter\Router\RouteCollection->match([...], 'signup/store', 'Utilisateur\\SignupController::store')
 3 SYSTEMPATH/Router/RouteCollection.php(340): require('/home/etudiant/dk220581/CodeIgniter/SGT/app/Config/Routes.php')
 4 SYSTEMPATH/CodeIgniter.php(823): CodeIgniter\Router\RouteCollection->loadRoutes()
 5 SYSTEMPATH/CodeIgniter.php(457): CodeIgniter\CodeIgniter->tryToRouteIt(null)
 6 SYSTEMPATH/CodeIgniter.php(355): CodeIgniter\CodeIgniter->handleRequest(null, Object(Config\Cache), false)
 7 SYSTEMPATH/Boot.php(325): CodeIgniter\CodeIgniter->run()
 8 SYSTEMPATH/Boot.php(67): CodeIgniter\Boot::runCodeIgniter(Object(CodeIgniter\CodeIgniter))
 9 FCPATH/index.php(56): CodeIgniter\Boot::bootWeb(Object(Config\Paths))
10 SYSTEMPATH/rewrite.php(44): require_once('/home/etudiant/dk220581/CodeIgniter/SGT/public/index.php')
WARNING - 2024-11-25 08:18:42 --> [DEPRECATED] Passing lowercase HTTP method "post" is deprecated. Use uppercase HTTP method like "POST". in SYSTEMPATH/Router/RouteCollection.php on line 1027.
 1 SYSTEMPATH/Router/RouteCollection.php(1027): trigger_error('Passing lowercase HTTP method "post" is deprecated. Use uppercase HTTP method like "POST".', 16384)
 2 APPPATH/Config/Routes.php(16): CodeIgniter\Router\RouteCollection->match([...], 'signup/store', 'Utilisateur\\SignupController::store')
 3 SYSTEMPATH/Router/RouteCollection.php(340): require('/home/etudiant/dk220581/CodeIgniter/SGT/app/Config/Routes.php')
 4 SYSTEMPATH/CodeIgniter.php(823): CodeIgniter\Router\RouteCollection->loadRoutes()
 5 SYSTEMPATH/CodeIgniter.php(457): CodeIgniter\CodeIgniter->tryToRouteIt(null)
 6 SYSTEMPATH/CodeIgniter.php(355): CodeIgniter\CodeIgniter->handleRequest(null, Object(Config\Cache), false)
 7 SYSTEMPATH/Boot.php(325): CodeIgniter\CodeIgniter->run()
 8 SYSTEMPATH/Boot.php(67): CodeIgniter\Boot::runCodeIgniter(Object(CodeIgniter\CodeIgniter))
 9 FCPATH/index.php(56): CodeIgniter\Boot::bootWeb(Object(Config\Paths))
10 SYSTEMPATH/rewrite.php(44): require_once('/home/etudiant/dk220581/CodeIgniter/SGT/public/index.php')
WARNING - 2024-11-25 08:18:43 --> [DEPRECATED] Passing lowercase HTTP method "get" is deprecated. Use uppercase HTTP method like "GET". in SYSTEMPATH/Router/RouteCollection.php on line 1027.
 1 SYSTEMPATH/Router/RouteCollection.php(1027): trigger_error('Passing lowercase HTTP method "get" is deprecated. Use uppercase HTTP method like "GET".', 16384)
 2 APPPATH/Config/Routes.php(12): CodeIgniter\Router\RouteCollection->match([...], 'signin/auth', 'Utilisateur\\SigninController::loginAuth')
 3 SYSTEMPATH/Router/RouteCollection.php(340): require('/home/etudiant/dk220581/CodeIgniter/SGT/app/Config/Routes.php')
 4 SYSTEMPATH/CodeIgniter.php(823): CodeIgniter\Router\RouteCollection->loadRoutes()
 5 SYSTEMPATH/CodeIgniter.php(457): CodeIgniter\CodeIgniter->tryToRouteIt(null)
 6 SYSTEMPATH/CodeIgniter.php(355): CodeIgniter\CodeIgniter->handleRequest(null, Object(Config\Cache), false)
 7 SYSTEMPATH/Boot.php(325): CodeIgniter\CodeIgniter->run()
 8 SYSTEMPATH/Boot.php(67): CodeIgniter\Boot::runCodeIgniter(Object(CodeIgniter\CodeIgniter))
 9 FCPATH/index.php(56): CodeIgniter\Boot::bootWeb(Object(Config\Paths))
10 SYSTEMPATH/rewrite.php(44): require_once('/home/etudiant/dk220581/CodeIgniter/SGT/public/index.php')
WARNING - 2024-11-25 08:18:43 --> [DEPRECATED] Passing lowercase HTTP method "post" is deprecated. Use uppercase HTTP method like "POST". in SYSTEMPATH/Router/RouteCollection.php on line 1027.
 1 SYSTEMPATH/Router/RouteCollection.php(1027): trigger_error('Passing lowercase HTTP method "post" is deprecated. Use uppercase HTTP method like "POST".', 16384)
 2 APPPATH/Config/Routes.php(12): CodeIgniter\Router\RouteCollection->match([...], 'signin/auth', 'Utilisateur\\SigninController::loginAuth')
 3 SYSTEMPATH/Router/RouteCollection.php(340): require('/home/etudiant/dk220581/CodeIgniter/SGT/app/Config/Routes.php')
 4 SYSTEMPATH/CodeIgniter.php(823): CodeIgniter\Router\RouteCollection->loadRoutes()
 5 SYSTEMPATH/CodeIgniter.php(457): CodeIgniter\CodeIgniter->tryToRouteIt(null)
 6 SYSTEMPATH/CodeIgniter.php(355): CodeIgniter\CodeIgniter->handleRequest(null, Object(Config\Cache), false)
 7 SYSTEMPATH/Boot.php(325): CodeIgniter\CodeIgniter->run()
 8 SYSTEMPATH/Boot.php(67): CodeIgniter\Boot::runCodeIgniter(Object(CodeIgniter\CodeIgniter))
 9 FCPATH/index.php(56): CodeIgniter\Boot::bootWeb(Object(Config\Paths))
10 SYSTEMPATH/rewrite.php(44): require_once('/home/etudiant/dk220581/CodeIgniter/SGT/public/index.php')
WARNING - 2024-11-25 08:18:43 --> [DEPRECATED] Passing lowercase HTTP method "get" is deprecated. Use uppercase HTTP method like "GET". in SYSTEMPATH/Router/RouteCollection.php on line 1027.
 1 SYSTEMPATH/Router/RouteCollection.php(1027): trigger_error('Passing lowercase HTTP method "get" is deprecated. Use uppercase HTTP method like "GET".', 16384)
 2 APPPATH/Config/Routes.php(16): CodeIgniter\Router\RouteCollection->match([...], 'signup/store', 'Utilisateur\\SignupController::store')
 3 SYSTEMPATH/Router/RouteCollection.php(340): require('/home/etudiant/dk220581/CodeIgniter/SGT/app/Config/Routes.php')
 4 SYSTEMPATH/CodeIgniter.php(823): CodeIgniter\Router\RouteCollection->loadRoutes()
 5 SYSTEMPATH/CodeIgniter.php(457): CodeIgniter\CodeIgniter->tryToRouteIt(null)
 6 SYSTEMPATH/CodeIgniter.php(355): CodeIgniter\CodeIgniter->handleRequest(null, Object(Config\Cache), false)
 7 SYSTEMPATH/Boot.php(325): CodeIgniter\CodeIgniter->run()
 8 SYSTEMPATH/Boot.php(67): CodeIgniter\Boot::runCodeIgniter(Object(CodeIgniter\CodeIgniter))
 9 FCPATH/index.php(56): CodeIgniter\Boot::bootWeb(Object(Config\Paths))
10 SYSTEMPATH/rewrite.php(44): require_once('/home/etudiant/dk220581/CodeIgniter/SGT/public/index.php')
WARNING - 2024-11-25 08:18:43 --> [DEPRECATED] Passing lowercase HTTP method "post" is deprecated. Use uppercase HTTP method like "POST". in SYSTEMPATH/Router/RouteCollection.php on line 1027.
 1 SYSTEMPATH/Router/RouteCollection.php(1027): trigger_error('Passing lowercase HTTP method "post" is deprecated. Use uppercase HTTP method like "POST".', 16384)
 2 APPPATH/Config/Routes.php(16): CodeIgniter\Router\RouteCollection->match([...], 'signup/store', 'Utilisateur\\SignupController::store')
 3 SYSTEMPATH/Router/RouteCollection.php(340): require('/home/etudiant/dk220581/CodeIgniter/SGT/app/Config/Routes.php')
 4 SYSTEMPATH/CodeIgniter.php(823): CodeIgniter\Router\RouteCollection->loadRoutes()
 5 SYSTEMPATH/CodeIgniter.php(457): CodeIgniter\CodeIgniter->tryToRouteIt(null)
 6 SYSTEMPATH/CodeIgniter.php(355): CodeIgniter\CodeIgniter->handleRequest(null, Object(Config\Cache), false)
 7 SYSTEMPATH/Boot.php(325): CodeIgniter\CodeIgniter->run()
 8 SYSTEMPATH/Boot.php(67): CodeIgniter\Boot::runCodeIgniter(Object(CodeIgniter\CodeIgniter))
 9 FCPATH/index.php(56): CodeIgniter\Boot::bootWeb(Object(Config\Paths))
10 SYSTEMPATH/rewrite.php(44): require_once('/home/etudiant/dk220581/CodeIgniter/SGT/public/index.php')
WARNING - 2024-11-25 08:18:43 --> [DEPRECATED] Passing lowercase HTTP method "get" is deprecated. Use uppercase HTTP method like "GET". in SYSTEMPATH/Router/RouteCollection.php on line 1027.
 1 SYSTEMPATH/Router/RouteCollection.php(1027): trigger_error('Passing lowercase HTTP method "get" is deprecated. Use uppercase HTTP method like "GET".', 16384)
 2 APPPATH/Config/Routes.php(12): CodeIgniter\Router\RouteCollection->match([...], 'signin/auth', 'Utilisateur\\SigninController::loginAuth')
 3 SYSTEMPATH/Router/RouteCollection.php(340): require('/home/etudiant/dk220581/CodeIgniter/SGT/app/Config/Routes.php')
 4 SYSTEMPATH/CodeIgniter.php(823): CodeIgniter\Router\RouteCollection->loadRoutes()
 5 SYSTEMPATH/CodeIgniter.php(457): CodeIgniter\CodeIgniter->tryToRouteIt(null)
 6 SYSTEMPATH/CodeIgniter.php(355): CodeIgniter\CodeIgniter->handleRequest(null, Object(Config\Cache), false)
 7 SYSTEMPATH/Boot.php(325): CodeIgniter\CodeIgniter->run()
 8 SYSTEMPATH/Boot.php(67): CodeIgniter\Boot::runCodeIgniter(Object(CodeIgniter\CodeIgniter))
 9 FCPATH/index.php(56): CodeIgniter\Boot::bootWeb(Object(Config\Paths))
10 SYSTEMPATH/rewrite.php(44): require_once('/home/etudiant/dk220581/CodeIgniter/SGT/public/index.php')
WARNING - 2024-11-25 08:18:43 --> [DEPRECATED] Passing lowercase HTTP method "post" is deprecated. Use uppercase HTTP method like "POST". in SYSTEMPATH/Router/RouteCollection.php on line 1027.
 1 SYSTEMPATH/Router/RouteCollection.php(1027): trigger_error('Passing lowercase HTTP method "post" is deprecated. Use uppercase HTTP method like "POST".', 16384)
 2 APPPATH/Config/Routes.php(12): CodeIgniter\Router\RouteCollection->match([...], 'signin/auth', 'Utilisateur\\SigninController::loginAuth')
 3 SYSTEMPATH/Router/RouteCollection.php(340): require('/home/etudiant/dk220581/CodeIgniter/SGT/app/Config/Routes.php')
 4 SYSTEMPATH/CodeIgniter.php(823): CodeIgniter\Router\RouteCollection->loadRoutes()
 5 SYSTEMPATH/CodeIgniter.php(457): CodeIgniter\CodeIgniter->tryToRouteIt(null)
 6 SYSTEMPATH/CodeIgniter.php(355): CodeIgniter\CodeIgniter->handleRequest(null, Object(Config\Cache), false)
 7 SYSTEMPATH/Boot.php(325): CodeIgniter\CodeIgniter->run()
 8 SYSTEMPATH/Boot.php(67): CodeIgniter\Boot::runCodeIgniter(Object(CodeIgniter\CodeIgniter))
 9 FCPATH/index.php(56): CodeIgniter\Boot::bootWeb(Object(Config\Paths))
10 SYSTEMPATH/rewrite.php(44): require_once('/home/etudiant/dk220581/CodeIgniter/SGT/public/index.php')
WARNING - 2024-11-25 08:18:43 --> [DEPRECATED] Passing lowercase HTTP method "get" is deprecated. Use uppercase HTTP method like "GET". in SYSTEMPATH/Router/RouteCollection.php on line 1027.
 1 SYSTEMPATH/Router/RouteCollection.php(1027): trigger_error('Passing lowercase HTTP method "get" is deprecated. Use uppercase HTTP method like "GET".', 16384)
 2 APPPATH/Config/Routes.php(16): CodeIgniter\Router\RouteCollection->match([...], 'signup/store', 'Utilisateur\\SignupController::store')
 3 SYSTEMPATH/Router/RouteCollection.php(340): require('/home/etudiant/dk220581/CodeIgniter/SGT/app/Config/Routes.php')
 4 SYSTEMPATH/CodeIgniter.php(823): CodeIgniter\Router\RouteCollection->loadRoutes()
 5 SYSTEMPATH/CodeIgniter.php(457): CodeIgniter\CodeIgniter->tryToRouteIt(null)
 6 SYSTEMPATH/CodeIgniter.php(355): CodeIgniter\CodeIgniter->handleRequest(null, Object(Config\Cache), false)
 7 SYSTEMPATH/Boot.php(325): CodeIgniter\CodeIgniter->run()
 8 SYSTEMPATH/Boot.php(67): CodeIgniter\Boot::runCodeIgniter(Object(CodeIgniter\CodeIgniter))
 9 FCPATH/index.php(56): CodeIgniter\Boot::bootWeb(Object(Config\Paths))
10 SYSTEMPATH/rewrite.php(44): require_once('/home/etudiant/dk220581/CodeIgniter/SGT/public/index.php')
WARNING - 2024-11-25 08:18:43 --> [DEPRECATED] Passing lowercase HTTP method "post" is deprecated. Use uppercase HTTP method like "POST". in SYSTEMPATH/Router/RouteCollection.php on line 1027.
 1 SYSTEMPATH/Router/RouteCollection.php(1027): trigger_error('Passing lowercase HTTP method "post" is deprecated. Use uppercase HTTP method like "POST".', 16384)
 2 APPPATH/Config/Routes.php(16): CodeIgniter\Router\RouteCollection->match([...], 'signup/store', 'Utilisateur\\SignupController::store')
 3 SYSTEMPATH/Router/RouteCollection.php(340): require('/home/etudiant/dk220581/CodeIgniter/SGT/app/Config/Routes.php')
 4 SYSTEMPATH/CodeIgniter.php(823): CodeIgniter\Router\RouteCollection->loadRoutes()
 5 SYSTEMPATH/CodeIgniter.php(457): CodeIgniter\CodeIgniter->tryToRouteIt(null)
 6 SYSTEMPATH/CodeIgniter.php(355): CodeIgniter\CodeIgniter->handleRequest(null, Object(Config\Cache), false)
 7 SYSTEMPATH/Boot.php(325): CodeIgniter\CodeIgniter->run()
 8 SYSTEMPATH/Boot.php(67): CodeIgniter\Boot::runCodeIgniter(Object(CodeIgniter\CodeIgniter))
 9 FCPATH/index.php(56): CodeIgniter\Boot::bootWeb(Object(Config\Paths))
10 SYSTEMPATH/rewrite.php(44): require_once('/home/etudiant/dk220581/CodeIgniter/SGT/public/index.php')
WARNING - 2024-11-25 08:18:43 --> [DEPRECATED] Passing lowercase HTTP method "get" is deprecated. Use uppercase HTTP method like "GET". in SYSTEMPATH/Router/RouteCollection.php on line 1027.
 1 SYSTEMPATH/Router/RouteCollection.php(1027): trigger_error('Passing lowercase HTTP method "get" is deprecated. Use uppercase HTTP method like "GET".', 16384)
 2 APPPATH/Config/Routes.php(12): CodeIgniter\Router\RouteCollection->match([...], 'signin/auth', 'Utilisateur\\SigninController::loginAuth')
 3 SYSTEMPATH/Router/RouteCollection.php(340): require('/home/etudiant/dk220581/CodeIgniter/SGT/app/Config/Routes.php')
 4 SYSTEMPATH/CodeIgniter.php(823): CodeIgniter\Router\RouteCollection->loadRoutes()
 5 SYSTEMPATH/CodeIgniter.php(457): CodeIgniter\CodeIgniter->tryToRouteIt(null)
 6 SYSTEMPATH/CodeIgniter.php(355): CodeIgniter\CodeIgniter->handleRequest(null, Object(Config\Cache), false)
 7 SYSTEMPATH/Boot.php(325): CodeIgniter\CodeIgniter->run()
 8 SYSTEMPATH/Boot.php(67): CodeIgniter\Boot::runCodeIgniter(Object(CodeIgniter\CodeIgniter))
 9 FCPATH/index.php(56): CodeIgniter\Boot::bootWeb(Object(Config\Paths))
10 SYSTEMPATH/rewrite.php(44): require_once('/home/etudiant/dk220581/CodeIgniter/SGT/public/index.php')
WARNING - 2024-11-25 08:18:43 --> [DEPRECATED] Passing lowercase HTTP method "post" is deprecated. Use uppercase HTTP method like "POST". in SYSTEMPATH/Router/RouteCollection.php on line 1027.
 1 SYSTEMPATH/Router/RouteCollection.php(1027): trigger_error('Passing lowercase HTTP method "post" is deprecated. Use uppercase HTTP method like "POST".', 16384)
 2 APPPATH/Config/Routes.php(12): CodeIgniter\Router\RouteCollection->match([...], 'signin/auth', 'Utilisateur\\SigninController::loginAuth')
 3 SYSTEMPATH/Router/RouteCollection.php(340): require('/home/etudiant/dk220581/CodeIgniter/SGT/app/Config/Routes.php')
 4 SYSTEMPATH/CodeIgniter.php(823): CodeIgniter\Router\RouteCollection->loadRoutes()
 5 SYSTEMPATH/CodeIgniter.php(457): CodeIgniter\CodeIgniter->tryToRouteIt(null)
 6 SYSTEMPATH/CodeIgniter.php(355): CodeIgniter\CodeIgniter->handleRequest(null, Object(Config\Cache), false)
 7 SYSTEMPATH/Boot.php(325): CodeIgniter\CodeIgniter->run()
 8 SYSTEMPATH/Boot.php(67): CodeIgniter\Boot::runCodeIgniter(Object(CodeIgniter\CodeIgniter))
 9 FCPATH/index.php(56): CodeIgniter\Boot::bootWeb(Object(Config\Paths))
10 SYSTEMPATH/rewrite.php(44): require_once('/home/etudiant/dk220581/CodeIgniter/SGT/public/index.php')
WARNING - 2024-11-25 08:18:43 --> [DEPRECATED] Passing lowercase HTTP method "get" is deprecated. Use uppercase HTTP method like "GET". in SYSTEMPATH/Router/RouteCollection.php on line 1027.
 1 SYSTEMPATH/Router/RouteCollection.php(1027): trigger_error('Passing lowercase HTTP method "get" is deprecated. Use uppercase HTTP method like "GET".', 16384)
 2 APPPATH/Config/Routes.php(16): CodeIgniter\Router\RouteCollection->match([...], 'signup/store', 'Utilisateur\\SignupController::store')
 3 SYSTEMPATH/Router/RouteCollection.php(340): require('/home/etudiant/dk220581/CodeIgniter/SGT/app/Config/Routes.php')
 4 SYSTEMPATH/CodeIgniter.php(823): CodeIgniter\Router\RouteCollection->loadRoutes()
 5 SYSTEMPATH/CodeIgniter.php(457): CodeIgniter\CodeIgniter->tryToRouteIt(null)
 6 SYSTEMPATH/CodeIgniter.php(355): CodeIgniter\CodeIgniter->handleRequest(null, Object(Config\Cache), false)
 7 SYSTEMPATH/Boot.php(325): CodeIgniter\CodeIgniter->run()
 8 SYSTEMPATH/Boot.php(67): CodeIgniter\Boot::runCodeIgniter(Object(CodeIgniter\CodeIgniter))
 9 FCPATH/index.php(56): CodeIgniter\Boot::bootWeb(Object(Config\Paths))
10 SYSTEMPATH/rewrite.php(44): require_once('/home/etudiant/dk220581/CodeIgniter/SGT/public/index.php')
WARNING - 2024-11-25 08:18:43 --> [DEPRECATED] Passing lowercase HTTP method "post" is deprecated. Use uppercase HTTP method like "POST". in SYSTEMPATH/Router/RouteCollection.php on line 1027.
 1 SYSTEMPATH/Router/RouteCollection.php(1027): trigger_error('Passing lowercase HTTP method "post" is deprecated. Use uppercase HTTP method like "POST".', 16384)
 2 APPPATH/Config/Routes.php(16): CodeIgniter\Router\RouteCollection->match([...], 'signup/store', 'Utilisateur\\SignupController::store')
 3 SYSTEMPATH/Router/RouteCollection.php(340): require('/home/etudiant/dk220581/CodeIgniter/SGT/app/Config/Routes.php')
 4 SYSTEMPATH/CodeIgniter.php(823): CodeIgniter\Router\RouteCollection->loadRoutes()
 5 SYSTEMPATH/CodeIgniter.php(457): CodeIgniter\CodeIgniter->tryToRouteIt(null)
 6 SYSTEMPATH/CodeIgniter.php(355): CodeIgniter\CodeIgniter->handleRequest(null, Object(Config\Cache), false)
 7 SYSTEMPATH/Boot.php(325): CodeIgniter\CodeIgniter->run()
 8 SYSTEMPATH/Boot.php(67): CodeIgniter\Boot::runCodeIgniter(Object(CodeIgniter\CodeIgniter))
 9 FCPATH/index.php(56): CodeIgniter\Boot::bootWeb(Object(Config\Paths))
10 SYSTEMPATH/rewrite.php(44): require_once('/home/etudiant/dk220581/CodeIgniter/SGT/public/index.php')
WARNING - 2024-11-25 08:18:43 --> [DEPRECATED] Passing lowercase HTTP method "get" is deprecated. Use uppercase HTTP method like "GET". in SYSTEMPATH/Router/RouteCollection.php on line 1027.
 1 SYSTEMPATH/Router/RouteCollection.php(1027): trigger_error('Passing lowercase HTTP method "get" is deprecated. Use uppercase HTTP method like "GET".', 16384)
 2 APPPATH/Config/Routes.php(12): CodeIgniter\Router\RouteCollection->match([...], 'signin/auth', 'Utilisateur\\SigninController::loginAuth')
 3 SYSTEMPATH/Router/RouteCollection.php(340): require('/home/etudiant/dk220581/CodeIgniter/SGT/app/Config/Routes.php')
 4 SYSTEMPATH/CodeIgniter.php(823): CodeIgniter\Router\RouteCollection->loadRoutes()
 5 SYSTEMPATH/CodeIgniter.php(457): CodeIgniter\CodeIgniter->tryToRouteIt(null)
 6 SYSTEMPATH/CodeIgniter.php(355): CodeIgniter\CodeIgniter->handleRequest(null, Object(Config\Cache), false)
 7 SYSTEMPATH/Boot.php(325): CodeIgniter\CodeIgniter->run()
 8 SYSTEMPATH/Boot.php(67): CodeIgniter\Boot::runCodeIgniter(Object(CodeIgniter\CodeIgniter))
 9 FCPATH/index.php(56): CodeIgniter\Boot::bootWeb(Object(Config\Paths))
10 SYSTEMPATH/rewrite.php(44): require_once('/home/etudiant/dk220581/CodeIgniter/SGT/public/index.php')
WARNING - 2024-11-25 08:18:43 --> [DEPRECATED] Passing lowercase HTTP method "post" is deprecated. Use uppercase HTTP method like "POST". in SYSTEMPATH/Router/RouteCollection.php on line 1027.
 1 SYSTEMPATH/Router/RouteCollection.php(1027): trigger_error('Passing lowercase HTTP method "post" is deprecated. Use uppercase HTTP method like "POST".', 16384)
 2 APPPATH/Config/Routes.php(12): CodeIgniter\Router\RouteCollection->match([...], 'signin/auth', 'Utilisateur\\SigninController::loginAuth')
 3 SYSTEMPATH/Router/RouteCollection.php(340): require('/home/etudiant/dk220581/CodeIgniter/SGT/app/Config/Routes.php')
 4 SYSTEMPATH/CodeIgniter.php(823): CodeIgniter\Router\RouteCollection->loadRoutes()
 5 SYSTEMPATH/CodeIgniter.php(457): CodeIgniter\CodeIgniter->tryToRouteIt(null)
 6 SYSTEMPATH/CodeIgniter.php(355): CodeIgniter\CodeIgniter->handleRequest(null, Object(Config\Cache), false)
 7 SYSTEMPATH/Boot.php(325): CodeIgniter\CodeIgniter->run()
 8 SYSTEMPATH/Boot.php(67): CodeIgniter\Boot::runCodeIgniter(Object(CodeIgniter\CodeIgniter))
 9 FCPATH/index.php(56): CodeIgniter\Boot::bootWeb(Object(Config\Paths))
10 SYSTEMPATH/rewrite.php(44): require_once('/home/etudiant/dk220581/CodeIgniter/SGT/public/index.php')
WARNING - 2024-11-25 08:18:43 --> [DEPRECATED] Passing lowercase HTTP method "get" is deprecated. Use uppercase HTTP method like "GET". in SYSTEMPATH/Router/RouteCollection.php on line 1027.
 1 SYSTEMPATH/Router/RouteCollection.php(1027): trigger_error('Passing lowercase HTTP method "get" is deprecated. Use uppercase HTTP method like "GET".', 16384)
 2 APPPATH/Config/Routes.php(16): CodeIgniter\Router\RouteCollection->match([...], 'signup/store', 'Utilisateur\\SignupController::store')
 3 SYSTEMPATH/Router/RouteCollection.php(340): require('/home/etudiant/dk220581/CodeIgniter/SGT/app/Config/Routes.php')
 4 SYSTEMPATH/CodeIgniter.php(823): CodeIgniter\Router\RouteCollection->loadRoutes()
 5 SYSTEMPATH/CodeIgniter.php(457): CodeIgniter\CodeIgniter->tryToRouteIt(null)
 6 SYSTEMPATH/CodeIgniter.php(355): CodeIgniter\CodeIgniter->handleRequest(null, Object(Config\Cache), false)
 7 SYSTEMPATH/Boot.php(325): CodeIgniter\CodeIgniter->run()
 8 SYSTEMPATH/Boot.php(67): CodeIgniter\Boot::runCodeIgniter(Object(CodeIgniter\CodeIgniter))
 9 FCPATH/index.php(56): CodeIgniter\Boot::bootWeb(Object(Config\Paths))
10 SYSTEMPATH/rewrite.php(44): require_once('/home/etudiant/dk220581/CodeIgniter/SGT/public/index.php')
WARNING - 2024-11-25 08:18:43 --> [DEPRECATED] Passing lowercase HTTP method "post" is deprecated. Use uppercase HTTP method like "POST". in SYSTEMPATH/Router/RouteCollection.php on line 1027.
 1 SYSTEMPATH/Router/RouteCollection.php(1027): trigger_error('Passing lowercase HTTP method "post" is deprecated. Use uppercase HTTP method like "POST".', 16384)
 2 APPPATH/Config/Routes.php(16): CodeIgniter\Router\RouteCollection->match([...], 'signup/store', 'Utilisateur\\SignupController::store')
 3 SYSTEMPATH/Router/RouteCollection.php(340): require('/home/etudiant/dk220581/CodeIgniter/SGT/app/Config/Routes.php')
 4 SYSTEMPATH/CodeIgniter.php(823): CodeIgniter\Router\RouteCollection->loadRoutes()
 5 SYSTEMPATH/CodeIgniter.php(457): CodeIgniter\CodeIgniter->tryToRouteIt(null)
 6 SYSTEMPATH/CodeIgniter.php(355): CodeIgniter\CodeIgniter->handleRequest(null, Object(Config\Cache), false)
 7 SYSTEMPATH/Boot.php(325): CodeIgniter\CodeIgniter->run()
 8 SYSTEMPATH/Boot.php(67): CodeIgniter\Boot::runCodeIgniter(Object(CodeIgniter\CodeIgniter))
 9 FCPATH/index.php(56): CodeIgniter\Boot::bootWeb(Object(Config\Paths))
10 SYSTEMPATH/rewrite.php(44): require_once('/home/etudiant/dk220581/CodeIgniter/SGT/public/index.php')
WARNING - 2024-11-25 08:18:43 --> [DEPRECATED] Passing lowercase HTTP method "get" is deprecated. Use uppercase HTTP method like "GET". in SYSTEMPATH/Router/RouteCollection.php on line 1027.
 1 SYSTEMPATH/Router/RouteCollection.php(1027): trigger_error('Passing lowercase HTTP method "get" is deprecated. Use uppercase HTTP method like "GET".', 16384)
 2 APPPATH/Config/Routes.php(12): CodeIgniter\Router\RouteCollection->match([...], 'signin/auth', 'Utilisateur\\SigninController::loginAuth')
 3 SYSTEMPATH/Router/RouteCollection.php(340): require('/home/etudiant/dk220581/CodeIgniter/SGT/app/Config/Routes.php')
 4 SYSTEMPATH/CodeIgniter.php(823): CodeIgniter\Router\RouteCollection->loadRoutes()
 5 SYSTEMPATH/CodeIgniter.php(457): CodeIgniter\CodeIgniter->tryToRouteIt(null)
 6 SYSTEMPATH/CodeIgniter.php(355): CodeIgniter\CodeIgniter->handleRequest(null, Object(Config\Cache), false)
 7 SYSTEMPATH/Boot.php(325): CodeIgniter\CodeIgniter->run()
 8 SYSTEMPATH/Boot.php(67): CodeIgniter\Boot::runCodeIgniter(Object(CodeIgniter\CodeIgniter))
 9 FCPATH/index.php(56): CodeIgniter\Boot::bootWeb(Object(Config\Paths))
10 SYSTEMPATH/rewrite.php(44): require_once('/home/etudiant/dk220581/CodeIgniter/SGT/public/index.php')
WARNING - 2024-11-25 08:18:43 --> [DEPRECATED] Passing lowercase HTTP method "post" is deprecated. Use uppercase HTTP method like "POST". in SYSTEMPATH/Router/RouteCollection.php on line 1027.
 1 SYSTEMPATH/Router/RouteCollection.php(1027): trigger_error('Passing lowercase HTTP method "post" is deprecated. Use uppercase HTTP method like "POST".', 16384)
 2 APPPATH/Config/Routes.php(12): CodeIgniter\Router\RouteCollection->match([...], 'signin/auth', 'Utilisateur\\SigninController::loginAuth')
 3 SYSTEMPATH/Router/RouteCollection.php(340): require('/home/etudiant/dk220581/CodeIgniter/SGT/app/Config/Routes.php')
 4 SYSTEMPATH/CodeIgniter.php(823): CodeIgniter\Router\RouteCollection->loadRoutes()
 5 SYSTEMPATH/CodeIgniter.php(457): CodeIgniter\CodeIgniter->tryToRouteIt(null)
 6 SYSTEMPATH/CodeIgniter.php(355): CodeIgniter\CodeIgniter->handleRequest(null, Object(Config\Cache), false)
 7 SYSTEMPATH/Boot.php(325): CodeIgniter\CodeIgniter->run()
 8 SYSTEMPATH/Boot.php(67): CodeIgniter\Boot::runCodeIgniter(Object(CodeIgniter\CodeIgniter))
 9 FCPATH/index.php(56): CodeIgniter\Boot::bootWeb(Object(Config\Paths))
10 SYSTEMPATH/rewrite.php(44): require_once('/home/etudiant/dk220581/CodeIgniter/SGT/public/index.php')
WARNING - 2024-11-25 08:18:43 --> [DEPRECATED] Passing lowercase HTTP method "get" is deprecated. Use uppercase HTTP method like "GET". in SYSTEMPATH/Router/RouteCollection.php on line 1027.
 1 SYSTEMPATH/Router/RouteCollection.php(1027): trigger_error('Passing lowercase HTTP method "get" is deprecated. Use uppercase HTTP method like "GET".', 16384)
 2 APPPATH/Config/Routes.php(16): CodeIgniter\Router\RouteCollection->match([...], 'signup/store', 'Utilisateur\\SignupController::store')
 3 SYSTEMPATH/Router/RouteCollection.php(340): require('/home/etudiant/dk220581/CodeIgniter/SGT/app/Config/Routes.php')
 4 SYSTEMPATH/CodeIgniter.php(823): CodeIgniter\Router\RouteCollection->loadRoutes()
 5 SYSTEMPATH/CodeIgniter.php(457): CodeIgniter\CodeIgniter->tryToRouteIt(null)
 6 SYSTEMPATH/CodeIgniter.php(355): CodeIgniter\CodeIgniter->handleRequest(null, Object(Config\Cache), false)
 7 SYSTEMPATH/Boot.php(325): CodeIgniter\CodeIgniter->run()
 8 SYSTEMPATH/Boot.php(67): CodeIgniter\Boot::runCodeIgniter(Object(CodeIgniter\CodeIgniter))
 9 FCPATH/index.php(56): CodeIgniter\Boot::bootWeb(Object(Config\Paths))
10 SYSTEMPATH/rewrite.php(44): require_once('/home/etudiant/dk220581/CodeIgniter/SGT/public/index.php')
WARNING - 2024-11-25 08:18:43 --> [DEPRECATED] Passing lowercase HTTP method "post" is deprecated. Use uppercase HTTP method like "POST". in SYSTEMPATH/Router/RouteCollection.php on line 1027.
 1 SYSTEMPATH/Router/RouteCollection.php(1027): trigger_error('Passing lowercase HTTP method "post" is deprecated. Use uppercase HTTP method like "POST".', 16384)
 2 APPPATH/Config/Routes.php(16): CodeIgniter\Router\RouteCollection->match([...], 'signup/store', 'Utilisateur\\SignupController::store')
 3 SYSTEMPATH/Router/RouteCollection.php(340): require('/home/etudiant/dk220581/CodeIgniter/SGT/app/Config/Routes.php')
 4 SYSTEMPATH/CodeIgniter.php(823): CodeIgniter\Router\RouteCollection->loadRoutes()
 5 SYSTEMPATH/CodeIgniter.php(457): CodeIgniter\CodeIgniter->tryToRouteIt(null)
 6 SYSTEMPATH/CodeIgniter.php(355): CodeIgniter\CodeIgniter->handleRequest(null, Object(Config\Cache), false)
 7 SYSTEMPATH/Boot.php(325): CodeIgniter\CodeIgniter->run()
 8 SYSTEMPATH/Boot.php(67): CodeIgniter\Boot::runCodeIgniter(Object(CodeIgniter\CodeIgniter))
 9 FCPATH/index.php(56): CodeIgniter\Boot::bootWeb(Object(Config\Paths))
10 SYSTEMPATH/rewrite.php(44): require_once('/home/etudiant/dk220581/CodeIgniter/SGT/public/index.php')
WARNING - 2024-11-25 08:18:44 --> [DEPRECATED] Passing lowercase HTTP method "get" is deprecated. Use uppercase HTTP method like "GET". in SYSTEMPATH/Router/RouteCollection.php on line 1027.
 1 SYSTEMPATH/Router/RouteCollection.php(1027): trigger_error('Passing lowercase HTTP method "get" is deprecated. Use uppercase HTTP method like "GET".', 16384)
 2 APPPATH/Config/Routes.php(12): CodeIgniter\Router\RouteCollection->match([...], 'signin/auth', 'Utilisateur\\SigninController::loginAuth')
 3 SYSTEMPATH/Router/RouteCollection.php(340): require('/home/etudiant/dk220581/CodeIgniter/SGT/app/Config/Routes.php')
 4 SYSTEMPATH/CodeIgniter.php(823): CodeIgniter\Router\RouteCollection->loadRoutes()
 5 SYSTEMPATH/CodeIgniter.php(457): CodeIgniter\CodeIgniter->tryToRouteIt(null)
 6 SYSTEMPATH/CodeIgniter.php(355): CodeIgniter\CodeIgniter->handleRequest(null, Object(Config\Cache), false)
 7 SYSTEMPATH/Boot.php(325): CodeIgniter\CodeIgniter->run()
 8 SYSTEMPATH/Boot.php(67): CodeIgniter\Boot::runCodeIgniter(Object(CodeIgniter\CodeIgniter))
 9 FCPATH/index.php(56): CodeIgniter\Boot::bootWeb(Object(Config\Paths))
10 SYSTEMPATH/rewrite.php(44): require_once('/home/etudiant/dk220581/CodeIgniter/SGT/public/index.php')
WARNING - 2024-11-25 08:18:44 --> [DEPRECATED] Passing lowercase HTTP method "post" is deprecated. Use uppercase HTTP method like "POST". in SYSTEMPATH/Router/RouteCollection.php on line 1027.
 1 SYSTEMPATH/Router/RouteCollection.php(1027): trigger_error('Passing lowercase HTTP method "post" is deprecated. Use uppercase HTTP method like "POST".', 16384)
 2 APPPATH/Config/Routes.php(12): CodeIgniter\Router\RouteCollection->match([...], 'signin/auth', 'Utilisateur\\SigninController::loginAuth')
 3 SYSTEMPATH/Router/RouteCollection.php(340): require('/home/etudiant/dk220581/CodeIgniter/SGT/app/Config/Routes.php')
 4 SYSTEMPATH/CodeIgniter.php(823): CodeIgniter\Router\RouteCollection->loadRoutes()
 5 SYSTEMPATH/CodeIgniter.php(457): CodeIgniter\CodeIgniter->tryToRouteIt(null)
 6 SYSTEMPATH/CodeIgniter.php(355): CodeIgniter\CodeIgniter->handleRequest(null, Object(Config\Cache), false)
 7 SYSTEMPATH/Boot.php(325): CodeIgniter\CodeIgniter->run()
 8 SYSTEMPATH/Boot.php(67): CodeIgniter\Boot::runCodeIgniter(Object(CodeIgniter\CodeIgniter))
 9 FCPATH/index.php(56): CodeIgniter\Boot::bootWeb(Object(Config\Paths))
10 SYSTEMPATH/rewrite.php(44): require_once('/home/etudiant/dk220581/CodeIgniter/SGT/public/index.php')
WARNING - 2024-11-25 08:18:44 --> [DEPRECATED] Passing lowercase HTTP method "get" is deprecated. Use uppercase HTTP method like "GET". in SYSTEMPATH/Router/RouteCollection.php on line 1027.
 1 SYSTEMPATH/Router/RouteCollection.php(1027): trigger_error('Passing lowercase HTTP method "get" is deprecated. Use uppercase HTTP method like "GET".', 16384)
 2 APPPATH/Config/Routes.php(16): CodeIgniter\Router\RouteCollection->match([...], 'signup/store', 'Utilisateur\\SignupController::store')
 3 SYSTEMPATH/Router/RouteCollection.php(340): require('/home/etudiant/dk220581/CodeIgniter/SGT/app/Config/Routes.php')
 4 SYSTEMPATH/CodeIgniter.php(823): CodeIgniter\Router\RouteCollection->loadRoutes()
 5 SYSTEMPATH/CodeIgniter.php(457): CodeIgniter\CodeIgniter->tryToRouteIt(null)
 6 SYSTEMPATH/CodeIgniter.php(355): CodeIgniter\CodeIgniter->handleRequest(null, Object(Config\Cache), false)
 7 SYSTEMPATH/Boot.php(325): CodeIgniter\CodeIgniter->run()
 8 SYSTEMPATH/Boot.php(67): CodeIgniter\Boot::runCodeIgniter(Object(CodeIgniter\CodeIgniter))
 9 FCPATH/index.php(56): CodeIgniter\Boot::bootWeb(Object(Config\Paths))
10 SYSTEMPATH/rewrite.php(44): require_once('/home/etudiant/dk220581/CodeIgniter/SGT/public/index.php')
WARNING - 2024-11-25 08:18:44 --> [DEPRECATED] Passing lowercase HTTP method "post" is deprecated. Use uppercase HTTP method like "POST". in SYSTEMPATH/Router/RouteCollection.php on line 1027.
 1 SYSTEMPATH/Router/RouteCollection.php(1027): trigger_error('Passing lowercase HTTP method "post" is deprecated. Use uppercase HTTP method like "POST".', 16384)
 2 APPPATH/Config/Routes.php(16): CodeIgniter\Router\RouteCollection->match([...], 'signup/store', 'Utilisateur\\SignupController::store')
 3 SYSTEMPATH/Router/RouteCollection.php(340): require('/home/etudiant/dk220581/CodeIgniter/SGT/app/Config/Routes.php')
 4 SYSTEMPATH/CodeIgniter.php(823): CodeIgniter\Router\RouteCollection->loadRoutes()
 5 SYSTEMPATH/CodeIgniter.php(457): CodeIgniter\CodeIgniter->tryToRouteIt(null)
 6 SYSTEMPATH/CodeIgniter.php(355): CodeIgniter\CodeIgniter->handleRequest(null, Object(Config\Cache), false)
 7 SYSTEMPATH/Boot.php(325): CodeIgniter\CodeIgniter->run()
 8 SYSTEMPATH/Boot.php(67): CodeIgniter\Boot::runCodeIgniter(Object(CodeIgniter\CodeIgniter))
 9 FCPATH/index.php(56): CodeIgniter\Boot::bootWeb(Object(Config\Paths))
10 SYSTEMPATH/rewrite.php(44): require_once('/home/etudiant/dk220581/CodeIgniter/SGT/public/index.php')
WARNING - 2024-11-25 08:18:44 --> [DEPRECATED] Passing lowercase HTTP method "get" is deprecated. Use uppercase HTTP method like "GET". in SYSTEMPATH/Router/RouteCollection.php on line 1027.
 1 SYSTEMPATH/Router/RouteCollection.php(1027): trigger_error('Passing lowercase HTTP method "get" is deprecated. Use uppercase HTTP method like "GET".', 16384)
 2 APPPATH/Config/Routes.php(12): CodeIgniter\Router\RouteCollection->match([...], 'signin/auth', 'Utilisateur\\SigninController::loginAuth')
 3 SYSTEMPATH/Router/RouteCollection.php(340): require('/home/etudiant/dk220581/CodeIgniter/SGT/app/Config/Routes.php')
 4 SYSTEMPATH/CodeIgniter.php(823): CodeIgniter\Router\RouteCollection->loadRoutes()
 5 SYSTEMPATH/CodeIgniter.php(457): CodeIgniter\CodeIgniter->tryToRouteIt(null)
 6 SYSTEMPATH/CodeIgniter.php(355): CodeIgniter\CodeIgniter->handleRequest(null, Object(Config\Cache), false)
 7 SYSTEMPATH/Boot.php(325): CodeIgniter\CodeIgniter->run()
 8 SYSTEMPATH/Boot.php(67): CodeIgniter\Boot::runCodeIgniter(Object(CodeIgniter\CodeIgniter))
 9 FCPATH/index.php(56): CodeIgniter\Boot::bootWeb(Object(Config\Paths))
10 SYSTEMPATH/rewrite.php(44): require_once('/home/etudiant/dk220581/CodeIgniter/SGT/public/index.php')
WARNING - 2024-11-25 08:18:44 --> [DEPRECATED] Passing lowercase HTTP method "post" is deprecated. Use uppercase HTTP method like "POST". in SYSTEMPATH/Router/RouteCollection.php on line 1027.
 1 SYSTEMPATH/Router/RouteCollection.php(1027): trigger_error('Passing lowercase HTTP method "post" is deprecated. Use uppercase HTTP method like "POST".', 16384)
 2 APPPATH/Config/Routes.php(12): CodeIgniter\Router\RouteCollection->match([...], 'signin/auth', 'Utilisateur\\SigninController::loginAuth')
 3 SYSTEMPATH/Router/RouteCollection.php(340): require('/home/etudiant/dk220581/CodeIgniter/SGT/app/Config/Routes.php')
 4 SYSTEMPATH/CodeIgniter.php(823): CodeIgniter\Router\RouteCollection->loadRoutes()
 5 SYSTEMPATH/CodeIgniter.php(457): CodeIgniter\CodeIgniter->tryToRouteIt(null)
 6 SYSTEMPATH/CodeIgniter.php(355): CodeIgniter\CodeIgniter->handleRequest(null, Object(Config\Cache), false)
 7 SYSTEMPATH/Boot.php(325): CodeIgniter\CodeIgniter->run()
 8 SYSTEMPATH/Boot.php(67): CodeIgniter\Boot::runCodeIgniter(Object(CodeIgniter\CodeIgniter))
 9 FCPATH/index.php(56): CodeIgniter\Boot::bootWeb(Object(Config\Paths))
10 SYSTEMPATH/rewrite.php(44): require_once('/home/etudiant/dk220581/CodeIgniter/SGT/public/index.php')
WARNING - 2024-11-25 08:18:44 --> [DEPRECATED] Passing lowercase HTTP method "get" is deprecated. Use uppercase HTTP method like "GET". in SYSTEMPATH/Router/RouteCollection.php on line 1027.
 1 SYSTEMPATH/Router/RouteCollection.php(1027): trigger_error('Passing lowercase HTTP method "get" is deprecated. Use uppercase HTTP method like "GET".', 16384)
 2 APPPATH/Config/Routes.php(16): CodeIgniter\Router\RouteCollection->match([...], 'signup/store', 'Utilisateur\\SignupController::store')
 3 SYSTEMPATH/Router/RouteCollection.php(340): require('/home/etudiant/dk220581/CodeIgniter/SGT/app/Config/Routes.php')
 4 SYSTEMPATH/CodeIgniter.php(823): CodeIgniter\Router\RouteCollection->loadRoutes()
 5 SYSTEMPATH/CodeIgniter.php(457): CodeIgniter\CodeIgniter->tryToRouteIt(null)
 6 SYSTEMPATH/CodeIgniter.php(355): CodeIgniter\CodeIgniter->handleRequest(null, Object(Config\Cache), false)
 7 SYSTEMPATH/Boot.php(325): CodeIgniter\CodeIgniter->run()
 8 SYSTEMPATH/Boot.php(67): CodeIgniter\Boot::runCodeIgniter(Object(CodeIgniter\CodeIgniter))
 9 FCPATH/index.php(56): CodeIgniter\Boot::bootWeb(Object(Config\Paths))
10 SYSTEMPATH/rewrite.php(44): require_once('/home/etudiant/dk220581/CodeIgniter/SGT/public/index.php')
WARNING - 2024-11-25 08:18:44 --> [DEPRECATED] Passing lowercase HTTP method "post" is deprecated. Use uppercase HTTP method like "POST". in SYSTEMPATH/Router/RouteCollection.php on line 1027.
 1 SYSTEMPATH/Router/RouteCollection.php(1027): trigger_error('Passing lowercase HTTP method "post" is deprecated. Use uppercase HTTP method like "POST".', 16384)
 2 APPPATH/Config/Routes.php(16): CodeIgniter\Router\RouteCollection->match([...], 'signup/store', 'Utilisateur\\SignupController::store')
 3 SYSTEMPATH/Router/RouteCollection.php(340): require('/home/etudiant/dk220581/CodeIgniter/SGT/app/Config/Routes.php')
 4 SYSTEMPATH/CodeIgniter.php(823): CodeIgniter\Router\RouteCollection->loadRoutes()
 5 SYSTEMPATH/CodeIgniter.php(457): CodeIgniter\CodeIgniter->tryToRouteIt(null)
 6 SYSTEMPATH/CodeIgniter.php(355): CodeIgniter\CodeIgniter->handleRequest(null, Object(Config\Cache), false)
 7 SYSTEMPATH/Boot.php(325): CodeIgniter\CodeIgniter->run()
 8 SYSTEMPATH/Boot.php(67): CodeIgniter\Boot::runCodeIgniter(Object(CodeIgniter\CodeIgniter))
 9 FCPATH/index.php(56): CodeIgniter\Boot::bootWeb(Object(Config\Paths))
10 SYSTEMPATH/rewrite.php(44): require_once('/home/etudiant/dk220581/CodeIgniter/SGT/public/index.php')
WARNING - 2024-11-25 08:20:42 --> [DEPRECATED] Passing lowercase HTTP method "get" is deprecated. Use uppercase HTTP method like "GET". in SYSTEMPATH/Router/RouteCollection.php on line 1027.
 1 SYSTEMPATH/Router/RouteCollection.php(1027): trigger_error('Passing lowercase HTTP method "get" is deprecated. Use uppercase HTTP method like "GET".', 16384)
 2 APPPATH/Config/Routes.php(12): CodeIgniter\Router\RouteCollection->match([...], 'signin/auth', 'Utilisateur\\SigninController::loginAuth')
 3 SYSTEMPATH/Router/RouteCollection.php(340): require('/home/etudiant/dk220581/CodeIgniter/SGT/app/Config/Routes.php')
 4 SYSTEMPATH/CodeIgniter.php(823): CodeIgniter\Router\RouteCollection->loadRoutes()
 5 SYSTEMPATH/CodeIgniter.php(457): CodeIgniter\CodeIgniter->tryToRouteIt(null)
 6 SYSTEMPATH/CodeIgniter.php(355): CodeIgniter\CodeIgniter->handleRequest(null, Object(Config\Cache), false)
 7 SYSTEMPATH/Boot.php(325): CodeIgniter\CodeIgniter->run()
 8 SYSTEMPATH/Boot.php(67): CodeIgniter\Boot::runCodeIgniter(Object(CodeIgniter\CodeIgniter))
 9 FCPATH/index.php(56): CodeIgniter\Boot::bootWeb(Object(Config\Paths))
10 SYSTEMPATH/rewrite.php(44): require_once('/home/etudiant/dk220581/CodeIgniter/SGT/public/index.php')
WARNING - 2024-11-25 08:20:42 --> [DEPRECATED] Passing lowercase HTTP method "post" is deprecated. Use uppercase HTTP method like "POST". in SYSTEMPATH/Router/RouteCollection.php on line 1027.
 1 SYSTEMPATH/Router/RouteCollection.php(1027): trigger_error('Passing lowercase HTTP method "post" is deprecated. Use uppercase HTTP method like "POST".', 16384)
 2 APPPATH/Config/Routes.php(12): CodeIgniter\Router\RouteCollection->match([...], 'signin/auth', 'Utilisateur\\SigninController::loginAuth')
 3 SYSTEMPATH/Router/RouteCollection.php(340): require('/home/etudiant/dk220581/CodeIgniter/SGT/app/Config/Routes.php')
 4 SYSTEMPATH/CodeIgniter.php(823): CodeIgniter\Router\RouteCollection->loadRoutes()
 5 SYSTEMPATH/CodeIgniter.php(457): CodeIgniter\CodeIgniter->tryToRouteIt(null)
 6 SYSTEMPATH/CodeIgniter.php(355): CodeIgniter\CodeIgniter->handleRequest(null, Object(Config\Cache), false)
 7 SYSTEMPATH/Boot.php(325): CodeIgniter\CodeIgniter->run()
 8 SYSTEMPATH/Boot.php(67): CodeIgniter\Boot::runCodeIgniter(Object(CodeIgniter\CodeIgniter))
 9 FCPATH/index.php(56): CodeIgniter\Boot::bootWeb(Object(Config\Paths))
10 SYSTEMPATH/rewrite.php(44): require_once('/home/etudiant/dk220581/CodeIgniter/SGT/public/index.php')
WARNING - 2024-11-25 08:20:42 --> [DEPRECATED] Passing lowercase HTTP method "get" is deprecated. Use uppercase HTTP method like "GET". in SYSTEMPATH/Router/RouteCollection.php on line 1027.
 1 SYSTEMPATH/Router/RouteCollection.php(1027): trigger_error('Passing lowercase HTTP method "get" is deprecated. Use uppercase HTTP method like "GET".', 16384)
 2 APPPATH/Config/Routes.php(16): CodeIgniter\Router\RouteCollection->match([...], 'signup/store', 'Utilisateur\\SignupController::store')
 3 SYSTEMPATH/Router/RouteCollection.php(340): require('/home/etudiant/dk220581/CodeIgniter/SGT/app/Config/Routes.php')
 4 SYSTEMPATH/CodeIgniter.php(823): CodeIgniter\Router\RouteCollection->loadRoutes()
 5 SYSTEMPATH/CodeIgniter.php(457): CodeIgniter\CodeIgniter->tryToRouteIt(null)
 6 SYSTEMPATH/CodeIgniter.php(355): CodeIgniter\CodeIgniter->handleRequest(null, Object(Config\Cache), false)
 7 SYSTEMPATH/Boot.php(325): CodeIgniter\CodeIgniter->run()
 8 SYSTEMPATH/Boot.php(67): CodeIgniter\Boot::runCodeIgniter(Object(CodeIgniter\CodeIgniter))
 9 FCPATH/index.php(56): CodeIgniter\Boot::bootWeb(Object(Config\Paths))
10 SYSTEMPATH/rewrite.php(44): require_once('/home/etudiant/dk220581/CodeIgniter/SGT/public/index.php')
WARNING - 2024-11-25 08:20:42 --> [DEPRECATED] Passing lowercase HTTP method "post" is deprecated. Use uppercase HTTP method like "POST". in SYSTEMPATH/Router/RouteCollection.php on line 1027.
 1 SYSTEMPATH/Router/RouteCollection.php(1027): trigger_error('Passing lowercase HTTP method "post" is deprecated. Use uppercase HTTP method like "POST".', 16384)
 2 APPPATH/Config/Routes.php(16): CodeIgniter\Router\RouteCollection->match([...], 'signup/store', 'Utilisateur\\SignupController::store')
 3 SYSTEMPATH/Router/RouteCollection.php(340): require('/home/etudiant/dk220581/CodeIgniter/SGT/app/Config/Routes.php')
 4 SYSTEMPATH/CodeIgniter.php(823): CodeIgniter\Router\RouteCollection->loadRoutes()
 5 SYSTEMPATH/CodeIgniter.php(457): CodeIgniter\CodeIgniter->tryToRouteIt(null)
 6 SYSTEMPATH/CodeIgniter.php(355): CodeIgniter\CodeIgniter->handleRequest(null, Object(Config\Cache), false)
 7 SYSTEMPATH/Boot.php(325): CodeIgniter\CodeIgniter->run()
 8 SYSTEMPATH/Boot.php(67): CodeIgniter\Boot::runCodeIgniter(Object(CodeIgniter\CodeIgniter))
 9 FCPATH/index.php(56): CodeIgniter\Boot::bootWeb(Object(Config\Paths))
10 SYSTEMPATH/rewrite.php(44): require_once('/home/etudiant/dk220581/CodeIgniter/SGT/public/index.php')
WARNING - 2024-11-25 08:20:43 --> [DEPRECATED] Passing lowercase HTTP method "get" is deprecated. Use uppercase HTTP method like "GET". in SYSTEMPATH/Router/RouteCollection.php on line 1027.
 1 SYSTEMPATH/Router/RouteCollection.php(1027): trigger_error('Passing lowercase HTTP method "get" is deprecated. Use uppercase HTTP method like "GET".', 16384)
 2 APPPATH/Config/Routes.php(12): CodeIgniter\Router\RouteCollection->match([...], 'signin/auth', 'Utilisateur\\SigninController::loginAuth')
 3 SYSTEMPATH/Router/RouteCollection.php(340): require('/home/etudiant/dk220581/CodeIgniter/SGT/app/Config/Routes.php')
 4 SYSTEMPATH/CodeIgniter.php(823): CodeIgniter\Router\RouteCollection->loadRoutes()
 5 SYSTEMPATH/CodeIgniter.php(457): CodeIgniter\CodeIgniter->tryToRouteIt(null)
 6 SYSTEMPATH/CodeIgniter.php(355): CodeIgniter\CodeIgniter->handleRequest(null, Object(Config\Cache), false)
 7 SYSTEMPATH/Boot.php(325): CodeIgniter\CodeIgniter->run()
 8 SYSTEMPATH/Boot.php(67): CodeIgniter\Boot::runCodeIgniter(Object(CodeIgniter\CodeIgniter))
 9 FCPATH/index.php(56): CodeIgniter\Boot::bootWeb(Object(Config\Paths))
10 SYSTEMPATH/rewrite.php(44): require_once('/home/etudiant/dk220581/CodeIgniter/SGT/public/index.php')
WARNING - 2024-11-25 08:20:43 --> [DEPRECATED] Passing lowercase HTTP method "post" is deprecated. Use uppercase HTTP method like "POST". in SYSTEMPATH/Router/RouteCollection.php on line 1027.
 1 SYSTEMPATH/Router/RouteCollection.php(1027): trigger_error('Passing lowercase HTTP method "post" is deprecated. Use uppercase HTTP method like "POST".', 16384)
 2 APPPATH/Config/Routes.php(12): CodeIgniter\Router\RouteCollection->match([...], 'signin/auth', 'Utilisateur\\SigninController::loginAuth')
 3 SYSTEMPATH/Router/RouteCollection.php(340): require('/home/etudiant/dk220581/CodeIgniter/SGT/app/Config/Routes.php')
 4 SYSTEMPATH/CodeIgniter.php(823): CodeIgniter\Router\RouteCollection->loadRoutes()
 5 SYSTEMPATH/CodeIgniter.php(457): CodeIgniter\CodeIgniter->tryToRouteIt(null)
 6 SYSTEMPATH/CodeIgniter.php(355): CodeIgniter\CodeIgniter->handleRequest(null, Object(Config\Cache), false)
 7 SYSTEMPATH/Boot.php(325): CodeIgniter\CodeIgniter->run()
 8 SYSTEMPATH/Boot.php(67): CodeIgniter\Boot::runCodeIgniter(Object(CodeIgniter\CodeIgniter))
 9 FCPATH/index.php(56): CodeIgniter\Boot::bootWeb(Object(Config\Paths))
10 SYSTEMPATH/rewrite.php(44): require_once('/home/etudiant/dk220581/CodeIgniter/SGT/public/index.php')
WARNING - 2024-11-25 08:20:43 --> [DEPRECATED] Passing lowercase HTTP method "get" is deprecated. Use uppercase HTTP method like "GET". in SYSTEMPATH/Router/RouteCollection.php on line 1027.
 1 SYSTEMPATH/Router/RouteCollection.php(1027): trigger_error('Passing lowercase HTTP method "get" is deprecated. Use uppercase HTTP method like "GET".', 16384)
 2 APPPATH/Config/Routes.php(16): CodeIgniter\Router\RouteCollection->match([...], 'signup/store', 'Utilisateur\\SignupController::store')
 3 SYSTEMPATH/Router/RouteCollection.php(340): require('/home/etudiant/dk220581/CodeIgniter/SGT/app/Config/Routes.php')
 4 SYSTEMPATH/CodeIgniter.php(823): CodeIgniter\Router\RouteCollection->loadRoutes()
 5 SYSTEMPATH/CodeIgniter.php(457): CodeIgniter\CodeIgniter->tryToRouteIt(null)
 6 SYSTEMPATH/CodeIgniter.php(355): CodeIgniter\CodeIgniter->handleRequest(null, Object(Config\Cache), false)
 7 SYSTEMPATH/Boot.php(325): CodeIgniter\CodeIgniter->run()
 8 SYSTEMPATH/Boot.php(67): CodeIgniter\Boot::runCodeIgniter(Object(CodeIgniter\CodeIgniter))
 9 FCPATH/index.php(56): CodeIgniter\Boot::bootWeb(Object(Config\Paths))
10 SYSTEMPATH/rewrite.php(44): require_once('/home/etudiant/dk220581/CodeIgniter/SGT/public/index.php')
WARNING - 2024-11-25 08:20:43 --> [DEPRECATED] Passing lowercase HTTP method "post" is deprecated. Use uppercase HTTP method like "POST". in SYSTEMPATH/Router/RouteCollection.php on line 1027.
 1 SYSTEMPATH/Router/RouteCollection.php(1027): trigger_error('Passing lowercase HTTP method "post" is deprecated. Use uppercase HTTP method like "POST".', 16384)
 2 APPPATH/Config/Routes.php(16): CodeIgniter\Router\RouteCollection->match([...], 'signup/store', 'Utilisateur\\SignupController::store')
 3 SYSTEMPATH/Router/RouteCollection.php(340): require('/home/etudiant/dk220581/CodeIgniter/SGT/app/Config/Routes.php')
 4 SYSTEMPATH/CodeIgniter.php(823): CodeIgniter\Router\RouteCollection->loadRoutes()
 5 SYSTEMPATH/CodeIgniter.php(457): CodeIgniter\CodeIgniter->tryToRouteIt(null)
 6 SYSTEMPATH/CodeIgniter.php(355): CodeIgniter\CodeIgniter->handleRequest(null, Object(Config\Cache), false)
 7 SYSTEMPATH/Boot.php(325): CodeIgniter\CodeIgniter->run()
 8 SYSTEMPATH/Boot.php(67): CodeIgniter\Boot::runCodeIgniter(Object(CodeIgniter\CodeIgniter))
 9 FCPATH/index.php(56): CodeIgniter\Boot::bootWeb(Object(Config\Paths))
10 SYSTEMPATH/rewrite.php(44): require_once('/home/etudiant/dk220581/CodeIgniter/SGT/public/index.php')
WARNING - 2024-11-25 08:20:43 --> [DEPRECATED] Passing lowercase HTTP method "get" is deprecated. Use uppercase HTTP method like "GET". in SYSTEMPATH/Router/RouteCollection.php on line 1027.
 1 SYSTEMPATH/Router/RouteCollection.php(1027): trigger_error('Passing lowercase HTTP method "get" is deprecated. Use uppercase HTTP method like "GET".', 16384)
 2 APPPATH/Config/Routes.php(12): CodeIgniter\Router\RouteCollection->match([...], 'signin/auth', 'Utilisateur\\SigninController::loginAuth')
 3 SYSTEMPATH/Router/RouteCollection.php(340): require('/home/etudiant/dk220581/CodeIgniter/SGT/app/Config/Routes.php')
 4 SYSTEMPATH/CodeIgniter.php(823): CodeIgniter\Router\RouteCollection->loadRoutes()
 5 SYSTEMPATH/CodeIgniter.php(457): CodeIgniter\CodeIgniter->tryToRouteIt(null)
 6 SYSTEMPATH/CodeIgniter.php(355): CodeIgniter\CodeIgniter->handleRequest(null, Object(Config\Cache), false)
 7 SYSTEMPATH/Boot.php(325): CodeIgniter\CodeIgniter->run()
 8 SYSTEMPATH/Boot.php(67): CodeIgniter\Boot::runCodeIgniter(Object(CodeIgniter\CodeIgniter))
 9 FCPATH/index.php(56): CodeIgniter\Boot::bootWeb(Object(Config\Paths))
10 SYSTEMPATH/rewrite.php(44): require_once('/home/etudiant/dk220581/CodeIgniter/SGT/public/index.php')
WARNING - 2024-11-25 08:20:43 --> [DEPRECATED] Passing lowercase HTTP method "post" is deprecated. Use uppercase HTTP method like "POST". in SYSTEMPATH/Router/RouteCollection.php on line 1027.
 1 SYSTEMPATH/Router/RouteCollection.php(1027): trigger_error('Passing lowercase HTTP method "post" is deprecated. Use uppercase HTTP method like "POST".', 16384)
 2 APPPATH/Config/Routes.php(12): CodeIgniter\Router\RouteCollection->match([...], 'signin/auth', 'Utilisateur\\SigninController::loginAuth')
 3 SYSTEMPATH/Router/RouteCollection.php(340): require('/home/etudiant/dk220581/CodeIgniter/SGT/app/Config/Routes.php')
 4 SYSTEMPATH/CodeIgniter.php(823): CodeIgniter\Router\RouteCollection->loadRoutes()
 5 SYSTEMPATH/CodeIgniter.php(457): CodeIgniter\CodeIgniter->tryToRouteIt(null)
 6 SYSTEMPATH/CodeIgniter.php(355): CodeIgniter\CodeIgniter->handleRequest(null, Object(Config\Cache), false)
 7 SYSTEMPATH/Boot.php(325): CodeIgniter\CodeIgniter->run()
 8 SYSTEMPATH/Boot.php(67): CodeIgniter\Boot::runCodeIgniter(Object(CodeIgniter\CodeIgniter))
 9 FCPATH/index.php(56): CodeIgniter\Boot::bootWeb(Object(Config\Paths))
10 SYSTEMPATH/rewrite.php(44): require_once('/home/etudiant/dk220581/CodeIgniter/SGT/public/index.php')
WARNING - 2024-11-25 08:20:43 --> [DEPRECATED] Passing lowercase HTTP method "get" is deprecated. Use uppercase HTTP method like "GET". in SYSTEMPATH/Router/RouteCollection.php on line 1027.
 1 SYSTEMPATH/Router/RouteCollection.php(1027): trigger_error('Passing lowercase HTTP method "get" is deprecated. Use uppercase HTTP method like "GET".', 16384)
 2 APPPATH/Config/Routes.php(16): CodeIgniter\Router\RouteCollection->match([...], 'signup/store', 'Utilisateur\\SignupController::store')
 3 SYSTEMPATH/Router/RouteCollection.php(340): require('/home/etudiant/dk220581/CodeIgniter/SGT/app/Config/Routes.php')
 4 SYSTEMPATH/CodeIgniter.php(823): CodeIgniter\Router\RouteCollection->loadRoutes()
 5 SYSTEMPATH/CodeIgniter.php(457): CodeIgniter\CodeIgniter->tryToRouteIt(null)
 6 SYSTEMPATH/CodeIgniter.php(355): CodeIgniter\CodeIgniter->handleRequest(null, Object(Config\Cache), false)
 7 SYSTEMPATH/Boot.php(325): CodeIgniter\CodeIgniter->run()
 8 SYSTEMPATH/Boot.php(67): CodeIgniter\Boot::runCodeIgniter(Object(CodeIgniter\CodeIgniter))
 9 FCPATH/index.php(56): CodeIgniter\Boot::bootWeb(Object(Config\Paths))
10 SYSTEMPATH/rewrite.php(44): require_once('/home/etudiant/dk220581/CodeIgniter/SGT/public/index.php')
WARNING - 2024-11-25 08:20:43 --> [DEPRECATED] Passing lowercase HTTP method "post" is deprecated. Use uppercase HTTP method like "POST". in SYSTEMPATH/Router/RouteCollection.php on line 1027.
 1 SYSTEMPATH/Router/RouteCollection.php(1027): trigger_error('Passing lowercase HTTP method "post" is deprecated. Use uppercase HTTP method like "POST".', 16384)
 2 APPPATH/Config/Routes.php(16): CodeIgniter\Router\RouteCollection->match([...], 'signup/store', 'Utilisateur\\SignupController::store')
 3 SYSTEMPATH/Router/RouteCollection.php(340): require('/home/etudiant/dk220581/CodeIgniter/SGT/app/Config/Routes.php')
 4 SYSTEMPATH/CodeIgniter.php(823): CodeIgniter\Router\RouteCollection->loadRoutes()
 5 SYSTEMPATH/CodeIgniter.php(457): CodeIgniter\CodeIgniter->tryToRouteIt(null)
 6 SYSTEMPATH/CodeIgniter.php(355): CodeIgniter\CodeIgniter->handleRequest(null, Object(Config\Cache), false)
 7 SYSTEMPATH/Boot.php(325): CodeIgniter\CodeIgniter->run()
 8 SYSTEMPATH/Boot.php(67): CodeIgniter\Boot::runCodeIgniter(Object(CodeIgniter\CodeIgniter))
 9 FCPATH/index.php(56): CodeIgniter\Boot::bootWeb(Object(Config\Paths))
10 SYSTEMPATH/rewrite.php(44): require_once('/home/etudiant/dk220581/CodeIgniter/SGT/public/index.php')
WARNING - 2024-11-25 08:20:43 --> [DEPRECATED] Passing lowercase HTTP method "get" is deprecated. Use uppercase HTTP method like "GET". in SYSTEMPATH/Router/RouteCollection.php on line 1027.
 1 SYSTEMPATH/Router/RouteCollection.php(1027): trigger_error('Passing lowercase HTTP method "get" is deprecated. Use uppercase HTTP method like "GET".', 16384)
 2 APPPATH/Config/Routes.php(12): CodeIgniter\Router\RouteCollection->match([...], 'signin/auth', 'Utilisateur\\SigninController::loginAuth')
 3 SYSTEMPATH/Router/RouteCollection.php(340): require('/home/etudiant/dk220581/CodeIgniter/SGT/app/Config/Routes.php')
 4 SYSTEMPATH/CodeIgniter.php(823): CodeIgniter\Router\RouteCollection->loadRoutes()
 5 SYSTEMPATH/CodeIgniter.php(457): CodeIgniter\CodeIgniter->tryToRouteIt(null)
 6 SYSTEMPATH/CodeIgniter.php(355): CodeIgniter\CodeIgniter->handleRequest(null, Object(Config\Cache), false)
 7 SYSTEMPATH/Boot.php(325): CodeIgniter\CodeIgniter->run()
 8 SYSTEMPATH/Boot.php(67): CodeIgniter\Boot::runCodeIgniter(Object(CodeIgniter\CodeIgniter))
 9 FCPATH/index.php(56): CodeIgniter\Boot::bootWeb(Object(Config\Paths))
10 SYSTEMPATH/rewrite.php(44): require_once('/home/etudiant/dk220581/CodeIgniter/SGT/public/index.php')
WARNING - 2024-11-25 08:20:43 --> [DEPRECATED] Passing lowercase HTTP method "post" is deprecated. Use uppercase HTTP method like "POST". in SYSTEMPATH/Router/RouteCollection.php on line 1027.
 1 SYSTEMPATH/Router/RouteCollection.php(1027): trigger_error('Passing lowercase HTTP method "post" is deprecated. Use uppercase HTTP method like "POST".', 16384)
 2 APPPATH/Config/Routes.php(12): CodeIgniter\Router\RouteCollection->match([...], 'signin/auth', 'Utilisateur\\SigninController::loginAuth')
 3 SYSTEMPATH/Router/RouteCollection.php(340): require('/home/etudiant/dk220581/CodeIgniter/SGT/app/Config/Routes.php')
 4 SYSTEMPATH/CodeIgniter.php(823): CodeIgniter\Router\RouteCollection->loadRoutes()
 5 SYSTEMPATH/CodeIgniter.php(457): CodeIgniter\CodeIgniter->tryToRouteIt(null)
 6 SYSTEMPATH/CodeIgniter.php(355): CodeIgniter\CodeIgniter->handleRequest(null, Object(Config\Cache), false)
 7 SYSTEMPATH/Boot.php(325): CodeIgniter\CodeIgniter->run()
 8 SYSTEMPATH/Boot.php(67): CodeIgniter\Boot::runCodeIgniter(Object(CodeIgniter\CodeIgniter))
 9 FCPATH/index.php(56): CodeIgniter\Boot::bootWeb(Object(Config\Paths))
10 SYSTEMPATH/rewrite.php(44): require_once('/home/etudiant/dk220581/CodeIgniter/SGT/public/index.php')
WARNING - 2024-11-25 08:20:43 --> [DEPRECATED] Passing lowercase HTTP method "get" is deprecated. Use uppercase HTTP method like "GET". in SYSTEMPATH/Router/RouteCollection.php on line 1027.
 1 SYSTEMPATH/Router/RouteCollection.php(1027): trigger_error('Passing lowercase HTTP method "get" is deprecated. Use uppercase HTTP method like "GET".', 16384)
 2 APPPATH/Config/Routes.php(16): CodeIgniter\Router\RouteCollection->match([...], 'signup/store', 'Utilisateur\\SignupController::store')
 3 SYSTEMPATH/Router/RouteCollection.php(340): require('/home/etudiant/dk220581/CodeIgniter/SGT/app/Config/Routes.php')
 4 SYSTEMPATH/CodeIgniter.php(823): CodeIgniter\Router\RouteCollection->loadRoutes()
 5 SYSTEMPATH/CodeIgniter.php(457): CodeIgniter\CodeIgniter->tryToRouteIt(null)
 6 SYSTEMPATH/CodeIgniter.php(355): CodeIgniter\CodeIgniter->handleRequest(null, Object(Config\Cache), false)
 7 SYSTEMPATH/Boot.php(325): CodeIgniter\CodeIgniter->run()
 8 SYSTEMPATH/Boot.php(67): CodeIgniter\Boot::runCodeIgniter(Object(CodeIgniter\CodeIgniter))
 9 FCPATH/index.php(56): CodeIgniter\Boot::bootWeb(Object(Config\Paths))
10 SYSTEMPATH/rewrite.php(44): require_once('/home/etudiant/dk220581/CodeIgniter/SGT/public/index.php')
WARNING - 2024-11-25 08:20:43 --> [DEPRECATED] Passing lowercase HTTP method "post" is deprecated. Use uppercase HTTP method like "POST". in SYSTEMPATH/Router/RouteCollection.php on line 1027.
 1 SYSTEMPATH/Router/RouteCollection.php(1027): trigger_error('Passing lowercase HTTP method "post" is deprecated. Use uppercase HTTP method like "POST".', 16384)
 2 APPPATH/Config/Routes.php(16): CodeIgniter\Router\RouteCollection->match([...], 'signup/store', 'Utilisateur\\SignupController::store')
 3 SYSTEMPATH/Router/RouteCollection.php(340): require('/home/etudiant/dk220581/CodeIgniter/SGT/app/Config/Routes.php')
 4 SYSTEMPATH/CodeIgniter.php(823): CodeIgniter\Router\RouteCollection->loadRoutes()
 5 SYSTEMPATH/CodeIgniter.php(457): CodeIgniter\CodeIgniter->tryToRouteIt(null)
 6 SYSTEMPATH/CodeIgniter.php(355): CodeIgniter\CodeIgniter->handleRequest(null, Object(Config\Cache), false)
 7 SYSTEMPATH/Boot.php(325): CodeIgniter\CodeIgniter->run()
 8 SYSTEMPATH/Boot.php(67): CodeIgniter\Boot::runCodeIgniter(Object(CodeIgniter\CodeIgniter))
 9 FCPATH/index.php(56): CodeIgniter\Boot::bootWeb(Object(Config\Paths))
10 SYSTEMPATH/rewrite.php(44): require_once('/home/etudiant/dk220581/CodeIgniter/SGT/public/index.php')
WARNING - 2024-11-25 08:20:43 --> [DEPRECATED] Passing lowercase HTTP method "get" is deprecated. Use uppercase HTTP method like "GET". in SYSTEMPATH/Router/RouteCollection.php on line 1027.
 1 SYSTEMPATH/Router/RouteCollection.php(1027): trigger_error('Passing lowercase HTTP method "get" is deprecated. Use uppercase HTTP method like "GET".', 16384)
 2 APPPATH/Config/Routes.php(12): CodeIgniter\Router\RouteCollection->match([...], 'signin/auth', 'Utilisateur\\SigninController::loginAuth')
 3 SYSTEMPATH/Router/RouteCollection.php(340): require('/home/etudiant/dk220581/CodeIgniter/SGT/app/Config/Routes.php')
 4 SYSTEMPATH/CodeIgniter.php(823): CodeIgniter\Router\RouteCollection->loadRoutes()
 5 SYSTEMPATH/CodeIgniter.php(457): CodeIgniter\CodeIgniter->tryToRouteIt(null)
 6 SYSTEMPATH/CodeIgniter.php(355): CodeIgniter\CodeIgniter->handleRequest(null, Object(Config\Cache), false)
 7 SYSTEMPATH/Boot.php(325): CodeIgniter\CodeIgniter->run()
 8 SYSTEMPATH/Boot.php(67): CodeIgniter\Boot::runCodeIgniter(Object(CodeIgniter\CodeIgniter))
 9 FCPATH/index.php(56): CodeIgniter\Boot::bootWeb(Object(Config\Paths))
10 SYSTEMPATH/rewrite.php(44): require_once('/home/etudiant/dk220581/CodeIgniter/SGT/public/index.php')
WARNING - 2024-11-25 08:20:43 --> [DEPRECATED] Passing lowercase HTTP method "post" is deprecated. Use uppercase HTTP method like "POST". in SYSTEMPATH/Router/RouteCollection.php on line 1027.
 1 SYSTEMPATH/Router/RouteCollection.php(1027): trigger_error('Passing lowercase HTTP method "post" is deprecated. Use uppercase HTTP method like "POST".', 16384)
 2 APPPATH/Config/Routes.php(12): CodeIgniter\Router\RouteCollection->match([...], 'signin/auth', 'Utilisateur\\SigninController::loginAuth')
 3 SYSTEMPATH/Router/RouteCollection.php(340): require('/home/etudiant/dk220581/CodeIgniter/SGT/app/Config/Routes.php')
 4 SYSTEMPATH/CodeIgniter.php(823): CodeIgniter\Router\RouteCollection->loadRoutes()
 5 SYSTEMPATH/CodeIgniter.php(457): CodeIgniter\CodeIgniter->tryToRouteIt(null)
 6 SYSTEMPATH/CodeIgniter.php(355): CodeIgniter\CodeIgniter->handleRequest(null, Object(Config\Cache), false)
 7 SYSTEMPATH/Boot.php(325): CodeIgniter\CodeIgniter->run()
 8 SYSTEMPATH/Boot.php(67): CodeIgniter\Boot::runCodeIgniter(Object(CodeIgniter\CodeIgniter))
 9 FCPATH/index.php(56): CodeIgniter\Boot::bootWeb(Object(Config\Paths))
10 SYSTEMPATH/rewrite.php(44): require_once('/home/etudiant/dk220581/CodeIgniter/SGT/public/index.php')
WARNING - 2024-11-25 08:20:43 --> [DEPRECATED] Passing lowercase HTTP method "get" is deprecated. Use uppercase HTTP method like "GET". in SYSTEMPATH/Router/RouteCollection.php on line 1027.
 1 SYSTEMPATH/Router/RouteCollection.php(1027): trigger_error('Passing lowercase HTTP method "get" is deprecated. Use uppercase HTTP method like "GET".', 16384)
 2 APPPATH/Config/Routes.php(16): CodeIgniter\Router\RouteCollection->match([...], 'signup/store', 'Utilisateur\\SignupController::store')
 3 SYSTEMPATH/Router/RouteCollection.php(340): require('/home/etudiant/dk220581/CodeIgniter/SGT/app/Config/Routes.php')
 4 SYSTEMPATH/CodeIgniter.php(823): CodeIgniter\Router\RouteCollection->loadRoutes()
 5 SYSTEMPATH/CodeIgniter.php(457): CodeIgniter\CodeIgniter->tryToRouteIt(null)
 6 SYSTEMPATH/CodeIgniter.php(355): CodeIgniter\CodeIgniter->handleRequest(null, Object(Config\Cache), false)
 7 SYSTEMPATH/Boot.php(325): CodeIgniter\CodeIgniter->run()
 8 SYSTEMPATH/Boot.php(67): CodeIgniter\Boot::runCodeIgniter(Object(CodeIgniter\CodeIgniter))
 9 FCPATH/index.php(56): CodeIgniter\Boot::bootWeb(Object(Config\Paths))
10 SYSTEMPATH/rewrite.php(44): require_once('/home/etudiant/dk220581/CodeIgniter/SGT/public/index.php')
WARNING - 2024-11-25 08:20:43 --> [DEPRECATED] Passing lowercase HTTP method "post" is deprecated. Use uppercase HTTP method like "POST". in SYSTEMPATH/Router/RouteCollection.php on line 1027.
 1 SYSTEMPATH/Router/RouteCollection.php(1027): trigger_error('Passing lowercase HTTP method "post" is deprecated. Use uppercase HTTP method like "POST".', 16384)
 2 APPPATH/Config/Routes.php(16): CodeIgniter\Router\RouteCollection->match([...], 'signup/store', 'Utilisateur\\SignupController::store')
 3 SYSTEMPATH/Router/RouteCollection.php(340): require('/home/etudiant/dk220581/CodeIgniter/SGT/app/Config/Routes.php')
 4 SYSTEMPATH/CodeIgniter.php(823): CodeIgniter\Router\RouteCollection->loadRoutes()
 5 SYSTEMPATH/CodeIgniter.php(457): CodeIgniter\CodeIgniter->tryToRouteIt(null)
 6 SYSTEMPATH/CodeIgniter.php(355): CodeIgniter\CodeIgniter->handleRequest(null, Object(Config\Cache), false)
 7 SYSTEMPATH/Boot.php(325): CodeIgniter\CodeIgniter->run()
 8 SYSTEMPATH/Boot.php(67): CodeIgniter\Boot::runCodeIgniter(Object(CodeIgniter\CodeIgniter))
 9 FCPATH/index.php(56): CodeIgniter\Boot::bootWeb(Object(Config\Paths))
10 SYSTEMPATH/rewrite.php(44): require_once('/home/etudiant/dk220581/CodeIgniter/SGT/public/index.php')
WARNING - 2024-11-25 08:20:43 --> [DEPRECATED] Passing lowercase HTTP method "get" is deprecated. Use uppercase HTTP method like "GET". in SYSTEMPATH/Router/RouteCollection.php on line 1027.
 1 SYSTEMPATH/Router/RouteCollection.php(1027): trigger_error('Passing lowercase HTTP method "get" is deprecated. Use uppercase HTTP method like "GET".', 16384)
 2 APPPATH/Config/Routes.php(12): CodeIgniter\Router\RouteCollection->match([...], 'signin/auth', 'Utilisateur\\SigninController::loginAuth')
 3 SYSTEMPATH/Router/RouteCollection.php(340): require('/home/etudiant/dk220581/CodeIgniter/SGT/app/Config/Routes.php')
 4 SYSTEMPATH/CodeIgniter.php(823): CodeIgniter\Router\RouteCollection->loadRoutes()
 5 SYSTEMPATH/CodeIgniter.php(457): CodeIgniter\CodeIgniter->tryToRouteIt(null)
 6 SYSTEMPATH/CodeIgniter.php(355): CodeIgniter\CodeIgniter->handleRequest(null, Object(Config\Cache), false)
 7 SYSTEMPATH/Boot.php(325): CodeIgniter\CodeIgniter->run()
 8 SYSTEMPATH/Boot.php(67): CodeIgniter\Boot::runCodeIgniter(Object(CodeIgniter\CodeIgniter))
 9 FCPATH/index.php(56): CodeIgniter\Boot::bootWeb(Object(Config\Paths))
10 SYSTEMPATH/rewrite.php(44): require_once('/home/etudiant/dk220581/CodeIgniter/SGT/public/index.php')
WARNING - 2024-11-25 08:20:43 --> [DEPRECATED] Passing lowercase HTTP method "post" is deprecated. Use uppercase HTTP method like "POST". in SYSTEMPATH/Router/RouteCollection.php on line 1027.
 1 SYSTEMPATH/Router/RouteCollection.php(1027): trigger_error('Passing lowercase HTTP method "post" is deprecated. Use uppercase HTTP method like "POST".', 16384)
 2 APPPATH/Config/Routes.php(12): CodeIgniter\Router\RouteCollection->match([...], 'signin/auth', 'Utilisateur\\SigninController::loginAuth')
 3 SYSTEMPATH/Router/RouteCollection.php(340): require('/home/etudiant/dk220581/CodeIgniter/SGT/app/Config/Routes.php')
 4 SYSTEMPATH/CodeIgniter.php(823): CodeIgniter\Router\RouteCollection->loadRoutes()
 5 SYSTEMPATH/CodeIgniter.php(457): CodeIgniter\CodeIgniter->tryToRouteIt(null)
 6 SYSTEMPATH/CodeIgniter.php(355): CodeIgniter\CodeIgniter->handleRequest(null, Object(Config\Cache), false)
 7 SYSTEMPATH/Boot.php(325): CodeIgniter\CodeIgniter->run()
 8 SYSTEMPATH/Boot.php(67): CodeIgniter\Boot::runCodeIgniter(Object(CodeIgniter\CodeIgniter))
 9 FCPATH/index.php(56): CodeIgniter\Boot::bootWeb(Object(Config\Paths))
10 SYSTEMPATH/rewrite.php(44): require_once('/home/etudiant/dk220581/CodeIgniter/SGT/public/index.php')
WARNING - 2024-11-25 08:20:43 --> [DEPRECATED] Passing lowercase HTTP method "get" is deprecated. Use uppercase HTTP method like "GET". in SYSTEMPATH/Router/RouteCollection.php on line 1027.
 1 SYSTEMPATH/Router/RouteCollection.php(1027): trigger_error('Passing lowercase HTTP method "get" is deprecated. Use uppercase HTTP method like "GET".', 16384)
 2 APPPATH/Config/Routes.php(16): CodeIgniter\Router\RouteCollection->match([...], 'signup/store', 'Utilisateur\\SignupController::store')
 3 SYSTEMPATH/Router/RouteCollection.php(340): require('/home/etudiant/dk220581/CodeIgniter/SGT/app/Config/Routes.php')
 4 SYSTEMPATH/CodeIgniter.php(823): CodeIgniter\Router\RouteCollection->loadRoutes()
 5 SYSTEMPATH/CodeIgniter.php(457): CodeIgniter\CodeIgniter->tryToRouteIt(null)
 6 SYSTEMPATH/CodeIgniter.php(355): CodeIgniter\CodeIgniter->handleRequest(null, Object(Config\Cache), false)
 7 SYSTEMPATH/Boot.php(325): CodeIgniter\CodeIgniter->run()
 8 SYSTEMPATH/Boot.php(67): CodeIgniter\Boot::runCodeIgniter(Object(CodeIgniter\CodeIgniter))
 9 FCPATH/index.php(56): CodeIgniter\Boot::bootWeb(Object(Config\Paths))
10 SYSTEMPATH/rewrite.php(44): require_once('/home/etudiant/dk220581/CodeIgniter/SGT/public/index.php')
WARNING - 2024-11-25 08:20:43 --> [DEPRECATED] Passing lowercase HTTP method "post" is deprecated. Use uppercase HTTP method like "POST". in SYSTEMPATH/Router/RouteCollection.php on line 1027.
 1 SYSTEMPATH/Router/RouteCollection.php(1027): trigger_error('Passing lowercase HTTP method "post" is deprecated. Use uppercase HTTP method like "POST".', 16384)
 2 APPPATH/Config/Routes.php(16): CodeIgniter\Router\RouteCollection->match([...], 'signup/store', 'Utilisateur\\SignupController::store')
 3 SYSTEMPATH/Router/RouteCollection.php(340): require('/home/etudiant/dk220581/CodeIgniter/SGT/app/Config/Routes.php')
 4 SYSTEMPATH/CodeIgniter.php(823): CodeIgniter\Router\RouteCollection->loadRoutes()
 5 SYSTEMPATH/CodeIgniter.php(457): CodeIgniter\CodeIgniter->tryToRouteIt(null)
 6 SYSTEMPATH/CodeIgniter.php(355): CodeIgniter\CodeIgniter->handleRequest(null, Object(Config\Cache), false)
 7 SYSTEMPATH/Boot.php(325): CodeIgniter\CodeIgniter->run()
 8 SYSTEMPATH/Boot.php(67): CodeIgniter\Boot::runCodeIgniter(Object(CodeIgniter\CodeIgniter))
 9 FCPATH/index.php(56): CodeIgniter\Boot::bootWeb(Object(Config\Paths))
10 SYSTEMPATH/rewrite.php(44): require_once('/home/etudiant/dk220581/CodeIgniter/SGT/public/index.php')
WARNING - 2024-11-25 08:20:44 --> [DEPRECATED] Passing lowercase HTTP method "get" is deprecated. Use uppercase HTTP method like "GET". in SYSTEMPATH/Router/RouteCollection.php on line 1027.
 1 SYSTEMPATH/Router/RouteCollection.php(1027): trigger_error('Passing lowercase HTTP method "get" is deprecated. Use uppercase HTTP method like "GET".', 16384)
 2 APPPATH/Config/Routes.php(12): CodeIgniter\Router\RouteCollection->match([...], 'signin/auth', 'Utilisateur\\SigninController::loginAuth')
 3 SYSTEMPATH/Router/RouteCollection.php(340): require('/home/etudiant/dk220581/CodeIgniter/SGT/app/Config/Routes.php')
 4 SYSTEMPATH/CodeIgniter.php(823): CodeIgniter\Router\RouteCollection->loadRoutes()
 5 SYSTEMPATH/CodeIgniter.php(457): CodeIgniter\CodeIgniter->tryToRouteIt(null)
 6 SYSTEMPATH/CodeIgniter.php(355): CodeIgniter\CodeIgniter->handleRequest(null, Object(Config\Cache), false)
 7 SYSTEMPATH/Boot.php(325): CodeIgniter\CodeIgniter->run()
 8 SYSTEMPATH/Boot.php(67): CodeIgniter\Boot::runCodeIgniter(Object(CodeIgniter\CodeIgniter))
 9 FCPATH/index.php(56): CodeIgniter\Boot::bootWeb(Object(Config\Paths))
10 SYSTEMPATH/rewrite.php(44): require_once('/home/etudiant/dk220581/CodeIgniter/SGT/public/index.php')
WARNING - 2024-11-25 08:20:44 --> [DEPRECATED] Passing lowercase HTTP method "post" is deprecated. Use uppercase HTTP method like "POST". in SYSTEMPATH/Router/RouteCollection.php on line 1027.
 1 SYSTEMPATH/Router/RouteCollection.php(1027): trigger_error('Passing lowercase HTTP method "post" is deprecated. Use uppercase HTTP method like "POST".', 16384)
 2 APPPATH/Config/Routes.php(12): CodeIgniter\Router\RouteCollection->match([...], 'signin/auth', 'Utilisateur\\SigninController::loginAuth')
 3 SYSTEMPATH/Router/RouteCollection.php(340): require('/home/etudiant/dk220581/CodeIgniter/SGT/app/Config/Routes.php')
 4 SYSTEMPATH/CodeIgniter.php(823): CodeIgniter\Router\RouteCollection->loadRoutes()
 5 SYSTEMPATH/CodeIgniter.php(457): CodeIgniter\CodeIgniter->tryToRouteIt(null)
 6 SYSTEMPATH/CodeIgniter.php(355): CodeIgniter\CodeIgniter->handleRequest(null, Object(Config\Cache), false)
 7 SYSTEMPATH/Boot.php(325): CodeIgniter\CodeIgniter->run()
 8 SYSTEMPATH/Boot.php(67): CodeIgniter\Boot::runCodeIgniter(Object(CodeIgniter\CodeIgniter))
 9 FCPATH/index.php(56): CodeIgniter\Boot::bootWeb(Object(Config\Paths))
10 SYSTEMPATH/rewrite.php(44): require_once('/home/etudiant/dk220581/CodeIgniter/SGT/public/index.php')
WARNING - 2024-11-25 08:20:44 --> [DEPRECATED] Passing lowercase HTTP method "get" is deprecated. Use uppercase HTTP method like "GET". in SYSTEMPATH/Router/RouteCollection.php on line 1027.
 1 SYSTEMPATH/Router/RouteCollection.php(1027): trigger_error('Passing lowercase HTTP method "get" is deprecated. Use uppercase HTTP method like "GET".', 16384)
 2 APPPATH/Config/Routes.php(16): CodeIgniter\Router\RouteCollection->match([...], 'signup/store', 'Utilisateur\\SignupController::store')
 3 SYSTEMPATH/Router/RouteCollection.php(340): require('/home/etudiant/dk220581/CodeIgniter/SGT/app/Config/Routes.php')
 4 SYSTEMPATH/CodeIgniter.php(823): CodeIgniter\Router\RouteCollection->loadRoutes()
 5 SYSTEMPATH/CodeIgniter.php(457): CodeIgniter\CodeIgniter->tryToRouteIt(null)
 6 SYSTEMPATH/CodeIgniter.php(355): CodeIgniter\CodeIgniter->handleRequest(null, Object(Config\Cache), false)
 7 SYSTEMPATH/Boot.php(325): CodeIgniter\CodeIgniter->run()
 8 SYSTEMPATH/Boot.php(67): CodeIgniter\Boot::runCodeIgniter(Object(CodeIgniter\CodeIgniter))
 9 FCPATH/index.php(56): CodeIgniter\Boot::bootWeb(Object(Config\Paths))
10 SYSTEMPATH/rewrite.php(44): require_once('/home/etudiant/dk220581/CodeIgniter/SGT/public/index.php')
WARNING - 2024-11-25 08:20:44 --> [DEPRECATED] Passing lowercase HTTP method "post" is deprecated. Use uppercase HTTP method like "POST". in SYSTEMPATH/Router/RouteCollection.php on line 1027.
 1 SYSTEMPATH/Router/RouteCollection.php(1027): trigger_error('Passing lowercase HTTP method "post" is deprecated. Use uppercase HTTP method like "POST".', 16384)
 2 APPPATH/Config/Routes.php(16): CodeIgniter\Router\RouteCollection->match([...], 'signup/store', 'Utilisateur\\SignupController::store')
 3 SYSTEMPATH/Router/RouteCollection.php(340): require('/home/etudiant/dk220581/CodeIgniter/SGT/app/Config/Routes.php')
 4 SYSTEMPATH/CodeIgniter.php(823): CodeIgniter\Router\RouteCollection->loadRoutes()
 5 SYSTEMPATH/CodeIgniter.php(457): CodeIgniter\CodeIgniter->tryToRouteIt(null)
 6 SYSTEMPATH/CodeIgniter.php(355): CodeIgniter\CodeIgniter->handleRequest(null, Object(Config\Cache), false)
 7 SYSTEMPATH/Boot.php(325): CodeIgniter\CodeIgniter->run()
 8 SYSTEMPATH/Boot.php(67): CodeIgniter\Boot::runCodeIgniter(Object(CodeIgniter\CodeIgniter))
 9 FCPATH/index.php(56): CodeIgniter\Boot::bootWeb(Object(Config\Paths))
10 SYSTEMPATH/rewrite.php(44): require_once('/home/etudiant/dk220581/CodeIgniter/SGT/public/index.php')
WARNING - 2024-11-25 08:20:44 --> [DEPRECATED] Passing lowercase HTTP method "get" is deprecated. Use uppercase HTTP method like "GET". in SYSTEMPATH/Router/RouteCollection.php on line 1027.
 1 SYSTEMPATH/Router/RouteCollection.php(1027): trigger_error('Passing lowercase HTTP method "get" is deprecated. Use uppercase HTTP method like "GET".', 16384)
 2 APPPATH/Config/Routes.php(12): CodeIgniter\Router\RouteCollection->match([...], 'signin/auth', 'Utilisateur\\SigninController::loginAuth')
 3 SYSTEMPATH/Router/RouteCollection.php(340): require('/home/etudiant/dk220581/CodeIgniter/SGT/app/Config/Routes.php')
 4 SYSTEMPATH/CodeIgniter.php(823): CodeIgniter\Router\RouteCollection->loadRoutes()
 5 SYSTEMPATH/CodeIgniter.php(457): CodeIgniter\CodeIgniter->tryToRouteIt(null)
 6 SYSTEMPATH/CodeIgniter.php(355): CodeIgniter\CodeIgniter->handleRequest(null, Object(Config\Cache), false)
 7 SYSTEMPATH/Boot.php(325): CodeIgniter\CodeIgniter->run()
 8 SYSTEMPATH/Boot.php(67): CodeIgniter\Boot::runCodeIgniter(Object(CodeIgniter\CodeIgniter))
 9 FCPATH/index.php(56): CodeIgniter\Boot::bootWeb(Object(Config\Paths))
10 SYSTEMPATH/rewrite.php(44): require_once('/home/etudiant/dk220581/CodeIgniter/SGT/public/index.php')
WARNING - 2024-11-25 08:20:44 --> [DEPRECATED] Passing lowercase HTTP method "post" is deprecated. Use uppercase HTTP method like "POST". in SYSTEMPATH/Router/RouteCollection.php on line 1027.
 1 SYSTEMPATH/Router/RouteCollection.php(1027): trigger_error('Passing lowercase HTTP method "post" is deprecated. Use uppercase HTTP method like "POST".', 16384)
 2 APPPATH/Config/Routes.php(12): CodeIgniter\Router\RouteCollection->match([...], 'signin/auth', 'Utilisateur\\SigninController::loginAuth')
 3 SYSTEMPATH/Router/RouteCollection.php(340): require('/home/etudiant/dk220581/CodeIgniter/SGT/app/Config/Routes.php')
 4 SYSTEMPATH/CodeIgniter.php(823): CodeIgniter\Router\RouteCollection->loadRoutes()
 5 SYSTEMPATH/CodeIgniter.php(457): CodeIgniter\CodeIgniter->tryToRouteIt(null)
 6 SYSTEMPATH/CodeIgniter.php(355): CodeIgniter\CodeIgniter->handleRequest(null, Object(Config\Cache), false)
 7 SYSTEMPATH/Boot.php(325): CodeIgniter\CodeIgniter->run()
 8 SYSTEMPATH/Boot.php(67): CodeIgniter\Boot::runCodeIgniter(Object(CodeIgniter\CodeIgniter))
 9 FCPATH/index.php(56): CodeIgniter\Boot::bootWeb(Object(Config\Paths))
10 SYSTEMPATH/rewrite.php(44): require_once('/home/etudiant/dk220581/CodeIgniter/SGT/public/index.php')
WARNING - 2024-11-25 08:20:44 --> [DEPRECATED] Passing lowercase HTTP method "get" is deprecated. Use uppercase HTTP method like "GET". in SYSTEMPATH/Router/RouteCollection.php on line 1027.
 1 SYSTEMPATH/Router/RouteCollection.php(1027): trigger_error('Passing lowercase HTTP method "get" is deprecated. Use uppercase HTTP method like "GET".', 16384)
 2 APPPATH/Config/Routes.php(16): CodeIgniter\Router\RouteCollection->match([...], 'signup/store', 'Utilisateur\\SignupController::store')
 3 SYSTEMPATH/Router/RouteCollection.php(340): require('/home/etudiant/dk220581/CodeIgniter/SGT/app/Config/Routes.php')
 4 SYSTEMPATH/CodeIgniter.php(823): CodeIgniter\Router\RouteCollection->loadRoutes()
 5 SYSTEMPATH/CodeIgniter.php(457): CodeIgniter\CodeIgniter->tryToRouteIt(null)
 6 SYSTEMPATH/CodeIgniter.php(355): CodeIgniter\CodeIgniter->handleRequest(null, Object(Config\Cache), false)
 7 SYSTEMPATH/Boot.php(325): CodeIgniter\CodeIgniter->run()
 8 SYSTEMPATH/Boot.php(67): CodeIgniter\Boot::runCodeIgniter(Object(CodeIgniter\CodeIgniter))
 9 FCPATH/index.php(56): CodeIgniter\Boot::bootWeb(Object(Config\Paths))
10 SYSTEMPATH/rewrite.php(44): require_once('/home/etudiant/dk220581/CodeIgniter/SGT/public/index.php')
WARNING - 2024-11-25 08:20:44 --> [DEPRECATED] Passing lowercase HTTP method "post" is deprecated. Use uppercase HTTP method like "POST". in SYSTEMPATH/Router/RouteCollection.php on line 1027.
 1 SYSTEMPATH/Router/RouteCollection.php(1027): trigger_error('Passing lowercase HTTP method "post" is deprecated. Use uppercase HTTP method like "POST".', 16384)
 2 APPPATH/Config/Routes.php(16): CodeIgniter\Router\RouteCollection->match([...], 'signup/store', 'Utilisateur\\SignupController::store')
 3 SYSTEMPATH/Router/RouteCollection.php(340): require('/home/etudiant/dk220581/CodeIgniter/SGT/app/Config/Routes.php')
 4 SYSTEMPATH/CodeIgniter.php(823): CodeIgniter\Router\RouteCollection->loadRoutes()
 5 SYSTEMPATH/CodeIgniter.php(457): CodeIgniter\CodeIgniter->tryToRouteIt(null)
 6 SYSTEMPATH/CodeIgniter.php(355): CodeIgniter\CodeIgniter->handleRequest(null, Object(Config\Cache), false)
 7 SYSTEMPATH/Boot.php(325): CodeIgniter\CodeIgniter->run()
 8 SYSTEMPATH/Boot.php(67): CodeIgniter\Boot::runCodeIgniter(Object(CodeIgniter\CodeIgniter))
 9 FCPATH/index.php(56): CodeIgniter\Boot::bootWeb(Object(Config\Paths))
10 SYSTEMPATH/rewrite.php(44): require_once('/home/etudiant/dk220581/CodeIgniter/SGT/public/index.php')
WARNING - 2024-11-25 08:20:47 --> [DEPRECATED] Passing lowercase HTTP method "get" is deprecated. Use uppercase HTTP method like "GET". in SYSTEMPATH/Router/RouteCollection.php on line 1027.
 1 SYSTEMPATH/Router/RouteCollection.php(1027): trigger_error('Passing lowercase HTTP method "get" is deprecated. Use uppercase HTTP method like "GET".', 16384)
 2 APPPATH/Config/Routes.php(12): CodeIgniter\Router\RouteCollection->match([...], 'signin/auth', 'Utilisateur\\SigninController::loginAuth')
 3 SYSTEMPATH/Router/RouteCollection.php(340): require('/home/etudiant/dk220581/CodeIgniter/SGT/app/Config/Routes.php')
 4 SYSTEMPATH/CodeIgniter.php(823): CodeIgniter\Router\RouteCollection->loadRoutes()
 5 SYSTEMPATH/CodeIgniter.php(457): CodeIgniter\CodeIgniter->tryToRouteIt(null)
 6 SYSTEMPATH/CodeIgniter.php(355): CodeIgniter\CodeIgniter->handleRequest(null, Object(Config\Cache), false)
 7 SYSTEMPATH/Boot.php(325): CodeIgniter\CodeIgniter->run()
 8 SYSTEMPATH/Boot.php(67): CodeIgniter\Boot::runCodeIgniter(Object(CodeIgniter\CodeIgniter))
 9 FCPATH/index.php(56): CodeIgniter\Boot::bootWeb(Object(Config\Paths))
10 SYSTEMPATH/rewrite.php(44): require_once('/home/etudiant/dk220581/CodeIgniter/SGT/public/index.php')
WARNING - 2024-11-25 08:20:47 --> [DEPRECATED] Passing lowercase HTTP method "post" is deprecated. Use uppercase HTTP method like "POST". in SYSTEMPATH/Router/RouteCollection.php on line 1027.
 1 SYSTEMPATH/Router/RouteCollection.php(1027): trigger_error('Passing lowercase HTTP method "post" is deprecated. Use uppercase HTTP method like "POST".', 16384)
 2 APPPATH/Config/Routes.php(12): CodeIgniter\Router\RouteCollection->match([...], 'signin/auth', 'Utilisateur\\SigninController::loginAuth')
 3 SYSTEMPATH/Router/RouteCollection.php(340): require('/home/etudiant/dk220581/CodeIgniter/SGT/app/Config/Routes.php')
 4 SYSTEMPATH/CodeIgniter.php(823): CodeIgniter\Router\RouteCollection->loadRoutes()
 5 SYSTEMPATH/CodeIgniter.php(457): CodeIgniter\CodeIgniter->tryToRouteIt(null)
 6 SYSTEMPATH/CodeIgniter.php(355): CodeIgniter\CodeIgniter->handleRequest(null, Object(Config\Cache), false)
 7 SYSTEMPATH/Boot.php(325): CodeIgniter\CodeIgniter->run()
 8 SYSTEMPATH/Boot.php(67): CodeIgniter\Boot::runCodeIgniter(Object(CodeIgniter\CodeIgniter))
 9 FCPATH/index.php(56): CodeIgniter\Boot::bootWeb(Object(Config\Paths))
10 SYSTEMPATH/rewrite.php(44): require_once('/home/etudiant/dk220581/CodeIgniter/SGT/public/index.php')
WARNING - 2024-11-25 08:20:47 --> [DEPRECATED] Passing lowercase HTTP method "get" is deprecated. Use uppercase HTTP method like "GET". in SYSTEMPATH/Router/RouteCollection.php on line 1027.
 1 SYSTEMPATH/Router/RouteCollection.php(1027): trigger_error('Passing lowercase HTTP method "get" is deprecated. Use uppercase HTTP method like "GET".', 16384)
 2 APPPATH/Config/Routes.php(16): CodeIgniter\Router\RouteCollection->match([...], 'signup/store', 'Utilisateur\\SignupController::store')
 3 SYSTEMPATH/Router/RouteCollection.php(340): require('/home/etudiant/dk220581/CodeIgniter/SGT/app/Config/Routes.php')
 4 SYSTEMPATH/CodeIgniter.php(823): CodeIgniter\Router\RouteCollection->loadRoutes()
 5 SYSTEMPATH/CodeIgniter.php(457): CodeIgniter\CodeIgniter->tryToRouteIt(null)
 6 SYSTEMPATH/CodeIgniter.php(355): CodeIgniter\CodeIgniter->handleRequest(null, Object(Config\Cache), false)
 7 SYSTEMPATH/Boot.php(325): CodeIgniter\CodeIgniter->run()
 8 SYSTEMPATH/Boot.php(67): CodeIgniter\Boot::runCodeIgniter(Object(CodeIgniter\CodeIgniter))
 9 FCPATH/index.php(56): CodeIgniter\Boot::bootWeb(Object(Config\Paths))
10 SYSTEMPATH/rewrite.php(44): require_once('/home/etudiant/dk220581/CodeIgniter/SGT/public/index.php')
WARNING - 2024-11-25 08:20:47 --> [DEPRECATED] Passing lowercase HTTP method "post" is deprecated. Use uppercase HTTP method like "POST". in SYSTEMPATH/Router/RouteCollection.php on line 1027.
 1 SYSTEMPATH/Router/RouteCollection.php(1027): trigger_error('Passing lowercase HTTP method "post" is deprecated. Use uppercase HTTP method like "POST".', 16384)
 2 APPPATH/Config/Routes.php(16): CodeIgniter\Router\RouteCollection->match([...], 'signup/store', 'Utilisateur\\SignupController::store')
 3 SYSTEMPATH/Router/RouteCollection.php(340): require('/home/etudiant/dk220581/CodeIgniter/SGT/app/Config/Routes.php')
 4 SYSTEMPATH/CodeIgniter.php(823): CodeIgniter\Router\RouteCollection->loadRoutes()
 5 SYSTEMPATH/CodeIgniter.php(457): CodeIgniter\CodeIgniter->tryToRouteIt(null)
 6 SYSTEMPATH/CodeIgniter.php(355): CodeIgniter\CodeIgniter->handleRequest(null, Object(Config\Cache), false)
 7 SYSTEMPATH/Boot.php(325): CodeIgniter\CodeIgniter->run()
 8 SYSTEMPATH/Boot.php(67): CodeIgniter\Boot::runCodeIgniter(Object(CodeIgniter\CodeIgniter))
 9 FCPATH/index.php(56): CodeIgniter\Boot::bootWeb(Object(Config\Paths))
10 SYSTEMPATH/rewrite.php(44): require_once('/home/etudiant/dk220581/CodeIgniter/SGT/public/index.php')
CRITICAL - 2024-11-25 08:20:47 --> Error: Class "App\Controllers\Utilisateur\BaseController" not found
[Method: GET, Route: /]
in APPPATH/Controllers/Utilisateur/SigninController.php on line 6.
 1 SYSTEMPATH/Autoloader/Autoloader.php(317): include_once()
 2 SYSTEMPATH/Autoloader/Autoloader.php(296): CodeIgniter\Autoloader\Autoloader->includeFile()
 3 SYSTEMPATH/Autoloader/Autoloader.php(272): CodeIgniter\Autoloader\Autoloader->loadInNamespace()
 4 [internal function]: CodeIgniter\Autoloader\Autoloader->loadClass()
 5 SYSTEMPATH/CodeIgniter.php(887): class_exists()
 6 SYSTEMPATH/CodeIgniter.php(496): CodeIgniter\CodeIgniter->startController()
 7 SYSTEMPATH/CodeIgniter.php(355): CodeIgniter\CodeIgniter->handleRequest()
 8 SYSTEMPATH/Boot.php(325): CodeIgniter\CodeIgniter->run()
 9 SYSTEMPATH/Boot.php(67): CodeIgniter\Boot::runCodeIgniter()
10 FCPATH/index.php(56): CodeIgniter\Boot::bootWeb()
11 SYSTEMPATH/rewrite.php(44): require_once('/home/etudiant/dk220581/CodeIgniter/SGT/public/index.php')
WARNING - 2024-11-25 08:21:05 --> [DEPRECATED] Passing lowercase HTTP method "get" is deprecated. Use uppercase HTTP method like "GET". in SYSTEMPATH/Router/RouteCollection.php on line 1027.
 1 SYSTEMPATH/Router/RouteCollection.php(1027): trigger_error('Passing lowercase HTTP method "get" is deprecated. Use uppercase HTTP method like "GET".', 16384)
 2 APPPATH/Config/Routes.php(12): CodeIgniter\Router\RouteCollection->match([...], 'signin/auth', 'Utilisateur\\SigninController::loginAuth')
 3 SYSTEMPATH/Router/RouteCollection.php(340): require('/home/etudiant/dk220581/CodeIgniter/SGT/app/Config/Routes.php')
 4 SYSTEMPATH/CodeIgniter.php(823): CodeIgniter\Router\RouteCollection->loadRoutes()
 5 SYSTEMPATH/CodeIgniter.php(457): CodeIgniter\CodeIgniter->tryToRouteIt(null)
 6 SYSTEMPATH/CodeIgniter.php(355): CodeIgniter\CodeIgniter->handleRequest(null, Object(Config\Cache), false)
 7 SYSTEMPATH/Boot.php(325): CodeIgniter\CodeIgniter->run()
 8 SYSTEMPATH/Boot.php(67): CodeIgniter\Boot::runCodeIgniter(Object(CodeIgniter\CodeIgniter))
 9 FCPATH/index.php(56): CodeIgniter\Boot::bootWeb(Object(Config\Paths))
10 SYSTEMPATH/rewrite.php(44): require_once('/home/etudiant/dk220581/CodeIgniter/SGT/public/index.php')
WARNING - 2024-11-25 08:21:05 --> [DEPRECATED] Passing lowercase HTTP method "post" is deprecated. Use uppercase HTTP method like "POST". in SYSTEMPATH/Router/RouteCollection.php on line 1027.
 1 SYSTEMPATH/Router/RouteCollection.php(1027): trigger_error('Passing lowercase HTTP method "post" is deprecated. Use uppercase HTTP method like "POST".', 16384)
 2 APPPATH/Config/Routes.php(12): CodeIgniter\Router\RouteCollection->match([...], 'signin/auth', 'Utilisateur\\SigninController::loginAuth')
 3 SYSTEMPATH/Router/RouteCollection.php(340): require('/home/etudiant/dk220581/CodeIgniter/SGT/app/Config/Routes.php')
 4 SYSTEMPATH/CodeIgniter.php(823): CodeIgniter\Router\RouteCollection->loadRoutes()
 5 SYSTEMPATH/CodeIgniter.php(457): CodeIgniter\CodeIgniter->tryToRouteIt(null)
 6 SYSTEMPATH/CodeIgniter.php(355): CodeIgniter\CodeIgniter->handleRequest(null, Object(Config\Cache), false)
 7 SYSTEMPATH/Boot.php(325): CodeIgniter\CodeIgniter->run()
 8 SYSTEMPATH/Boot.php(67): CodeIgniter\Boot::runCodeIgniter(Object(CodeIgniter\CodeIgniter))
 9 FCPATH/index.php(56): CodeIgniter\Boot::bootWeb(Object(Config\Paths))
10 SYSTEMPATH/rewrite.php(44): require_once('/home/etudiant/dk220581/CodeIgniter/SGT/public/index.php')
WARNING - 2024-11-25 08:21:05 --> [DEPRECATED] Passing lowercase HTTP method "get" is deprecated. Use uppercase HTTP method like "GET". in SYSTEMPATH/Router/RouteCollection.php on line 1027.
 1 SYSTEMPATH/Router/RouteCollection.php(1027): trigger_error('Passing lowercase HTTP method "get" is deprecated. Use uppercase HTTP method like "GET".', 16384)
 2 APPPATH/Config/Routes.php(16): CodeIgniter\Router\RouteCollection->match([...], 'signup/store', 'Utilisateur\\SignupController::store')
 3 SYSTEMPATH/Router/RouteCollection.php(340): require('/home/etudiant/dk220581/CodeIgniter/SGT/app/Config/Routes.php')
 4 SYSTEMPATH/CodeIgniter.php(823): CodeIgniter\Router\RouteCollection->loadRoutes()
 5 SYSTEMPATH/CodeIgniter.php(457): CodeIgniter\CodeIgniter->tryToRouteIt(null)
 6 SYSTEMPATH/CodeIgniter.php(355): CodeIgniter\CodeIgniter->handleRequest(null, Object(Config\Cache), false)
 7 SYSTEMPATH/Boot.php(325): CodeIgniter\CodeIgniter->run()
 8 SYSTEMPATH/Boot.php(67): CodeIgniter\Boot::runCodeIgniter(Object(CodeIgniter\CodeIgniter))
 9 FCPATH/index.php(56): CodeIgniter\Boot::bootWeb(Object(Config\Paths))
10 SYSTEMPATH/rewrite.php(44): require_once('/home/etudiant/dk220581/CodeIgniter/SGT/public/index.php')
WARNING - 2024-11-25 08:21:05 --> [DEPRECATED] Passing lowercase HTTP method "post" is deprecated. Use uppercase HTTP method like "POST". in SYSTEMPATH/Router/RouteCollection.php on line 1027.
 1 SYSTEMPATH/Router/RouteCollection.php(1027): trigger_error('Passing lowercase HTTP method "post" is deprecated. Use uppercase HTTP method like "POST".', 16384)
 2 APPPATH/Config/Routes.php(16): CodeIgniter\Router\RouteCollection->match([...], 'signup/store', 'Utilisateur\\SignupController::store')
 3 SYSTEMPATH/Router/RouteCollection.php(340): require('/home/etudiant/dk220581/CodeIgniter/SGT/app/Config/Routes.php')
 4 SYSTEMPATH/CodeIgniter.php(823): CodeIgniter\Router\RouteCollection->loadRoutes()
 5 SYSTEMPATH/CodeIgniter.php(457): CodeIgniter\CodeIgniter->tryToRouteIt(null)
 6 SYSTEMPATH/CodeIgniter.php(355): CodeIgniter\CodeIgniter->handleRequest(null, Object(Config\Cache), false)
 7 SYSTEMPATH/Boot.php(325): CodeIgniter\CodeIgniter->run()
 8 SYSTEMPATH/Boot.php(67): CodeIgniter\Boot::runCodeIgniter(Object(CodeIgniter\CodeIgniter))
 9 FCPATH/index.php(56): CodeIgniter\Boot::bootWeb(Object(Config\Paths))
10 SYSTEMPATH/rewrite.php(44): require_once('/home/etudiant/dk220581/CodeIgniter/SGT/public/index.php')
CRITICAL - 2024-11-25 08:21:05 --> ParseError: syntax error, unexpected token "\", expecting "{"
[Method: GET, Route: /]
in APPPATH/Controllers/Utilisateur/SigninController.php on line 2.
 1 SYSTEMPATH/Autoloader/Autoloader.php(296): CodeIgniter\Autoloader\Autoloader->includeFile()
 2 SYSTEMPATH/Autoloader/Autoloader.php(272): CodeIgniter\Autoloader\Autoloader->loadInNamespace()
 3 [internal function]: CodeIgniter\Autoloader\Autoloader->loadClass()
 4 SYSTEMPATH/CodeIgniter.php(887): class_exists()
 5 SYSTEMPATH/CodeIgniter.php(496): CodeIgniter\CodeIgniter->startController()
 6 SYSTEMPATH/CodeIgniter.php(355): CodeIgniter\CodeIgniter->handleRequest()
 7 SYSTEMPATH/Boot.php(325): CodeIgniter\CodeIgniter->run()
 8 SYSTEMPATH/Boot.php(67): CodeIgniter\Boot::runCodeIgniter()
 9 FCPATH/index.php(56): CodeIgniter\Boot::bootWeb()
10 SYSTEMPATH/rewrite.php(44): require_once('/home/etudiant/dk220581/CodeIgniter/SGT/public/index.php')
WARNING - 2024-11-25 08:21:05 --> [DEPRECATED] Passing lowercase HTTP method "get" is deprecated. Use uppercase HTTP method like "GET". in SYSTEMPATH/Router/RouteCollection.php on line 1027.
 1 SYSTEMPATH/Router/RouteCollection.php(1027): trigger_error('Passing lowercase HTTP method "get" is deprecated. Use uppercase HTTP method like "GET".', 16384)
 2 APPPATH/Config/Routes.php(12): CodeIgniter\Router\RouteCollection->match([...], 'signin/auth', 'Utilisateur\\SigninController::loginAuth')
 3 SYSTEMPATH/Router/RouteCollection.php(340): require('/home/etudiant/dk220581/CodeIgniter/SGT/app/Config/Routes.php')
 4 SYSTEMPATH/CodeIgniter.php(823): CodeIgniter\Router\RouteCollection->loadRoutes()
 5 SYSTEMPATH/CodeIgniter.php(457): CodeIgniter\CodeIgniter->tryToRouteIt(null)
 6 SYSTEMPATH/CodeIgniter.php(355): CodeIgniter\CodeIgniter->handleRequest(null, Object(Config\Cache), false)
 7 SYSTEMPATH/Boot.php(325): CodeIgniter\CodeIgniter->run()
 8 SYSTEMPATH/Boot.php(67): CodeIgniter\Boot::runCodeIgniter(Object(CodeIgniter\CodeIgniter))
 9 FCPATH/index.php(56): CodeIgniter\Boot::bootWeb(Object(Config\Paths))
10 SYSTEMPATH/rewrite.php(44): require_once('/home/etudiant/dk220581/CodeIgniter/SGT/public/index.php')
WARNING - 2024-11-25 08:21:05 --> [DEPRECATED] Passing lowercase HTTP method "post" is deprecated. Use uppercase HTTP method like "POST". in SYSTEMPATH/Router/RouteCollection.php on line 1027.
 1 SYSTEMPATH/Router/RouteCollection.php(1027): trigger_error('Passing lowercase HTTP method "post" is deprecated. Use uppercase HTTP method like "POST".', 16384)
 2 APPPATH/Config/Routes.php(12): CodeIgniter\Router\RouteCollection->match([...], 'signin/auth', 'Utilisateur\\SigninController::loginAuth')
 3 SYSTEMPATH/Router/RouteCollection.php(340): require('/home/etudiant/dk220581/CodeIgniter/SGT/app/Config/Routes.php')
 4 SYSTEMPATH/CodeIgniter.php(823): CodeIgniter\Router\RouteCollection->loadRoutes()
 5 SYSTEMPATH/CodeIgniter.php(457): CodeIgniter\CodeIgniter->tryToRouteIt(null)
 6 SYSTEMPATH/CodeIgniter.php(355): CodeIgniter\CodeIgniter->handleRequest(null, Object(Config\Cache), false)
 7 SYSTEMPATH/Boot.php(325): CodeIgniter\CodeIgniter->run()
 8 SYSTEMPATH/Boot.php(67): CodeIgniter\Boot::runCodeIgniter(Object(CodeIgniter\CodeIgniter))
 9 FCPATH/index.php(56): CodeIgniter\Boot::bootWeb(Object(Config\Paths))
10 SYSTEMPATH/rewrite.php(44): require_once('/home/etudiant/dk220581/CodeIgniter/SGT/public/index.php')
WARNING - 2024-11-25 08:21:05 --> [DEPRECATED] Passing lowercase HTTP method "get" is deprecated. Use uppercase HTTP method like "GET". in SYSTEMPATH/Router/RouteCollection.php on line 1027.
 1 SYSTEMPATH/Router/RouteCollection.php(1027): trigger_error('Passing lowercase HTTP method "get" is deprecated. Use uppercase HTTP method like "GET".', 16384)
 2 APPPATH/Config/Routes.php(16): CodeIgniter\Router\RouteCollection->match([...], 'signup/store', 'Utilisateur\\SignupController::store')
 3 SYSTEMPATH/Router/RouteCollection.php(340): require('/home/etudiant/dk220581/CodeIgniter/SGT/app/Config/Routes.php')
 4 SYSTEMPATH/CodeIgniter.php(823): CodeIgniter\Router\RouteCollection->loadRoutes()
 5 SYSTEMPATH/CodeIgniter.php(457): CodeIgniter\CodeIgniter->tryToRouteIt(null)
 6 SYSTEMPATH/CodeIgniter.php(355): CodeIgniter\CodeIgniter->handleRequest(null, Object(Config\Cache), false)
 7 SYSTEMPATH/Boot.php(325): CodeIgniter\CodeIgniter->run()
 8 SYSTEMPATH/Boot.php(67): CodeIgniter\Boot::runCodeIgniter(Object(CodeIgniter\CodeIgniter))
 9 FCPATH/index.php(56): CodeIgniter\Boot::bootWeb(Object(Config\Paths))
10 SYSTEMPATH/rewrite.php(44): require_once('/home/etudiant/dk220581/CodeIgniter/SGT/public/index.php')
WARNING - 2024-11-25 08:21:05 --> [DEPRECATED] Passing lowercase HTTP method "post" is deprecated. Use uppercase HTTP method like "POST". in SYSTEMPATH/Router/RouteCollection.php on line 1027.
 1 SYSTEMPATH/Router/RouteCollection.php(1027): trigger_error('Passing lowercase HTTP method "post" is deprecated. Use uppercase HTTP method like "POST".', 16384)
 2 APPPATH/Config/Routes.php(16): CodeIgniter\Router\RouteCollection->match([...], 'signup/store', 'Utilisateur\\SignupController::store')
 3 SYSTEMPATH/Router/RouteCollection.php(340): require('/home/etudiant/dk220581/CodeIgniter/SGT/app/Config/Routes.php')
 4 SYSTEMPATH/CodeIgniter.php(823): CodeIgniter\Router\RouteCollection->loadRoutes()
 5 SYSTEMPATH/CodeIgniter.php(457): CodeIgniter\CodeIgniter->tryToRouteIt(null)
 6 SYSTEMPATH/CodeIgniter.php(355): CodeIgniter\CodeIgniter->handleRequest(null, Object(Config\Cache), false)
 7 SYSTEMPATH/Boot.php(325): CodeIgniter\CodeIgniter->run()
 8 SYSTEMPATH/Boot.php(67): CodeIgniter\Boot::runCodeIgniter(Object(CodeIgniter\CodeIgniter))
 9 FCPATH/index.php(56): CodeIgniter\Boot::bootWeb(Object(Config\Paths))
10 SYSTEMPATH/rewrite.php(44): require_once('/home/etudiant/dk220581/CodeIgniter/SGT/public/index.php')
CRITICAL - 2024-11-25 08:21:05 --> ParseError: syntax error, unexpected token "\", expecting "{"
[Method: GET, Route: /]
in APPPATH/Controllers/Utilisateur/SigninController.php on line 2.
 1 SYSTEMPATH/Autoloader/Autoloader.php(296): CodeIgniter\Autoloader\Autoloader->includeFile()
 2 SYSTEMPATH/Autoloader/Autoloader.php(272): CodeIgniter\Autoloader\Autoloader->loadInNamespace()
 3 [internal function]: CodeIgniter\Autoloader\Autoloader->loadClass()
 4 SYSTEMPATH/CodeIgniter.php(887): class_exists()
 5 SYSTEMPATH/CodeIgniter.php(496): CodeIgniter\CodeIgniter->startController()
 6 SYSTEMPATH/CodeIgniter.php(355): CodeIgniter\CodeIgniter->handleRequest()
 7 SYSTEMPATH/Boot.php(325): CodeIgniter\CodeIgniter->run()
 8 SYSTEMPATH/Boot.php(67): CodeIgniter\Boot::runCodeIgniter()
 9 FCPATH/index.php(56): CodeIgniter\Boot::bootWeb()
10 SYSTEMPATH/rewrite.php(44): require_once('/home/etudiant/dk220581/CodeIgniter/SGT/public/index.php')
WARNING - 2024-11-25 08:21:05 --> [DEPRECATED] Passing lowercase HTTP method "get" is deprecated. Use uppercase HTTP method like "GET". in SYSTEMPATH/Router/RouteCollection.php on line 1027.
 1 SYSTEMPATH/Router/RouteCollection.php(1027): trigger_error('Passing lowercase HTTP method "get" is deprecated. Use uppercase HTTP method like "GET".', 16384)
 2 APPPATH/Config/Routes.php(12): CodeIgniter\Router\RouteCollection->match([...], 'signin/auth', 'Utilisateur\\SigninController::loginAuth')
 3 SYSTEMPATH/Router/RouteCollection.php(340): require('/home/etudiant/dk220581/CodeIgniter/SGT/app/Config/Routes.php')
 4 SYSTEMPATH/CodeIgniter.php(823): CodeIgniter\Router\RouteCollection->loadRoutes()
 5 SYSTEMPATH/CodeIgniter.php(457): CodeIgniter\CodeIgniter->tryToRouteIt(null)
 6 SYSTEMPATH/CodeIgniter.php(355): CodeIgniter\CodeIgniter->handleRequest(null, Object(Config\Cache), false)
 7 SYSTEMPATH/Boot.php(325): CodeIgniter\CodeIgniter->run()
 8 SYSTEMPATH/Boot.php(67): CodeIgniter\Boot::runCodeIgniter(Object(CodeIgniter\CodeIgniter))
 9 FCPATH/index.php(56): CodeIgniter\Boot::bootWeb(Object(Config\Paths))
10 SYSTEMPATH/rewrite.php(44): require_once('/home/etudiant/dk220581/CodeIgniter/SGT/public/index.php')
WARNING - 2024-11-25 08:21:05 --> [DEPRECATED] Passing lowercase HTTP method "post" is deprecated. Use uppercase HTTP method like "POST". in SYSTEMPATH/Router/RouteCollection.php on line 1027.
 1 SYSTEMPATH/Router/RouteCollection.php(1027): trigger_error('Passing lowercase HTTP method "post" is deprecated. Use uppercase HTTP method like "POST".', 16384)
 2 APPPATH/Config/Routes.php(12): CodeIgniter\Router\RouteCollection->match([...], 'signin/auth', 'Utilisateur\\SigninController::loginAuth')
 3 SYSTEMPATH/Router/RouteCollection.php(340): require('/home/etudiant/dk220581/CodeIgniter/SGT/app/Config/Routes.php')
 4 SYSTEMPATH/CodeIgniter.php(823): CodeIgniter\Router\RouteCollection->loadRoutes()
 5 SYSTEMPATH/CodeIgniter.php(457): CodeIgniter\CodeIgniter->tryToRouteIt(null)
 6 SYSTEMPATH/CodeIgniter.php(355): CodeIgniter\CodeIgniter->handleRequest(null, Object(Config\Cache), false)
 7 SYSTEMPATH/Boot.php(325): CodeIgniter\CodeIgniter->run()
 8 SYSTEMPATH/Boot.php(67): CodeIgniter\Boot::runCodeIgniter(Object(CodeIgniter\CodeIgniter))
 9 FCPATH/index.php(56): CodeIgniter\Boot::bootWeb(Object(Config\Paths))
10 SYSTEMPATH/rewrite.php(44): require_once('/home/etudiant/dk220581/CodeIgniter/SGT/public/index.php')
WARNING - 2024-11-25 08:21:05 --> [DEPRECATED] Passing lowercase HTTP method "get" is deprecated. Use uppercase HTTP method like "GET". in SYSTEMPATH/Router/RouteCollection.php on line 1027.
 1 SYSTEMPATH/Router/RouteCollection.php(1027): trigger_error('Passing lowercase HTTP method "get" is deprecated. Use uppercase HTTP method like "GET".', 16384)
 2 APPPATH/Config/Routes.php(16): CodeIgniter\Router\RouteCollection->match([...], 'signup/store', 'Utilisateur\\SignupController::store')
 3 SYSTEMPATH/Router/RouteCollection.php(340): require('/home/etudiant/dk220581/CodeIgniter/SGT/app/Config/Routes.php')
 4 SYSTEMPATH/CodeIgniter.php(823): CodeIgniter\Router\RouteCollection->loadRoutes()
 5 SYSTEMPATH/CodeIgniter.php(457): CodeIgniter\CodeIgniter->tryToRouteIt(null)
 6 SYSTEMPATH/CodeIgniter.php(355): CodeIgniter\CodeIgniter->handleRequest(null, Object(Config\Cache), false)
 7 SYSTEMPATH/Boot.php(325): CodeIgniter\CodeIgniter->run()
 8 SYSTEMPATH/Boot.php(67): CodeIgniter\Boot::runCodeIgniter(Object(CodeIgniter\CodeIgniter))
 9 FCPATH/index.php(56): CodeIgniter\Boot::bootWeb(Object(Config\Paths))
10 SYSTEMPATH/rewrite.php(44): require_once('/home/etudiant/dk220581/CodeIgniter/SGT/public/index.php')
WARNING - 2024-11-25 08:21:05 --> [DEPRECATED] Passing lowercase HTTP method "post" is deprecated. Use uppercase HTTP method like "POST". in SYSTEMPATH/Router/RouteCollection.php on line 1027.
 1 SYSTEMPATH/Router/RouteCollection.php(1027): trigger_error('Passing lowercase HTTP method "post" is deprecated. Use uppercase HTTP method like "POST".', 16384)
 2 APPPATH/Config/Routes.php(16): CodeIgniter\Router\RouteCollection->match([...], 'signup/store', 'Utilisateur\\SignupController::store')
 3 SYSTEMPATH/Router/RouteCollection.php(340): require('/home/etudiant/dk220581/CodeIgniter/SGT/app/Config/Routes.php')
 4 SYSTEMPATH/CodeIgniter.php(823): CodeIgniter\Router\RouteCollection->loadRoutes()
 5 SYSTEMPATH/CodeIgniter.php(457): CodeIgniter\CodeIgniter->tryToRouteIt(null)
 6 SYSTEMPATH/CodeIgniter.php(355): CodeIgniter\CodeIgniter->handleRequest(null, Object(Config\Cache), false)
 7 SYSTEMPATH/Boot.php(325): CodeIgniter\CodeIgniter->run()
 8 SYSTEMPATH/Boot.php(67): CodeIgniter\Boot::runCodeIgniter(Object(CodeIgniter\CodeIgniter))
 9 FCPATH/index.php(56): CodeIgniter\Boot::bootWeb(Object(Config\Paths))
10 SYSTEMPATH/rewrite.php(44): require_once('/home/etudiant/dk220581/CodeIgniter/SGT/public/index.php')
CRITICAL - 2024-11-25 08:21:05 --> ParseError: syntax error, unexpected token "\", expecting "{"
[Method: GET, Route: /]
in APPPATH/Controllers/Utilisateur/SigninController.php on line 2.
 1 SYSTEMPATH/Autoloader/Autoloader.php(296): CodeIgniter\Autoloader\Autoloader->includeFile()
 2 SYSTEMPATH/Autoloader/Autoloader.php(272): CodeIgniter\Autoloader\Autoloader->loadInNamespace()
 3 [internal function]: CodeIgniter\Autoloader\Autoloader->loadClass()
 4 SYSTEMPATH/CodeIgniter.php(887): class_exists()
 5 SYSTEMPATH/CodeIgniter.php(496): CodeIgniter\CodeIgniter->startController()
 6 SYSTEMPATH/CodeIgniter.php(355): CodeIgniter\CodeIgniter->handleRequest()
 7 SYSTEMPATH/Boot.php(325): CodeIgniter\CodeIgniter->run()
 8 SYSTEMPATH/Boot.php(67): CodeIgniter\Boot::runCodeIgniter()
 9 FCPATH/index.php(56): CodeIgniter\Boot::bootWeb()
10 SYSTEMPATH/rewrite.php(44): require_once('/home/etudiant/dk220581/CodeIgniter/SGT/public/index.php')
WARNING - 2024-11-25 08:21:05 --> [DEPRECATED] Passing lowercase HTTP method "get" is deprecated. Use uppercase HTTP method like "GET". in SYSTEMPATH/Router/RouteCollection.php on line 1027.
 1 SYSTEMPATH/Router/RouteCollection.php(1027): trigger_error('Passing lowercase HTTP method "get" is deprecated. Use uppercase HTTP method like "GET".', 16384)
 2 APPPATH/Config/Routes.php(12): CodeIgniter\Router\RouteCollection->match([...], 'signin/auth', 'Utilisateur\\SigninController::loginAuth')
 3 SYSTEMPATH/Router/RouteCollection.php(340): require('/home/etudiant/dk220581/CodeIgniter/SGT/app/Config/Routes.php')
 4 SYSTEMPATH/CodeIgniter.php(823): CodeIgniter\Router\RouteCollection->loadRoutes()
 5 SYSTEMPATH/CodeIgniter.php(457): CodeIgniter\CodeIgniter->tryToRouteIt(null)
 6 SYSTEMPATH/CodeIgniter.php(355): CodeIgniter\CodeIgniter->handleRequest(null, Object(Config\Cache), false)
 7 SYSTEMPATH/Boot.php(325): CodeIgniter\CodeIgniter->run()
 8 SYSTEMPATH/Boot.php(67): CodeIgniter\Boot::runCodeIgniter(Object(CodeIgniter\CodeIgniter))
 9 FCPATH/index.php(56): CodeIgniter\Boot::bootWeb(Object(Config\Paths))
10 SYSTEMPATH/rewrite.php(44): require_once('/home/etudiant/dk220581/CodeIgniter/SGT/public/index.php')
WARNING - 2024-11-25 08:21:05 --> [DEPRECATED] Passing lowercase HTTP method "post" is deprecated. Use uppercase HTTP method like "POST". in SYSTEMPATH/Router/RouteCollection.php on line 1027.
 1 SYSTEMPATH/Router/RouteCollection.php(1027): trigger_error('Passing lowercase HTTP method "post" is deprecated. Use uppercase HTTP method like "POST".', 16384)
 2 APPPATH/Config/Routes.php(12): CodeIgniter\Router\RouteCollection->match([...], 'signin/auth', 'Utilisateur\\SigninController::loginAuth')
 3 SYSTEMPATH/Router/RouteCollection.php(340): require('/home/etudiant/dk220581/CodeIgniter/SGT/app/Config/Routes.php')
 4 SYSTEMPATH/CodeIgniter.php(823): CodeIgniter\Router\RouteCollection->loadRoutes()
 5 SYSTEMPATH/CodeIgniter.php(457): CodeIgniter\CodeIgniter->tryToRouteIt(null)
 6 SYSTEMPATH/CodeIgniter.php(355): CodeIgniter\CodeIgniter->handleRequest(null, Object(Config\Cache), false)
 7 SYSTEMPATH/Boot.php(325): CodeIgniter\CodeIgniter->run()
 8 SYSTEMPATH/Boot.php(67): CodeIgniter\Boot::runCodeIgniter(Object(CodeIgniter\CodeIgniter))
 9 FCPATH/index.php(56): CodeIgniter\Boot::bootWeb(Object(Config\Paths))
10 SYSTEMPATH/rewrite.php(44): require_once('/home/etudiant/dk220581/CodeIgniter/SGT/public/index.php')
WARNING - 2024-11-25 08:21:05 --> [DEPRECATED] Passing lowercase HTTP method "get" is deprecated. Use uppercase HTTP method like "GET". in SYSTEMPATH/Router/RouteCollection.php on line 1027.
 1 SYSTEMPATH/Router/RouteCollection.php(1027): trigger_error('Passing lowercase HTTP method "get" is deprecated. Use uppercase HTTP method like "GET".', 16384)
 2 APPPATH/Config/Routes.php(16): CodeIgniter\Router\RouteCollection->match([...], 'signup/store', 'Utilisateur\\SignupController::store')
 3 SYSTEMPATH/Router/RouteCollection.php(340): require('/home/etudiant/dk220581/CodeIgniter/SGT/app/Config/Routes.php')
 4 SYSTEMPATH/CodeIgniter.php(823): CodeIgniter\Router\RouteCollection->loadRoutes()
 5 SYSTEMPATH/CodeIgniter.php(457): CodeIgniter\CodeIgniter->tryToRouteIt(null)
 6 SYSTEMPATH/CodeIgniter.php(355): CodeIgniter\CodeIgniter->handleRequest(null, Object(Config\Cache), false)
 7 SYSTEMPATH/Boot.php(325): CodeIgniter\CodeIgniter->run()
 8 SYSTEMPATH/Boot.php(67): CodeIgniter\Boot::runCodeIgniter(Object(CodeIgniter\CodeIgniter))
 9 FCPATH/index.php(56): CodeIgniter\Boot::bootWeb(Object(Config\Paths))
10 SYSTEMPATH/rewrite.php(44): require_once('/home/etudiant/dk220581/CodeIgniter/SGT/public/index.php')
WARNING - 2024-11-25 08:21:05 --> [DEPRECATED] Passing lowercase HTTP method "post" is deprecated. Use uppercase HTTP method like "POST". in SYSTEMPATH/Router/RouteCollection.php on line 1027.
 1 SYSTEMPATH/Router/RouteCollection.php(1027): trigger_error('Passing lowercase HTTP method "post" is deprecated. Use uppercase HTTP method like "POST".', 16384)
 2 APPPATH/Config/Routes.php(16): CodeIgniter\Router\RouteCollection->match([...], 'signup/store', 'Utilisateur\\SignupController::store')
 3 SYSTEMPATH/Router/RouteCollection.php(340): require('/home/etudiant/dk220581/CodeIgniter/SGT/app/Config/Routes.php')
 4 SYSTEMPATH/CodeIgniter.php(823): CodeIgniter\Router\RouteCollection->loadRoutes()
 5 SYSTEMPATH/CodeIgniter.php(457): CodeIgniter\CodeIgniter->tryToRouteIt(null)
 6 SYSTEMPATH/CodeIgniter.php(355): CodeIgniter\CodeIgniter->handleRequest(null, Object(Config\Cache), false)
 7 SYSTEMPATH/Boot.php(325): CodeIgniter\CodeIgniter->run()
 8 SYSTEMPATH/Boot.php(67): CodeIgniter\Boot::runCodeIgniter(Object(CodeIgniter\CodeIgniter))
 9 FCPATH/index.php(56): CodeIgniter\Boot::bootWeb(Object(Config\Paths))
10 SYSTEMPATH/rewrite.php(44): require_once('/home/etudiant/dk220581/CodeIgniter/SGT/public/index.php')
CRITICAL - 2024-11-25 08:21:05 --> ParseError: syntax error, unexpected token "\", expecting "{"
[Method: GET, Route: /]
in APPPATH/Controllers/Utilisateur/SigninController.php on line 2.
 1 SYSTEMPATH/Autoloader/Autoloader.php(296): CodeIgniter\Autoloader\Autoloader->includeFile()
 2 SYSTEMPATH/Autoloader/Autoloader.php(272): CodeIgniter\Autoloader\Autoloader->loadInNamespace()
 3 [internal function]: CodeIgniter\Autoloader\Autoloader->loadClass()
 4 SYSTEMPATH/CodeIgniter.php(887): class_exists()
 5 SYSTEMPATH/CodeIgniter.php(496): CodeIgniter\CodeIgniter->startController()
 6 SYSTEMPATH/CodeIgniter.php(355): CodeIgniter\CodeIgniter->handleRequest()
 7 SYSTEMPATH/Boot.php(325): CodeIgniter\CodeIgniter->run()
 8 SYSTEMPATH/Boot.php(67): CodeIgniter\Boot::runCodeIgniter()
 9 FCPATH/index.php(56): CodeIgniter\Boot::bootWeb()
10 SYSTEMPATH/rewrite.php(44): require_once('/home/etudiant/dk220581/CodeIgniter/SGT/public/index.php')
WARNING - 2024-11-25 08:21:06 --> [DEPRECATED] Passing lowercase HTTP method "get" is deprecated. Use uppercase HTTP method like "GET". in SYSTEMPATH/Router/RouteCollection.php on line 1027.
 1 SYSTEMPATH/Router/RouteCollection.php(1027): trigger_error('Passing lowercase HTTP method "get" is deprecated. Use uppercase HTTP method like "GET".', 16384)
 2 APPPATH/Config/Routes.php(12): CodeIgniter\Router\RouteCollection->match([...], 'signin/auth', 'Utilisateur\\SigninController::loginAuth')
 3 SYSTEMPATH/Router/RouteCollection.php(340): require('/home/etudiant/dk220581/CodeIgniter/SGT/app/Config/Routes.php')
 4 SYSTEMPATH/CodeIgniter.php(823): CodeIgniter\Router\RouteCollection->loadRoutes()
 5 SYSTEMPATH/CodeIgniter.php(457): CodeIgniter\CodeIgniter->tryToRouteIt(null)
 6 SYSTEMPATH/CodeIgniter.php(355): CodeIgniter\CodeIgniter->handleRequest(null, Object(Config\Cache), false)
 7 SYSTEMPATH/Boot.php(325): CodeIgniter\CodeIgniter->run()
 8 SYSTEMPATH/Boot.php(67): CodeIgniter\Boot::runCodeIgniter(Object(CodeIgniter\CodeIgniter))
 9 FCPATH/index.php(56): CodeIgniter\Boot::bootWeb(Object(Config\Paths))
10 SYSTEMPATH/rewrite.php(44): require_once('/home/etudiant/dk220581/CodeIgniter/SGT/public/index.php')
WARNING - 2024-11-25 08:21:06 --> [DEPRECATED] Passing lowercase HTTP method "post" is deprecated. Use uppercase HTTP method like "POST". in SYSTEMPATH/Router/RouteCollection.php on line 1027.
 1 SYSTEMPATH/Router/RouteCollection.php(1027): trigger_error('Passing lowercase HTTP method "post" is deprecated. Use uppercase HTTP method like "POST".', 16384)
 2 APPPATH/Config/Routes.php(12): CodeIgniter\Router\RouteCollection->match([...], 'signin/auth', 'Utilisateur\\SigninController::loginAuth')
 3 SYSTEMPATH/Router/RouteCollection.php(340): require('/home/etudiant/dk220581/CodeIgniter/SGT/app/Config/Routes.php')
 4 SYSTEMPATH/CodeIgniter.php(823): CodeIgniter\Router\RouteCollection->loadRoutes()
 5 SYSTEMPATH/CodeIgniter.php(457): CodeIgniter\CodeIgniter->tryToRouteIt(null)
 6 SYSTEMPATH/CodeIgniter.php(355): CodeIgniter\CodeIgniter->handleRequest(null, Object(Config\Cache), false)
 7 SYSTEMPATH/Boot.php(325): CodeIgniter\CodeIgniter->run()
 8 SYSTEMPATH/Boot.php(67): CodeIgniter\Boot::runCodeIgniter(Object(CodeIgniter\CodeIgniter))
 9 FCPATH/index.php(56): CodeIgniter\Boot::bootWeb(Object(Config\Paths))
10 SYSTEMPATH/rewrite.php(44): require_once('/home/etudiant/dk220581/CodeIgniter/SGT/public/index.php')
WARNING - 2024-11-25 08:21:06 --> [DEPRECATED] Passing lowercase HTTP method "get" is deprecated. Use uppercase HTTP method like "GET". in SYSTEMPATH/Router/RouteCollection.php on line 1027.
 1 SYSTEMPATH/Router/RouteCollection.php(1027): trigger_error('Passing lowercase HTTP method "get" is deprecated. Use uppercase HTTP method like "GET".', 16384)
 2 APPPATH/Config/Routes.php(16): CodeIgniter\Router\RouteCollection->match([...], 'signup/store', 'Utilisateur\\SignupController::store')
 3 SYSTEMPATH/Router/RouteCollection.php(340): require('/home/etudiant/dk220581/CodeIgniter/SGT/app/Config/Routes.php')
 4 SYSTEMPATH/CodeIgniter.php(823): CodeIgniter\Router\RouteCollection->loadRoutes()
 5 SYSTEMPATH/CodeIgniter.php(457): CodeIgniter\CodeIgniter->tryToRouteIt(null)
 6 SYSTEMPATH/CodeIgniter.php(355): CodeIgniter\CodeIgniter->handleRequest(null, Object(Config\Cache), false)
 7 SYSTEMPATH/Boot.php(325): CodeIgniter\CodeIgniter->run()
 8 SYSTEMPATH/Boot.php(67): CodeIgniter\Boot::runCodeIgniter(Object(CodeIgniter\CodeIgniter))
 9 FCPATH/index.php(56): CodeIgniter\Boot::bootWeb(Object(Config\Paths))
10 SYSTEMPATH/rewrite.php(44): require_once('/home/etudiant/dk220581/CodeIgniter/SGT/public/index.php')
WARNING - 2024-11-25 08:21:06 --> [DEPRECATED] Passing lowercase HTTP method "post" is deprecated. Use uppercase HTTP method like "POST". in SYSTEMPATH/Router/RouteCollection.php on line 1027.
 1 SYSTEMPATH/Router/RouteCollection.php(1027): trigger_error('Passing lowercase HTTP method "post" is deprecated. Use uppercase HTTP method like "POST".', 16384)
 2 APPPATH/Config/Routes.php(16): CodeIgniter\Router\RouteCollection->match([...], 'signup/store', 'Utilisateur\\SignupController::store')
 3 SYSTEMPATH/Router/RouteCollection.php(340): require('/home/etudiant/dk220581/CodeIgniter/SGT/app/Config/Routes.php')
 4 SYSTEMPATH/CodeIgniter.php(823): CodeIgniter\Router\RouteCollection->loadRoutes()
 5 SYSTEMPATH/CodeIgniter.php(457): CodeIgniter\CodeIgniter->tryToRouteIt(null)
 6 SYSTEMPATH/CodeIgniter.php(355): CodeIgniter\CodeIgniter->handleRequest(null, Object(Config\Cache), false)
 7 SYSTEMPATH/Boot.php(325): CodeIgniter\CodeIgniter->run()
 8 SYSTEMPATH/Boot.php(67): CodeIgniter\Boot::runCodeIgniter(Object(CodeIgniter\CodeIgniter))
 9 FCPATH/index.php(56): CodeIgniter\Boot::bootWeb(Object(Config\Paths))
10 SYSTEMPATH/rewrite.php(44): require_once('/home/etudiant/dk220581/CodeIgniter/SGT/public/index.php')
CRITICAL - 2024-11-25 08:21:06 --> ParseError: syntax error, unexpected token "\", expecting "{"
[Method: GET, Route: /]
in APPPATH/Controllers/Utilisateur/SigninController.php on line 2.
 1 SYSTEMPATH/Autoloader/Autoloader.php(296): CodeIgniter\Autoloader\Autoloader->includeFile()
 2 SYSTEMPATH/Autoloader/Autoloader.php(272): CodeIgniter\Autoloader\Autoloader->loadInNamespace()
 3 [internal function]: CodeIgniter\Autoloader\Autoloader->loadClass()
 4 SYSTEMPATH/CodeIgniter.php(887): class_exists()
 5 SYSTEMPATH/CodeIgniter.php(496): CodeIgniter\CodeIgniter->startController()
 6 SYSTEMPATH/CodeIgniter.php(355): CodeIgniter\CodeIgniter->handleRequest()
 7 SYSTEMPATH/Boot.php(325): CodeIgniter\CodeIgniter->run()
 8 SYSTEMPATH/Boot.php(67): CodeIgniter\Boot::runCodeIgniter()
 9 FCPATH/index.php(56): CodeIgniter\Boot::bootWeb()
10 SYSTEMPATH/rewrite.php(44): require_once('/home/etudiant/dk220581/CodeIgniter/SGT/public/index.php')
WARNING - 2024-11-25 08:21:23 --> [DEPRECATED] Passing lowercase HTTP method "get" is deprecated. Use uppercase HTTP method like "GET". in SYSTEMPATH/Router/RouteCollection.php on line 1027.
 1 SYSTEMPATH/Router/RouteCollection.php(1027): trigger_error('Passing lowercase HTTP method "get" is deprecated. Use uppercase HTTP method like "GET".', 16384)
 2 APPPATH/Config/Routes.php(12): CodeIgniter\Router\RouteCollection->match([...], 'signin/auth', 'Utilisateur\\SigninController::loginAuth')
 3 SYSTEMPATH/Router/RouteCollection.php(340): require('/home/etudiant/dk220581/CodeIgniter/SGT/app/Config/Routes.php')
 4 SYSTEMPATH/CodeIgniter.php(823): CodeIgniter\Router\RouteCollection->loadRoutes()
 5 SYSTEMPATH/CodeIgniter.php(457): CodeIgniter\CodeIgniter->tryToRouteIt(null)
 6 SYSTEMPATH/CodeIgniter.php(355): CodeIgniter\CodeIgniter->handleRequest(null, Object(Config\Cache), false)
 7 SYSTEMPATH/Boot.php(325): CodeIgniter\CodeIgniter->run()
 8 SYSTEMPATH/Boot.php(67): CodeIgniter\Boot::runCodeIgniter(Object(CodeIgniter\CodeIgniter))
 9 FCPATH/index.php(56): CodeIgniter\Boot::bootWeb(Object(Config\Paths))
10 SYSTEMPATH/rewrite.php(44): require_once('/home/etudiant/dk220581/CodeIgniter/SGT/public/index.php')
WARNING - 2024-11-25 08:21:23 --> [DEPRECATED] Passing lowercase HTTP method "post" is deprecated. Use uppercase HTTP method like "POST". in SYSTEMPATH/Router/RouteCollection.php on line 1027.
 1 SYSTEMPATH/Router/RouteCollection.php(1027): trigger_error('Passing lowercase HTTP method "post" is deprecated. Use uppercase HTTP method like "POST".', 16384)
 2 APPPATH/Config/Routes.php(12): CodeIgniter\Router\RouteCollection->match([...], 'signin/auth', 'Utilisateur\\SigninController::loginAuth')
 3 SYSTEMPATH/Router/RouteCollection.php(340): require('/home/etudiant/dk220581/CodeIgniter/SGT/app/Config/Routes.php')
 4 SYSTEMPATH/CodeIgniter.php(823): CodeIgniter\Router\RouteCollection->loadRoutes()
 5 SYSTEMPATH/CodeIgniter.php(457): CodeIgniter\CodeIgniter->tryToRouteIt(null)
 6 SYSTEMPATH/CodeIgniter.php(355): CodeIgniter\CodeIgniter->handleRequest(null, Object(Config\Cache), false)
 7 SYSTEMPATH/Boot.php(325): CodeIgniter\CodeIgniter->run()
 8 SYSTEMPATH/Boot.php(67): CodeIgniter\Boot::runCodeIgniter(Object(CodeIgniter\CodeIgniter))
 9 FCPATH/index.php(56): CodeIgniter\Boot::bootWeb(Object(Config\Paths))
10 SYSTEMPATH/rewrite.php(44): require_once('/home/etudiant/dk220581/CodeIgniter/SGT/public/index.php')
WARNING - 2024-11-25 08:21:23 --> [DEPRECATED] Passing lowercase HTTP method "get" is deprecated. Use uppercase HTTP method like "GET". in SYSTEMPATH/Router/RouteCollection.php on line 1027.
 1 SYSTEMPATH/Router/RouteCollection.php(1027): trigger_error('Passing lowercase HTTP method "get" is deprecated. Use uppercase HTTP method like "GET".', 16384)
 2 APPPATH/Config/Routes.php(16): CodeIgniter\Router\RouteCollection->match([...], 'signup/store', 'Utilisateur\\SignupController::store')
 3 SYSTEMPATH/Router/RouteCollection.php(340): require('/home/etudiant/dk220581/CodeIgniter/SGT/app/Config/Routes.php')
 4 SYSTEMPATH/CodeIgniter.php(823): CodeIgniter\Router\RouteCollection->loadRoutes()
 5 SYSTEMPATH/CodeIgniter.php(457): CodeIgniter\CodeIgniter->tryToRouteIt(null)
 6 SYSTEMPATH/CodeIgniter.php(355): CodeIgniter\CodeIgniter->handleRequest(null, Object(Config\Cache), false)
 7 SYSTEMPATH/Boot.php(325): CodeIgniter\CodeIgniter->run()
 8 SYSTEMPATH/Boot.php(67): CodeIgniter\Boot::runCodeIgniter(Object(CodeIgniter\CodeIgniter))
 9 FCPATH/index.php(56): CodeIgniter\Boot::bootWeb(Object(Config\Paths))
10 SYSTEMPATH/rewrite.php(44): require_once('/home/etudiant/dk220581/CodeIgniter/SGT/public/index.php')
WARNING - 2024-11-25 08:21:23 --> [DEPRECATED] Passing lowercase HTTP method "post" is deprecated. Use uppercase HTTP method like "POST". in SYSTEMPATH/Router/RouteCollection.php on line 1027.
 1 SYSTEMPATH/Router/RouteCollection.php(1027): trigger_error('Passing lowercase HTTP method "post" is deprecated. Use uppercase HTTP method like "POST".', 16384)
 2 APPPATH/Config/Routes.php(16): CodeIgniter\Router\RouteCollection->match([...], 'signup/store', 'Utilisateur\\SignupController::store')
 3 SYSTEMPATH/Router/RouteCollection.php(340): require('/home/etudiant/dk220581/CodeIgniter/SGT/app/Config/Routes.php')
 4 SYSTEMPATH/CodeIgniter.php(823): CodeIgniter\Router\RouteCollection->loadRoutes()
 5 SYSTEMPATH/CodeIgniter.php(457): CodeIgniter\CodeIgniter->tryToRouteIt(null)
 6 SYSTEMPATH/CodeIgniter.php(355): CodeIgniter\CodeIgniter->handleRequest(null, Object(Config\Cache), false)
 7 SYSTEMPATH/Boot.php(325): CodeIgniter\CodeIgniter->run()
 8 SYSTEMPATH/Boot.php(67): CodeIgniter\Boot::runCodeIgniter(Object(CodeIgniter\CodeIgniter))
 9 FCPATH/index.php(56): CodeIgniter\Boot::bootWeb(Object(Config\Paths))
10 SYSTEMPATH/rewrite.php(44): require_once('/home/etudiant/dk220581/CodeIgniter/SGT/public/index.php')
CRITICAL - 2024-11-25 08:21:23 --> Error: Class "App\Controllers\Utilisateur\BaseController" not found
[Method: GET, Route: /]
in APPPATH/Controllers/Utilisateur/SigninController.php on line 6.
 1 SYSTEMPATH/Autoloader/Autoloader.php(317): include_once()
 2 SYSTEMPATH/Autoloader/Autoloader.php(296): CodeIgniter\Autoloader\Autoloader->includeFile()
 3 SYSTEMPATH/Autoloader/Autoloader.php(272): CodeIgniter\Autoloader\Autoloader->loadInNamespace()
 4 [internal function]: CodeIgniter\Autoloader\Autoloader->loadClass()
 5 SYSTEMPATH/CodeIgniter.php(887): class_exists()
 6 SYSTEMPATH/CodeIgniter.php(496): CodeIgniter\CodeIgniter->startController()
 7 SYSTEMPATH/CodeIgniter.php(355): CodeIgniter\CodeIgniter->handleRequest()
 8 SYSTEMPATH/Boot.php(325): CodeIgniter\CodeIgniter->run()
 9 SYSTEMPATH/Boot.php(67): CodeIgniter\Boot::runCodeIgniter()
10 FCPATH/index.php(56): CodeIgniter\Boot::bootWeb()
11 SYSTEMPATH/rewrite.php(44): require_once('/home/etudiant/dk220581/CodeIgniter/SGT/public/index.php')
WARNING - 2024-11-25 08:21:23 --> [DEPRECATED] Passing lowercase HTTP method "get" is deprecated. Use uppercase HTTP method like "GET". in SYSTEMPATH/Router/RouteCollection.php on line 1027.
 1 SYSTEMPATH/Router/RouteCollection.php(1027): trigger_error('Passing lowercase HTTP method "get" is deprecated. Use uppercase HTTP method like "GET".', 16384)
 2 APPPATH/Config/Routes.php(12): CodeIgniter\Router\RouteCollection->match([...], 'signin/auth', 'Utilisateur\\SigninController::loginAuth')
 3 SYSTEMPATH/Router/RouteCollection.php(340): require('/home/etudiant/dk220581/CodeIgniter/SGT/app/Config/Routes.php')
 4 SYSTEMPATH/CodeIgniter.php(823): CodeIgniter\Router\RouteCollection->loadRoutes()
 5 SYSTEMPATH/CodeIgniter.php(457): CodeIgniter\CodeIgniter->tryToRouteIt(null)
 6 SYSTEMPATH/CodeIgniter.php(355): CodeIgniter\CodeIgniter->handleRequest(null, Object(Config\Cache), false)
 7 SYSTEMPATH/Boot.php(325): CodeIgniter\CodeIgniter->run()
 8 SYSTEMPATH/Boot.php(67): CodeIgniter\Boot::runCodeIgniter(Object(CodeIgniter\CodeIgniter))
 9 FCPATH/index.php(56): CodeIgniter\Boot::bootWeb(Object(Config\Paths))
10 SYSTEMPATH/rewrite.php(44): require_once('/home/etudiant/dk220581/CodeIgniter/SGT/public/index.php')
WARNING - 2024-11-25 08:21:23 --> [DEPRECATED] Passing lowercase HTTP method "post" is deprecated. Use uppercase HTTP method like "POST". in SYSTEMPATH/Router/RouteCollection.php on line 1027.
 1 SYSTEMPATH/Router/RouteCollection.php(1027): trigger_error('Passing lowercase HTTP method "post" is deprecated. Use uppercase HTTP method like "POST".', 16384)
 2 APPPATH/Config/Routes.php(12): CodeIgniter\Router\RouteCollection->match([...], 'signin/auth', 'Utilisateur\\SigninController::loginAuth')
 3 SYSTEMPATH/Router/RouteCollection.php(340): require('/home/etudiant/dk220581/CodeIgniter/SGT/app/Config/Routes.php')
 4 SYSTEMPATH/CodeIgniter.php(823): CodeIgniter\Router\RouteCollection->loadRoutes()
 5 SYSTEMPATH/CodeIgniter.php(457): CodeIgniter\CodeIgniter->tryToRouteIt(null)
 6 SYSTEMPATH/CodeIgniter.php(355): CodeIgniter\CodeIgniter->handleRequest(null, Object(Config\Cache), false)
 7 SYSTEMPATH/Boot.php(325): CodeIgniter\CodeIgniter->run()
 8 SYSTEMPATH/Boot.php(67): CodeIgniter\Boot::runCodeIgniter(Object(CodeIgniter\CodeIgniter))
 9 FCPATH/index.php(56): CodeIgniter\Boot::bootWeb(Object(Config\Paths))
10 SYSTEMPATH/rewrite.php(44): require_once('/home/etudiant/dk220581/CodeIgniter/SGT/public/index.php')
WARNING - 2024-11-25 08:21:23 --> [DEPRECATED] Passing lowercase HTTP method "get" is deprecated. Use uppercase HTTP method like "GET". in SYSTEMPATH/Router/RouteCollection.php on line 1027.
 1 SYSTEMPATH/Router/RouteCollection.php(1027): trigger_error('Passing lowercase HTTP method "get" is deprecated. Use uppercase HTTP method like "GET".', 16384)
 2 APPPATH/Config/Routes.php(16): CodeIgniter\Router\RouteCollection->match([...], 'signup/store', 'Utilisateur\\SignupController::store')
 3 SYSTEMPATH/Router/RouteCollection.php(340): require('/home/etudiant/dk220581/CodeIgniter/SGT/app/Config/Routes.php')
 4 SYSTEMPATH/CodeIgniter.php(823): CodeIgniter\Router\RouteCollection->loadRoutes()
 5 SYSTEMPATH/CodeIgniter.php(457): CodeIgniter\CodeIgniter->tryToRouteIt(null)
 6 SYSTEMPATH/CodeIgniter.php(355): CodeIgniter\CodeIgniter->handleRequest(null, Object(Config\Cache), false)
 7 SYSTEMPATH/Boot.php(325): CodeIgniter\CodeIgniter->run()
 8 SYSTEMPATH/Boot.php(67): CodeIgniter\Boot::runCodeIgniter(Object(CodeIgniter\CodeIgniter))
 9 FCPATH/index.php(56): CodeIgniter\Boot::bootWeb(Object(Config\Paths))
10 SYSTEMPATH/rewrite.php(44): require_once('/home/etudiant/dk220581/CodeIgniter/SGT/public/index.php')
WARNING - 2024-11-25 08:21:23 --> [DEPRECATED] Passing lowercase HTTP method "post" is deprecated. Use uppercase HTTP method like "POST". in SYSTEMPATH/Router/RouteCollection.php on line 1027.
 1 SYSTEMPATH/Router/RouteCollection.php(1027): trigger_error('Passing lowercase HTTP method "post" is deprecated. Use uppercase HTTP method like "POST".', 16384)
 2 APPPATH/Config/Routes.php(16): CodeIgniter\Router\RouteCollection->match([...], 'signup/store', 'Utilisateur\\SignupController::store')
 3 SYSTEMPATH/Router/RouteCollection.php(340): require('/home/etudiant/dk220581/CodeIgniter/SGT/app/Config/Routes.php')
 4 SYSTEMPATH/CodeIgniter.php(823): CodeIgniter\Router\RouteCollection->loadRoutes()
 5 SYSTEMPATH/CodeIgniter.php(457): CodeIgniter\CodeIgniter->tryToRouteIt(null)
 6 SYSTEMPATH/CodeIgniter.php(355): CodeIgniter\CodeIgniter->handleRequest(null, Object(Config\Cache), false)
 7 SYSTEMPATH/Boot.php(325): CodeIgniter\CodeIgniter->run()
 8 SYSTEMPATH/Boot.php(67): CodeIgniter\Boot::runCodeIgniter(Object(CodeIgniter\CodeIgniter))
 9 FCPATH/index.php(56): CodeIgniter\Boot::bootWeb(Object(Config\Paths))
10 SYSTEMPATH/rewrite.php(44): require_once('/home/etudiant/dk220581/CodeIgniter/SGT/public/index.php')
CRITICAL - 2024-11-25 08:21:23 --> Error: Class "App\Controllers\Utilisateur\BaseController" not found
[Method: GET, Route: /]
in APPPATH/Controllers/Utilisateur/SigninController.php on line 6.
 1 SYSTEMPATH/Autoloader/Autoloader.php(317): include_once()
 2 SYSTEMPATH/Autoloader/Autoloader.php(296): CodeIgniter\Autoloader\Autoloader->includeFile()
 3 SYSTEMPATH/Autoloader/Autoloader.php(272): CodeIgniter\Autoloader\Autoloader->loadInNamespace()
 4 [internal function]: CodeIgniter\Autoloader\Autoloader->loadClass()
 5 SYSTEMPATH/CodeIgniter.php(887): class_exists()
 6 SYSTEMPATH/CodeIgniter.php(496): CodeIgniter\CodeIgniter->startController()
 7 SYSTEMPATH/CodeIgniter.php(355): CodeIgniter\CodeIgniter->handleRequest()
 8 SYSTEMPATH/Boot.php(325): CodeIgniter\CodeIgniter->run()
 9 SYSTEMPATH/Boot.php(67): CodeIgniter\Boot::runCodeIgniter()
10 FCPATH/index.php(56): CodeIgniter\Boot::bootWeb()
11 SYSTEMPATH/rewrite.php(44): require_once('/home/etudiant/dk220581/CodeIgniter/SGT/public/index.php')
WARNING - 2024-11-25 08:21:23 --> [DEPRECATED] Passing lowercase HTTP method "get" is deprecated. Use uppercase HTTP method like "GET". in SYSTEMPATH/Router/RouteCollection.php on line 1027.
 1 SYSTEMPATH/Router/RouteCollection.php(1027): trigger_error('Passing lowercase HTTP method "get" is deprecated. Use uppercase HTTP method like "GET".', 16384)
 2 APPPATH/Config/Routes.php(12): CodeIgniter\Router\RouteCollection->match([...], 'signin/auth', 'Utilisateur\\SigninController::loginAuth')
 3 SYSTEMPATH/Router/RouteCollection.php(340): require('/home/etudiant/dk220581/CodeIgniter/SGT/app/Config/Routes.php')
 4 SYSTEMPATH/CodeIgniter.php(823): CodeIgniter\Router\RouteCollection->loadRoutes()
 5 SYSTEMPATH/CodeIgniter.php(457): CodeIgniter\CodeIgniter->tryToRouteIt(null)
 6 SYSTEMPATH/CodeIgniter.php(355): CodeIgniter\CodeIgniter->handleRequest(null, Object(Config\Cache), false)
 7 SYSTEMPATH/Boot.php(325): CodeIgniter\CodeIgniter->run()
 8 SYSTEMPATH/Boot.php(67): CodeIgniter\Boot::runCodeIgniter(Object(CodeIgniter\CodeIgniter))
 9 FCPATH/index.php(56): CodeIgniter\Boot::bootWeb(Object(Config\Paths))
10 SYSTEMPATH/rewrite.php(44): require_once('/home/etudiant/dk220581/CodeIgniter/SGT/public/index.php')
WARNING - 2024-11-25 08:21:23 --> [DEPRECATED] Passing lowercase HTTP method "post" is deprecated. Use uppercase HTTP method like "POST". in SYSTEMPATH/Router/RouteCollection.php on line 1027.
 1 SYSTEMPATH/Router/RouteCollection.php(1027): trigger_error('Passing lowercase HTTP method "post" is deprecated. Use uppercase HTTP method like "POST".', 16384)
 2 APPPATH/Config/Routes.php(12): CodeIgniter\Router\RouteCollection->match([...], 'signin/auth', 'Utilisateur\\SigninController::loginAuth')
 3 SYSTEMPATH/Router/RouteCollection.php(340): require('/home/etudiant/dk220581/CodeIgniter/SGT/app/Config/Routes.php')
 4 SYSTEMPATH/CodeIgniter.php(823): CodeIgniter\Router\RouteCollection->loadRoutes()
 5 SYSTEMPATH/CodeIgniter.php(457): CodeIgniter\CodeIgniter->tryToRouteIt(null)
 6 SYSTEMPATH/CodeIgniter.php(355): CodeIgniter\CodeIgniter->handleRequest(null, Object(Config\Cache), false)
 7 SYSTEMPATH/Boot.php(325): CodeIgniter\CodeIgniter->run()
 8 SYSTEMPATH/Boot.php(67): CodeIgniter\Boot::runCodeIgniter(Object(CodeIgniter\CodeIgniter))
 9 FCPATH/index.php(56): CodeIgniter\Boot::bootWeb(Object(Config\Paths))
10 SYSTEMPATH/rewrite.php(44): require_once('/home/etudiant/dk220581/CodeIgniter/SGT/public/index.php')
WARNING - 2024-11-25 08:21:23 --> [DEPRECATED] Passing lowercase HTTP method "get" is deprecated. Use uppercase HTTP method like "GET". in SYSTEMPATH/Router/RouteCollection.php on line 1027.
 1 SYSTEMPATH/Router/RouteCollection.php(1027): trigger_error('Passing lowercase HTTP method "get" is deprecated. Use uppercase HTTP method like "GET".', 16384)
 2 APPPATH/Config/Routes.php(16): CodeIgniter\Router\RouteCollection->match([...], 'signup/store', 'Utilisateur\\SignupController::store')
 3 SYSTEMPATH/Router/RouteCollection.php(340): require('/home/etudiant/dk220581/CodeIgniter/SGT/app/Config/Routes.php')
 4 SYSTEMPATH/CodeIgniter.php(823): CodeIgniter\Router\RouteCollection->loadRoutes()
 5 SYSTEMPATH/CodeIgniter.php(457): CodeIgniter\CodeIgniter->tryToRouteIt(null)
 6 SYSTEMPATH/CodeIgniter.php(355): CodeIgniter\CodeIgniter->handleRequest(null, Object(Config\Cache), false)
 7 SYSTEMPATH/Boot.php(325): CodeIgniter\CodeIgniter->run()
 8 SYSTEMPATH/Boot.php(67): CodeIgniter\Boot::runCodeIgniter(Object(CodeIgniter\CodeIgniter))
 9 FCPATH/index.php(56): CodeIgniter\Boot::bootWeb(Object(Config\Paths))
10 SYSTEMPATH/rewrite.php(44): require_once('/home/etudiant/dk220581/CodeIgniter/SGT/public/index.php')
WARNING - 2024-11-25 08:21:23 --> [DEPRECATED] Passing lowercase HTTP method "post" is deprecated. Use uppercase HTTP method like "POST". in SYSTEMPATH/Router/RouteCollection.php on line 1027.
 1 SYSTEMPATH/Router/RouteCollection.php(1027): trigger_error('Passing lowercase HTTP method "post" is deprecated. Use uppercase HTTP method like "POST".', 16384)
 2 APPPATH/Config/Routes.php(16): CodeIgniter\Router\RouteCollection->match([...], 'signup/store', 'Utilisateur\\SignupController::store')
 3 SYSTEMPATH/Router/RouteCollection.php(340): require('/home/etudiant/dk220581/CodeIgniter/SGT/app/Config/Routes.php')
 4 SYSTEMPATH/CodeIgniter.php(823): CodeIgniter\Router\RouteCollection->loadRoutes()
 5 SYSTEMPATH/CodeIgniter.php(457): CodeIgniter\CodeIgniter->tryToRouteIt(null)
 6 SYSTEMPATH/CodeIgniter.php(355): CodeIgniter\CodeIgniter->handleRequest(null, Object(Config\Cache), false)
 7 SYSTEMPATH/Boot.php(325): CodeIgniter\CodeIgniter->run()
 8 SYSTEMPATH/Boot.php(67): CodeIgniter\Boot::runCodeIgniter(Object(CodeIgniter\CodeIgniter))
 9 FCPATH/index.php(56): CodeIgniter\Boot::bootWeb(Object(Config\Paths))
10 SYSTEMPATH/rewrite.php(44): require_once('/home/etudiant/dk220581/CodeIgniter/SGT/public/index.php')
CRITICAL - 2024-11-25 08:21:23 --> Error: Class "App\Controllers\Utilisateur\BaseController" not found
[Method: GET, Route: /]
in APPPATH/Controllers/Utilisateur/SigninController.php on line 6.
 1 SYSTEMPATH/Autoloader/Autoloader.php(317): include_once()
 2 SYSTEMPATH/Autoloader/Autoloader.php(296): CodeIgniter\Autoloader\Autoloader->includeFile()
 3 SYSTEMPATH/Autoloader/Autoloader.php(272): CodeIgniter\Autoloader\Autoloader->loadInNamespace()
 4 [internal function]: CodeIgniter\Autoloader\Autoloader->loadClass()
 5 SYSTEMPATH/CodeIgniter.php(887): class_exists()
 6 SYSTEMPATH/CodeIgniter.php(496): CodeIgniter\CodeIgniter->startController()
 7 SYSTEMPATH/CodeIgniter.php(355): CodeIgniter\CodeIgniter->handleRequest()
 8 SYSTEMPATH/Boot.php(325): CodeIgniter\CodeIgniter->run()
 9 SYSTEMPATH/Boot.php(67): CodeIgniter\Boot::runCodeIgniter()
10 FCPATH/index.php(56): CodeIgniter\Boot::bootWeb()
11 SYSTEMPATH/rewrite.php(44): require_once('/home/etudiant/dk220581/CodeIgniter/SGT/public/index.php')
WARNING - 2024-11-25 08:21:23 --> [DEPRECATED] Passing lowercase HTTP method "get" is deprecated. Use uppercase HTTP method like "GET". in SYSTEMPATH/Router/RouteCollection.php on line 1027.
 1 SYSTEMPATH/Router/RouteCollection.php(1027): trigger_error('Passing lowercase HTTP method "get" is deprecated. Use uppercase HTTP method like "GET".', 16384)
 2 APPPATH/Config/Routes.php(12): CodeIgniter\Router\RouteCollection->match([...], 'signin/auth', 'Utilisateur\\SigninController::loginAuth')
 3 SYSTEMPATH/Router/RouteCollection.php(340): require('/home/etudiant/dk220581/CodeIgniter/SGT/app/Config/Routes.php')
 4 SYSTEMPATH/CodeIgniter.php(823): CodeIgniter\Router\RouteCollection->loadRoutes()
 5 SYSTEMPATH/CodeIgniter.php(457): CodeIgniter\CodeIgniter->tryToRouteIt(null)
 6 SYSTEMPATH/CodeIgniter.php(355): CodeIgniter\CodeIgniter->handleRequest(null, Object(Config\Cache), false)
 7 SYSTEMPATH/Boot.php(325): CodeIgniter\CodeIgniter->run()
 8 SYSTEMPATH/Boot.php(67): CodeIgniter\Boot::runCodeIgniter(Object(CodeIgniter\CodeIgniter))
 9 FCPATH/index.php(56): CodeIgniter\Boot::bootWeb(Object(Config\Paths))
10 SYSTEMPATH/rewrite.php(44): require_once('/home/etudiant/dk220581/CodeIgniter/SGT/public/index.php')
WARNING - 2024-11-25 08:21:23 --> [DEPRECATED] Passing lowercase HTTP method "post" is deprecated. Use uppercase HTTP method like "POST". in SYSTEMPATH/Router/RouteCollection.php on line 1027.
 1 SYSTEMPATH/Router/RouteCollection.php(1027): trigger_error('Passing lowercase HTTP method "post" is deprecated. Use uppercase HTTP method like "POST".', 16384)
 2 APPPATH/Config/Routes.php(12): CodeIgniter\Router\RouteCollection->match([...], 'signin/auth', 'Utilisateur\\SigninController::loginAuth')
 3 SYSTEMPATH/Router/RouteCollection.php(340): require('/home/etudiant/dk220581/CodeIgniter/SGT/app/Config/Routes.php')
 4 SYSTEMPATH/CodeIgniter.php(823): CodeIgniter\Router\RouteCollection->loadRoutes()
 5 SYSTEMPATH/CodeIgniter.php(457): CodeIgniter\CodeIgniter->tryToRouteIt(null)
 6 SYSTEMPATH/CodeIgniter.php(355): CodeIgniter\CodeIgniter->handleRequest(null, Object(Config\Cache), false)
 7 SYSTEMPATH/Boot.php(325): CodeIgniter\CodeIgniter->run()
 8 SYSTEMPATH/Boot.php(67): CodeIgniter\Boot::runCodeIgniter(Object(CodeIgniter\CodeIgniter))
 9 FCPATH/index.php(56): CodeIgniter\Boot::bootWeb(Object(Config\Paths))
10 SYSTEMPATH/rewrite.php(44): require_once('/home/etudiant/dk220581/CodeIgniter/SGT/public/index.php')
WARNING - 2024-11-25 08:21:23 --> [DEPRECATED] Passing lowercase HTTP method "get" is deprecated. Use uppercase HTTP method like "GET". in SYSTEMPATH/Router/RouteCollection.php on line 1027.
 1 SYSTEMPATH/Router/RouteCollection.php(1027): trigger_error('Passing lowercase HTTP method "get" is deprecated. Use uppercase HTTP method like "GET".', 16384)
 2 APPPATH/Config/Routes.php(16): CodeIgniter\Router\RouteCollection->match([...], 'signup/store', 'Utilisateur\\SignupController::store')
 3 SYSTEMPATH/Router/RouteCollection.php(340): require('/home/etudiant/dk220581/CodeIgniter/SGT/app/Config/Routes.php')
 4 SYSTEMPATH/CodeIgniter.php(823): CodeIgniter\Router\RouteCollection->loadRoutes()
 5 SYSTEMPATH/CodeIgniter.php(457): CodeIgniter\CodeIgniter->tryToRouteIt(null)
 6 SYSTEMPATH/CodeIgniter.php(355): CodeIgniter\CodeIgniter->handleRequest(null, Object(Config\Cache), false)
 7 SYSTEMPATH/Boot.php(325): CodeIgniter\CodeIgniter->run()
 8 SYSTEMPATH/Boot.php(67): CodeIgniter\Boot::runCodeIgniter(Object(CodeIgniter\CodeIgniter))
 9 FCPATH/index.php(56): CodeIgniter\Boot::bootWeb(Object(Config\Paths))
10 SYSTEMPATH/rewrite.php(44): require_once('/home/etudiant/dk220581/CodeIgniter/SGT/public/index.php')
WARNING - 2024-11-25 08:21:23 --> [DEPRECATED] Passing lowercase HTTP method "post" is deprecated. Use uppercase HTTP method like "POST". in SYSTEMPATH/Router/RouteCollection.php on line 1027.
 1 SYSTEMPATH/Router/RouteCollection.php(1027): trigger_error('Passing lowercase HTTP method "post" is deprecated. Use uppercase HTTP method like "POST".', 16384)
 2 APPPATH/Config/Routes.php(16): CodeIgniter\Router\RouteCollection->match([...], 'signup/store', 'Utilisateur\\SignupController::store')
 3 SYSTEMPATH/Router/RouteCollection.php(340): require('/home/etudiant/dk220581/CodeIgniter/SGT/app/Config/Routes.php')
 4 SYSTEMPATH/CodeIgniter.php(823): CodeIgniter\Router\RouteCollection->loadRoutes()
 5 SYSTEMPATH/CodeIgniter.php(457): CodeIgniter\CodeIgniter->tryToRouteIt(null)
 6 SYSTEMPATH/CodeIgniter.php(355): CodeIgniter\CodeIgniter->handleRequest(null, Object(Config\Cache), false)
 7 SYSTEMPATH/Boot.php(325): CodeIgniter\CodeIgniter->run()
 8 SYSTEMPATH/Boot.php(67): CodeIgniter\Boot::runCodeIgniter(Object(CodeIgniter\CodeIgniter))
 9 FCPATH/index.php(56): CodeIgniter\Boot::bootWeb(Object(Config\Paths))
10 SYSTEMPATH/rewrite.php(44): require_once('/home/etudiant/dk220581/CodeIgniter/SGT/public/index.php')
CRITICAL - 2024-11-25 08:21:23 --> Error: Class "App\Controllers\Utilisateur\BaseController" not found
[Method: GET, Route: /]
in APPPATH/Controllers/Utilisateur/SigninController.php on line 6.
 1 SYSTEMPATH/Autoloader/Autoloader.php(317): include_once()
 2 SYSTEMPATH/Autoloader/Autoloader.php(296): CodeIgniter\Autoloader\Autoloader->includeFile()
 3 SYSTEMPATH/Autoloader/Autoloader.php(272): CodeIgniter\Autoloader\Autoloader->loadInNamespace()
 4 [internal function]: CodeIgniter\Autoloader\Autoloader->loadClass()
 5 SYSTEMPATH/CodeIgniter.php(887): class_exists()
 6 SYSTEMPATH/CodeIgniter.php(496): CodeIgniter\CodeIgniter->startController()
 7 SYSTEMPATH/CodeIgniter.php(355): CodeIgniter\CodeIgniter->handleRequest()
 8 SYSTEMPATH/Boot.php(325): CodeIgniter\CodeIgniter->run()
 9 SYSTEMPATH/Boot.php(67): CodeIgniter\Boot::runCodeIgniter()
10 FCPATH/index.php(56): CodeIgniter\Boot::bootWeb()
11 SYSTEMPATH/rewrite.php(44): require_once('/home/etudiant/dk220581/CodeIgniter/SGT/public/index.php')
WARNING - 2024-11-25 08:21:23 --> [DEPRECATED] Passing lowercase HTTP method "get" is deprecated. Use uppercase HTTP method like "GET". in SYSTEMPATH/Router/RouteCollection.php on line 1027.
 1 SYSTEMPATH/Router/RouteCollection.php(1027): trigger_error('Passing lowercase HTTP method "get" is deprecated. Use uppercase HTTP method like "GET".', 16384)
 2 APPPATH/Config/Routes.php(12): CodeIgniter\Router\RouteCollection->match([...], 'signin/auth', 'Utilisateur\\SigninController::loginAuth')
 3 SYSTEMPATH/Router/RouteCollection.php(340): require('/home/etudiant/dk220581/CodeIgniter/SGT/app/Config/Routes.php')
 4 SYSTEMPATH/CodeIgniter.php(823): CodeIgniter\Router\RouteCollection->loadRoutes()
 5 SYSTEMPATH/CodeIgniter.php(457): CodeIgniter\CodeIgniter->tryToRouteIt(null)
 6 SYSTEMPATH/CodeIgniter.php(355): CodeIgniter\CodeIgniter->handleRequest(null, Object(Config\Cache), false)
 7 SYSTEMPATH/Boot.php(325): CodeIgniter\CodeIgniter->run()
 8 SYSTEMPATH/Boot.php(67): CodeIgniter\Boot::runCodeIgniter(Object(CodeIgniter\CodeIgniter))
 9 FCPATH/index.php(56): CodeIgniter\Boot::bootWeb(Object(Config\Paths))
10 SYSTEMPATH/rewrite.php(44): require_once('/home/etudiant/dk220581/CodeIgniter/SGT/public/index.php')
WARNING - 2024-11-25 08:21:23 --> [DEPRECATED] Passing lowercase HTTP method "post" is deprecated. Use uppercase HTTP method like "POST". in SYSTEMPATH/Router/RouteCollection.php on line 1027.
 1 SYSTEMPATH/Router/RouteCollection.php(1027): trigger_error('Passing lowercase HTTP method "post" is deprecated. Use uppercase HTTP method like "POST".', 16384)
 2 APPPATH/Config/Routes.php(12): CodeIgniter\Router\RouteCollection->match([...], 'signin/auth', 'Utilisateur\\SigninController::loginAuth')
 3 SYSTEMPATH/Router/RouteCollection.php(340): require('/home/etudiant/dk220581/CodeIgniter/SGT/app/Config/Routes.php')
 4 SYSTEMPATH/CodeIgniter.php(823): CodeIgniter\Router\RouteCollection->loadRoutes()
 5 SYSTEMPATH/CodeIgniter.php(457): CodeIgniter\CodeIgniter->tryToRouteIt(null)
 6 SYSTEMPATH/CodeIgniter.php(355): CodeIgniter\CodeIgniter->handleRequest(null, Object(Config\Cache), false)
 7 SYSTEMPATH/Boot.php(325): CodeIgniter\CodeIgniter->run()
 8 SYSTEMPATH/Boot.php(67): CodeIgniter\Boot::runCodeIgniter(Object(CodeIgniter\CodeIgniter))
 9 FCPATH/index.php(56): CodeIgniter\Boot::bootWeb(Object(Config\Paths))
10 SYSTEMPATH/rewrite.php(44): require_once('/home/etudiant/dk220581/CodeIgniter/SGT/public/index.php')
WARNING - 2024-11-25 08:21:23 --> [DEPRECATED] Passing lowercase HTTP method "get" is deprecated. Use uppercase HTTP method like "GET". in SYSTEMPATH/Router/RouteCollection.php on line 1027.
 1 SYSTEMPATH/Router/RouteCollection.php(1027): trigger_error('Passing lowercase HTTP method "get" is deprecated. Use uppercase HTTP method like "GET".', 16384)
 2 APPPATH/Config/Routes.php(16): CodeIgniter\Router\RouteCollection->match([...], 'signup/store', 'Utilisateur\\SignupController::store')
 3 SYSTEMPATH/Router/RouteCollection.php(340): require('/home/etudiant/dk220581/CodeIgniter/SGT/app/Config/Routes.php')
 4 SYSTEMPATH/CodeIgniter.php(823): CodeIgniter\Router\RouteCollection->loadRoutes()
 5 SYSTEMPATH/CodeIgniter.php(457): CodeIgniter\CodeIgniter->tryToRouteIt(null)
 6 SYSTEMPATH/CodeIgniter.php(355): CodeIgniter\CodeIgniter->handleRequest(null, Object(Config\Cache), false)
 7 SYSTEMPATH/Boot.php(325): CodeIgniter\CodeIgniter->run()
 8 SYSTEMPATH/Boot.php(67): CodeIgniter\Boot::runCodeIgniter(Object(CodeIgniter\CodeIgniter))
 9 FCPATH/index.php(56): CodeIgniter\Boot::bootWeb(Object(Config\Paths))
10 SYSTEMPATH/rewrite.php(44): require_once('/home/etudiant/dk220581/CodeIgniter/SGT/public/index.php')
WARNING - 2024-11-25 08:21:23 --> [DEPRECATED] Passing lowercase HTTP method "post" is deprecated. Use uppercase HTTP method like "POST". in SYSTEMPATH/Router/RouteCollection.php on line 1027.
 1 SYSTEMPATH/Router/RouteCollection.php(1027): trigger_error('Passing lowercase HTTP method "post" is deprecated. Use uppercase HTTP method like "POST".', 16384)
 2 APPPATH/Config/Routes.php(16): CodeIgniter\Router\RouteCollection->match([...], 'signup/store', 'Utilisateur\\SignupController::store')
 3 SYSTEMPATH/Router/RouteCollection.php(340): require('/home/etudiant/dk220581/CodeIgniter/SGT/app/Config/Routes.php')
 4 SYSTEMPATH/CodeIgniter.php(823): CodeIgniter\Router\RouteCollection->loadRoutes()
 5 SYSTEMPATH/CodeIgniter.php(457): CodeIgniter\CodeIgniter->tryToRouteIt(null)
 6 SYSTEMPATH/CodeIgniter.php(355): CodeIgniter\CodeIgniter->handleRequest(null, Object(Config\Cache), false)
 7 SYSTEMPATH/Boot.php(325): CodeIgniter\CodeIgniter->run()
 8 SYSTEMPATH/Boot.php(67): CodeIgniter\Boot::runCodeIgniter(Object(CodeIgniter\CodeIgniter))
 9 FCPATH/index.php(56): CodeIgniter\Boot::bootWeb(Object(Config\Paths))
10 SYSTEMPATH/rewrite.php(44): require_once('/home/etudiant/dk220581/CodeIgniter/SGT/public/index.php')
CRITICAL - 2024-11-25 08:21:23 --> Error: Class "App\Controllers\Utilisateur\BaseController" not found
[Method: GET, Route: /]
in APPPATH/Controllers/Utilisateur/SigninController.php on line 6.
 1 SYSTEMPATH/Autoloader/Autoloader.php(317): include_once()
 2 SYSTEMPATH/Autoloader/Autoloader.php(296): CodeIgniter\Autoloader\Autoloader->includeFile()
 3 SYSTEMPATH/Autoloader/Autoloader.php(272): CodeIgniter\Autoloader\Autoloader->loadInNamespace()
 4 [internal function]: CodeIgniter\Autoloader\Autoloader->loadClass()
 5 SYSTEMPATH/CodeIgniter.php(887): class_exists()
 6 SYSTEMPATH/CodeIgniter.php(496): CodeIgniter\CodeIgniter->startController()
 7 SYSTEMPATH/CodeIgniter.php(355): CodeIgniter\CodeIgniter->handleRequest()
 8 SYSTEMPATH/Boot.php(325): CodeIgniter\CodeIgniter->run()
 9 SYSTEMPATH/Boot.php(67): CodeIgniter\Boot::runCodeIgniter()
10 FCPATH/index.php(56): CodeIgniter\Boot::bootWeb()
11 SYSTEMPATH/rewrite.php(44): require_once('/home/etudiant/dk220581/CodeIgniter/SGT/public/index.php')
WARNING - 2024-11-25 08:21:24 --> [DEPRECATED] Passing lowercase HTTP method "get" is deprecated. Use uppercase HTTP method like "GET". in SYSTEMPATH/Router/RouteCollection.php on line 1027.
 1 SYSTEMPATH/Router/RouteCollection.php(1027): trigger_error('Passing lowercase HTTP method "get" is deprecated. Use uppercase HTTP method like "GET".', 16384)
 2 APPPATH/Config/Routes.php(12): CodeIgniter\Router\RouteCollection->match([...], 'signin/auth', 'Utilisateur\\SigninController::loginAuth')
 3 SYSTEMPATH/Router/RouteCollection.php(340): require('/home/etudiant/dk220581/CodeIgniter/SGT/app/Config/Routes.php')
 4 SYSTEMPATH/CodeIgniter.php(823): CodeIgniter\Router\RouteCollection->loadRoutes()
 5 SYSTEMPATH/CodeIgniter.php(457): CodeIgniter\CodeIgniter->tryToRouteIt(null)
 6 SYSTEMPATH/CodeIgniter.php(355): CodeIgniter\CodeIgniter->handleRequest(null, Object(Config\Cache), false)
 7 SYSTEMPATH/Boot.php(325): CodeIgniter\CodeIgniter->run()
 8 SYSTEMPATH/Boot.php(67): CodeIgniter\Boot::runCodeIgniter(Object(CodeIgniter\CodeIgniter))
 9 FCPATH/index.php(56): CodeIgniter\Boot::bootWeb(Object(Config\Paths))
10 SYSTEMPATH/rewrite.php(44): require_once('/home/etudiant/dk220581/CodeIgniter/SGT/public/index.php')
WARNING - 2024-11-25 08:21:24 --> [DEPRECATED] Passing lowercase HTTP method "post" is deprecated. Use uppercase HTTP method like "POST". in SYSTEMPATH/Router/RouteCollection.php on line 1027.
 1 SYSTEMPATH/Router/RouteCollection.php(1027): trigger_error('Passing lowercase HTTP method "post" is deprecated. Use uppercase HTTP method like "POST".', 16384)
 2 APPPATH/Config/Routes.php(12): CodeIgniter\Router\RouteCollection->match([...], 'signin/auth', 'Utilisateur\\SigninController::loginAuth')
 3 SYSTEMPATH/Router/RouteCollection.php(340): require('/home/etudiant/dk220581/CodeIgniter/SGT/app/Config/Routes.php')
 4 SYSTEMPATH/CodeIgniter.php(823): CodeIgniter\Router\RouteCollection->loadRoutes()
 5 SYSTEMPATH/CodeIgniter.php(457): CodeIgniter\CodeIgniter->tryToRouteIt(null)
 6 SYSTEMPATH/CodeIgniter.php(355): CodeIgniter\CodeIgniter->handleRequest(null, Object(Config\Cache), false)
 7 SYSTEMPATH/Boot.php(325): CodeIgniter\CodeIgniter->run()
 8 SYSTEMPATH/Boot.php(67): CodeIgniter\Boot::runCodeIgniter(Object(CodeIgniter\CodeIgniter))
 9 FCPATH/index.php(56): CodeIgniter\Boot::bootWeb(Object(Config\Paths))
10 SYSTEMPATH/rewrite.php(44): require_once('/home/etudiant/dk220581/CodeIgniter/SGT/public/index.php')
WARNING - 2024-11-25 08:21:24 --> [DEPRECATED] Passing lowercase HTTP method "get" is deprecated. Use uppercase HTTP method like "GET". in SYSTEMPATH/Router/RouteCollection.php on line 1027.
 1 SYSTEMPATH/Router/RouteCollection.php(1027): trigger_error('Passing lowercase HTTP method "get" is deprecated. Use uppercase HTTP method like "GET".', 16384)
 2 APPPATH/Config/Routes.php(16): CodeIgniter\Router\RouteCollection->match([...], 'signup/store', 'Utilisateur\\SignupController::store')
 3 SYSTEMPATH/Router/RouteCollection.php(340): require('/home/etudiant/dk220581/CodeIgniter/SGT/app/Config/Routes.php')
 4 SYSTEMPATH/CodeIgniter.php(823): CodeIgniter\Router\RouteCollection->loadRoutes()
 5 SYSTEMPATH/CodeIgniter.php(457): CodeIgniter\CodeIgniter->tryToRouteIt(null)
 6 SYSTEMPATH/CodeIgniter.php(355): CodeIgniter\CodeIgniter->handleRequest(null, Object(Config\Cache), false)
 7 SYSTEMPATH/Boot.php(325): CodeIgniter\CodeIgniter->run()
 8 SYSTEMPATH/Boot.php(67): CodeIgniter\Boot::runCodeIgniter(Object(CodeIgniter\CodeIgniter))
 9 FCPATH/index.php(56): CodeIgniter\Boot::bootWeb(Object(Config\Paths))
10 SYSTEMPATH/rewrite.php(44): require_once('/home/etudiant/dk220581/CodeIgniter/SGT/public/index.php')
WARNING - 2024-11-25 08:21:24 --> [DEPRECATED] Passing lowercase HTTP method "post" is deprecated. Use uppercase HTTP method like "POST". in SYSTEMPATH/Router/RouteCollection.php on line 1027.
 1 SYSTEMPATH/Router/RouteCollection.php(1027): trigger_error('Passing lowercase HTTP method "post" is deprecated. Use uppercase HTTP method like "POST".', 16384)
 2 APPPATH/Config/Routes.php(16): CodeIgniter\Router\RouteCollection->match([...], 'signup/store', 'Utilisateur\\SignupController::store')
 3 SYSTEMPATH/Router/RouteCollection.php(340): require('/home/etudiant/dk220581/CodeIgniter/SGT/app/Config/Routes.php')
 4 SYSTEMPATH/CodeIgniter.php(823): CodeIgniter\Router\RouteCollection->loadRoutes()
 5 SYSTEMPATH/CodeIgniter.php(457): CodeIgniter\CodeIgniter->tryToRouteIt(null)
 6 SYSTEMPATH/CodeIgniter.php(355): CodeIgniter\CodeIgniter->handleRequest(null, Object(Config\Cache), false)
 7 SYSTEMPATH/Boot.php(325): CodeIgniter\CodeIgniter->run()
 8 SYSTEMPATH/Boot.php(67): CodeIgniter\Boot::runCodeIgniter(Object(CodeIgniter\CodeIgniter))
 9 FCPATH/index.php(56): CodeIgniter\Boot::bootWeb(Object(Config\Paths))
10 SYSTEMPATH/rewrite.php(44): require_once('/home/etudiant/dk220581/CodeIgniter/SGT/public/index.php')
CRITICAL - 2024-11-25 08:21:24 --> Error: Class "App\Controllers\Utilisateur\BaseController" not found
[Method: GET, Route: /]
in APPPATH/Controllers/Utilisateur/SigninController.php on line 6.
 1 SYSTEMPATH/Autoloader/Autoloader.php(317): include_once()
 2 SYSTEMPATH/Autoloader/Autoloader.php(296): CodeIgniter\Autoloader\Autoloader->includeFile()
 3 SYSTEMPATH/Autoloader/Autoloader.php(272): CodeIgniter\Autoloader\Autoloader->loadInNamespace()
 4 [internal function]: CodeIgniter\Autoloader\Autoloader->loadClass()
 5 SYSTEMPATH/CodeIgniter.php(887): class_exists()
 6 SYSTEMPATH/CodeIgniter.php(496): CodeIgniter\CodeIgniter->startController()
 7 SYSTEMPATH/CodeIgniter.php(355): CodeIgniter\CodeIgniter->handleRequest()
 8 SYSTEMPATH/Boot.php(325): CodeIgniter\CodeIgniter->run()
 9 SYSTEMPATH/Boot.php(67): CodeIgniter\Boot::runCodeIgniter()
10 FCPATH/index.php(56): CodeIgniter\Boot::bootWeb()
11 SYSTEMPATH/rewrite.php(44): require_once('/home/etudiant/dk220581/CodeIgniter/SGT/public/index.php')
WARNING - 2024-11-25 08:23:47 --> [DEPRECATED] Passing lowercase HTTP method "get" is deprecated. Use uppercase HTTP method like "GET". in SYSTEMPATH/Router/RouteCollection.php on line 1027.
 1 SYSTEMPATH/Router/RouteCollection.php(1027): trigger_error('Passing lowercase HTTP method "get" is deprecated. Use uppercase HTTP method like "GET".', 16384)
 2 APPPATH/Config/Routes.php(12): CodeIgniter\Router\RouteCollection->match([...], 'signin/auth', 'Utilisateur\\SigninController::loginAuth')
 3 SYSTEMPATH/Router/RouteCollection.php(340): require('/home/etudiant/dk220581/CodeIgniter/SGT/app/Config/Routes.php')
 4 SYSTEMPATH/CodeIgniter.php(823): CodeIgniter\Router\RouteCollection->loadRoutes()
 5 SYSTEMPATH/CodeIgniter.php(457): CodeIgniter\CodeIgniter->tryToRouteIt(null)
 6 SYSTEMPATH/CodeIgniter.php(355): CodeIgniter\CodeIgniter->handleRequest(null, Object(Config\Cache), false)
 7 SYSTEMPATH/Boot.php(325): CodeIgniter\CodeIgniter->run()
 8 SYSTEMPATH/Boot.php(67): CodeIgniter\Boot::runCodeIgniter(Object(CodeIgniter\CodeIgniter))
 9 FCPATH/index.php(56): CodeIgniter\Boot::bootWeb(Object(Config\Paths))
10 SYSTEMPATH/rewrite.php(44): require_once('/home/etudiant/dk220581/CodeIgniter/SGT/public/index.php')
WARNING - 2024-11-25 08:23:47 --> [DEPRECATED] Passing lowercase HTTP method "post" is deprecated. Use uppercase HTTP method like "POST". in SYSTEMPATH/Router/RouteCollection.php on line 1027.
 1 SYSTEMPATH/Router/RouteCollection.php(1027): trigger_error('Passing lowercase HTTP method "post" is deprecated. Use uppercase HTTP method like "POST".', 16384)
 2 APPPATH/Config/Routes.php(12): CodeIgniter\Router\RouteCollection->match([...], 'signin/auth', 'Utilisateur\\SigninController::loginAuth')
 3 SYSTEMPATH/Router/RouteCollection.php(340): require('/home/etudiant/dk220581/CodeIgniter/SGT/app/Config/Routes.php')
 4 SYSTEMPATH/CodeIgniter.php(823): CodeIgniter\Router\RouteCollection->loadRoutes()
 5 SYSTEMPATH/CodeIgniter.php(457): CodeIgniter\CodeIgniter->tryToRouteIt(null)
 6 SYSTEMPATH/CodeIgniter.php(355): CodeIgniter\CodeIgniter->handleRequest(null, Object(Config\Cache), false)
 7 SYSTEMPATH/Boot.php(325): CodeIgniter\CodeIgniter->run()
 8 SYSTEMPATH/Boot.php(67): CodeIgniter\Boot::runCodeIgniter(Object(CodeIgniter\CodeIgniter))
 9 FCPATH/index.php(56): CodeIgniter\Boot::bootWeb(Object(Config\Paths))
10 SYSTEMPATH/rewrite.php(44): require_once('/home/etudiant/dk220581/CodeIgniter/SGT/public/index.php')
WARNING - 2024-11-25 08:23:47 --> [DEPRECATED] Passing lowercase HTTP method "get" is deprecated. Use uppercase HTTP method like "GET". in SYSTEMPATH/Router/RouteCollection.php on line 1027.
 1 SYSTEMPATH/Router/RouteCollection.php(1027): trigger_error('Passing lowercase HTTP method "get" is deprecated. Use uppercase HTTP method like "GET".', 16384)
 2 APPPATH/Config/Routes.php(16): CodeIgniter\Router\RouteCollection->match([...], 'signup/store', 'Utilisateur\\SignupController::store')
 3 SYSTEMPATH/Router/RouteCollection.php(340): require('/home/etudiant/dk220581/CodeIgniter/SGT/app/Config/Routes.php')
 4 SYSTEMPATH/CodeIgniter.php(823): CodeIgniter\Router\RouteCollection->loadRoutes()
 5 SYSTEMPATH/CodeIgniter.php(457): CodeIgniter\CodeIgniter->tryToRouteIt(null)
 6 SYSTEMPATH/CodeIgniter.php(355): CodeIgniter\CodeIgniter->handleRequest(null, Object(Config\Cache), false)
 7 SYSTEMPATH/Boot.php(325): CodeIgniter\CodeIgniter->run()
 8 SYSTEMPATH/Boot.php(67): CodeIgniter\Boot::runCodeIgniter(Object(CodeIgniter\CodeIgniter))
 9 FCPATH/index.php(56): CodeIgniter\Boot::bootWeb(Object(Config\Paths))
10 SYSTEMPATH/rewrite.php(44): require_once('/home/etudiant/dk220581/CodeIgniter/SGT/public/index.php')
WARNING - 2024-11-25 08:23:47 --> [DEPRECATED] Passing lowercase HTTP method "post" is deprecated. Use uppercase HTTP method like "POST". in SYSTEMPATH/Router/RouteCollection.php on line 1027.
 1 SYSTEMPATH/Router/RouteCollection.php(1027): trigger_error('Passing lowercase HTTP method "post" is deprecated. Use uppercase HTTP method like "POST".', 16384)
 2 APPPATH/Config/Routes.php(16): CodeIgniter\Router\RouteCollection->match([...], 'signup/store', 'Utilisateur\\SignupController::store')
 3 SYSTEMPATH/Router/RouteCollection.php(340): require('/home/etudiant/dk220581/CodeIgniter/SGT/app/Config/Routes.php')
 4 SYSTEMPATH/CodeIgniter.php(823): CodeIgniter\Router\RouteCollection->loadRoutes()
 5 SYSTEMPATH/CodeIgniter.php(457): CodeIgniter\CodeIgniter->tryToRouteIt(null)
 6 SYSTEMPATH/CodeIgniter.php(355): CodeIgniter\CodeIgniter->handleRequest(null, Object(Config\Cache), false)
 7 SYSTEMPATH/Boot.php(325): CodeIgniter\CodeIgniter->run()
 8 SYSTEMPATH/Boot.php(67): CodeIgniter\Boot::runCodeIgniter(Object(CodeIgniter\CodeIgniter))
 9 FCPATH/index.php(56): CodeIgniter\Boot::bootWeb(Object(Config\Paths))
10 SYSTEMPATH/rewrite.php(44): require_once('/home/etudiant/dk220581/CodeIgniter/SGT/public/index.php')
CRITICAL - 2024-11-25 08:23:47 --> Error: Class "App\BaseController" not found
[Method: GET, Route: /]
in APPPATH/Controllers/Utilisateur/SigninController.php on line 7.
 1 SYSTEMPATH/Autoloader/Autoloader.php(317): include_once()
 2 SYSTEMPATH/Autoloader/Autoloader.php(296): CodeIgniter\Autoloader\Autoloader->includeFile()
 3 SYSTEMPATH/Autoloader/Autoloader.php(272): CodeIgniter\Autoloader\Autoloader->loadInNamespace()
 4 [internal function]: CodeIgniter\Autoloader\Autoloader->loadClass()
 5 SYSTEMPATH/CodeIgniter.php(887): class_exists()
 6 SYSTEMPATH/CodeIgniter.php(496): CodeIgniter\CodeIgniter->startController()
 7 SYSTEMPATH/CodeIgniter.php(355): CodeIgniter\CodeIgniter->handleRequest()
 8 SYSTEMPATH/Boot.php(325): CodeIgniter\CodeIgniter->run()
 9 SYSTEMPATH/Boot.php(67): CodeIgniter\Boot::runCodeIgniter()
10 FCPATH/index.php(56): CodeIgniter\Boot::bootWeb()
11 SYSTEMPATH/rewrite.php(44): require_once('/home/etudiant/dk220581/CodeIgniter/SGT/public/index.php')
WARNING - 2024-11-25 08:23:49 --> [DEPRECATED] Passing lowercase HTTP method "get" is deprecated. Use uppercase HTTP method like "GET". in SYSTEMPATH/Router/RouteCollection.php on line 1027.
 1 SYSTEMPATH/Router/RouteCollection.php(1027): trigger_error('Passing lowercase HTTP method "get" is deprecated. Use uppercase HTTP method like "GET".', 16384)
 2 APPPATH/Config/Routes.php(12): CodeIgniter\Router\RouteCollection->match([...], 'signin/auth', 'Utilisateur\\SigninController::loginAuth')
 3 SYSTEMPATH/Router/RouteCollection.php(340): require('/home/etudiant/dk220581/CodeIgniter/SGT/app/Config/Routes.php')
 4 SYSTEMPATH/CodeIgniter.php(823): CodeIgniter\Router\RouteCollection->loadRoutes()
 5 SYSTEMPATH/CodeIgniter.php(457): CodeIgniter\CodeIgniter->tryToRouteIt(null)
 6 SYSTEMPATH/CodeIgniter.php(355): CodeIgniter\CodeIgniter->handleRequest(null, Object(Config\Cache), false)
 7 SYSTEMPATH/Boot.php(325): CodeIgniter\CodeIgniter->run()
 8 SYSTEMPATH/Boot.php(67): CodeIgniter\Boot::runCodeIgniter(Object(CodeIgniter\CodeIgniter))
 9 FCPATH/index.php(56): CodeIgniter\Boot::bootWeb(Object(Config\Paths))
10 SYSTEMPATH/rewrite.php(44): require_once('/home/etudiant/dk220581/CodeIgniter/SGT/public/index.php')
WARNING - 2024-11-25 08:23:49 --> [DEPRECATED] Passing lowercase HTTP method "post" is deprecated. Use uppercase HTTP method like "POST". in SYSTEMPATH/Router/RouteCollection.php on line 1027.
 1 SYSTEMPATH/Router/RouteCollection.php(1027): trigger_error('Passing lowercase HTTP method "post" is deprecated. Use uppercase HTTP method like "POST".', 16384)
 2 APPPATH/Config/Routes.php(12): CodeIgniter\Router\RouteCollection->match([...], 'signin/auth', 'Utilisateur\\SigninController::loginAuth')
 3 SYSTEMPATH/Router/RouteCollection.php(340): require('/home/etudiant/dk220581/CodeIgniter/SGT/app/Config/Routes.php')
 4 SYSTEMPATH/CodeIgniter.php(823): CodeIgniter\Router\RouteCollection->loadRoutes()
 5 SYSTEMPATH/CodeIgniter.php(457): CodeIgniter\CodeIgniter->tryToRouteIt(null)
 6 SYSTEMPATH/CodeIgniter.php(355): CodeIgniter\CodeIgniter->handleRequest(null, Object(Config\Cache), false)
 7 SYSTEMPATH/Boot.php(325): CodeIgniter\CodeIgniter->run()
 8 SYSTEMPATH/Boot.php(67): CodeIgniter\Boot::runCodeIgniter(Object(CodeIgniter\CodeIgniter))
 9 FCPATH/index.php(56): CodeIgniter\Boot::bootWeb(Object(Config\Paths))
10 SYSTEMPATH/rewrite.php(44): require_once('/home/etudiant/dk220581/CodeIgniter/SGT/public/index.php')
WARNING - 2024-11-25 08:23:49 --> [DEPRECATED] Passing lowercase HTTP method "get" is deprecated. Use uppercase HTTP method like "GET". in SYSTEMPATH/Router/RouteCollection.php on line 1027.
 1 SYSTEMPATH/Router/RouteCollection.php(1027): trigger_error('Passing lowercase HTTP method "get" is deprecated. Use uppercase HTTP method like "GET".', 16384)
 2 APPPATH/Config/Routes.php(16): CodeIgniter\Router\RouteCollection->match([...], 'signup/store', 'Utilisateur\\SignupController::store')
 3 SYSTEMPATH/Router/RouteCollection.php(340): require('/home/etudiant/dk220581/CodeIgniter/SGT/app/Config/Routes.php')
 4 SYSTEMPATH/CodeIgniter.php(823): CodeIgniter\Router\RouteCollection->loadRoutes()
 5 SYSTEMPATH/CodeIgniter.php(457): CodeIgniter\CodeIgniter->tryToRouteIt(null)
 6 SYSTEMPATH/CodeIgniter.php(355): CodeIgniter\CodeIgniter->handleRequest(null, Object(Config\Cache), false)
 7 SYSTEMPATH/Boot.php(325): CodeIgniter\CodeIgniter->run()
 8 SYSTEMPATH/Boot.php(67): CodeIgniter\Boot::runCodeIgniter(Object(CodeIgniter\CodeIgniter))
 9 FCPATH/index.php(56): CodeIgniter\Boot::bootWeb(Object(Config\Paths))
10 SYSTEMPATH/rewrite.php(44): require_once('/home/etudiant/dk220581/CodeIgniter/SGT/public/index.php')
WARNING - 2024-11-25 08:23:49 --> [DEPRECATED] Passing lowercase HTTP method "post" is deprecated. Use uppercase HTTP method like "POST". in SYSTEMPATH/Router/RouteCollection.php on line 1027.
 1 SYSTEMPATH/Router/RouteCollection.php(1027): trigger_error('Passing lowercase HTTP method "post" is deprecated. Use uppercase HTTP method like "POST".', 16384)
 2 APPPATH/Config/Routes.php(16): CodeIgniter\Router\RouteCollection->match([...], 'signup/store', 'Utilisateur\\SignupController::store')
 3 SYSTEMPATH/Router/RouteCollection.php(340): require('/home/etudiant/dk220581/CodeIgniter/SGT/app/Config/Routes.php')
 4 SYSTEMPATH/CodeIgniter.php(823): CodeIgniter\Router\RouteCollection->loadRoutes()
 5 SYSTEMPATH/CodeIgniter.php(457): CodeIgniter\CodeIgniter->tryToRouteIt(null)
 6 SYSTEMPATH/CodeIgniter.php(355): CodeIgniter\CodeIgniter->handleRequest(null, Object(Config\Cache), false)
 7 SYSTEMPATH/Boot.php(325): CodeIgniter\CodeIgniter->run()
 8 SYSTEMPATH/Boot.php(67): CodeIgniter\Boot::runCodeIgniter(Object(CodeIgniter\CodeIgniter))
 9 FCPATH/index.php(56): CodeIgniter\Boot::bootWeb(Object(Config\Paths))
10 SYSTEMPATH/rewrite.php(44): require_once('/home/etudiant/dk220581/CodeIgniter/SGT/public/index.php')
CRITICAL - 2024-11-25 08:23:49 --> Error: Class "App\BaseController" not found
[Method: GET, Route: /]
in APPPATH/Controllers/Utilisateur/SigninController.php on line 7.
 1 SYSTEMPATH/Autoloader/Autoloader.php(317): include_once()
 2 SYSTEMPATH/Autoloader/Autoloader.php(296): CodeIgniter\Autoloader\Autoloader->includeFile()
 3 SYSTEMPATH/Autoloader/Autoloader.php(272): CodeIgniter\Autoloader\Autoloader->loadInNamespace()
 4 [internal function]: CodeIgniter\Autoloader\Autoloader->loadClass()
 5 SYSTEMPATH/CodeIgniter.php(887): class_exists()
 6 SYSTEMPATH/CodeIgniter.php(496): CodeIgniter\CodeIgniter->startController()
 7 SYSTEMPATH/CodeIgniter.php(355): CodeIgniter\CodeIgniter->handleRequest()
 8 SYSTEMPATH/Boot.php(325): CodeIgniter\CodeIgniter->run()
 9 SYSTEMPATH/Boot.php(67): CodeIgniter\Boot::runCodeIgniter()
10 FCPATH/index.php(56): CodeIgniter\Boot::bootWeb()
11 SYSTEMPATH/rewrite.php(44): require_once('/home/etudiant/dk220581/CodeIgniter/SGT/public/index.php')
WARNING - 2024-11-25 08:23:49 --> [DEPRECATED] Passing lowercase HTTP method "get" is deprecated. Use uppercase HTTP method like "GET". in SYSTEMPATH/Router/RouteCollection.php on line 1027.
 1 SYSTEMPATH/Router/RouteCollection.php(1027): trigger_error('Passing lowercase HTTP method "get" is deprecated. Use uppercase HTTP method like "GET".', 16384)
 2 APPPATH/Config/Routes.php(12): CodeIgniter\Router\RouteCollection->match([...], 'signin/auth', 'Utilisateur\\SigninController::loginAuth')
 3 SYSTEMPATH/Router/RouteCollection.php(340): require('/home/etudiant/dk220581/CodeIgniter/SGT/app/Config/Routes.php')
 4 SYSTEMPATH/CodeIgniter.php(823): CodeIgniter\Router\RouteCollection->loadRoutes()
 5 SYSTEMPATH/CodeIgniter.php(457): CodeIgniter\CodeIgniter->tryToRouteIt(null)
 6 SYSTEMPATH/CodeIgniter.php(355): CodeIgniter\CodeIgniter->handleRequest(null, Object(Config\Cache), false)
 7 SYSTEMPATH/Boot.php(325): CodeIgniter\CodeIgniter->run()
 8 SYSTEMPATH/Boot.php(67): CodeIgniter\Boot::runCodeIgniter(Object(CodeIgniter\CodeIgniter))
 9 FCPATH/index.php(56): CodeIgniter\Boot::bootWeb(Object(Config\Paths))
10 SYSTEMPATH/rewrite.php(44): require_once('/home/etudiant/dk220581/CodeIgniter/SGT/public/index.php')
WARNING - 2024-11-25 08:23:49 --> [DEPRECATED] Passing lowercase HTTP method "post" is deprecated. Use uppercase HTTP method like "POST". in SYSTEMPATH/Router/RouteCollection.php on line 1027.
 1 SYSTEMPATH/Router/RouteCollection.php(1027): trigger_error('Passing lowercase HTTP method "post" is deprecated. Use uppercase HTTP method like "POST".', 16384)
 2 APPPATH/Config/Routes.php(12): CodeIgniter\Router\RouteCollection->match([...], 'signin/auth', 'Utilisateur\\SigninController::loginAuth')
 3 SYSTEMPATH/Router/RouteCollection.php(340): require('/home/etudiant/dk220581/CodeIgniter/SGT/app/Config/Routes.php')
 4 SYSTEMPATH/CodeIgniter.php(823): CodeIgniter\Router\RouteCollection->loadRoutes()
 5 SYSTEMPATH/CodeIgniter.php(457): CodeIgniter\CodeIgniter->tryToRouteIt(null)
 6 SYSTEMPATH/CodeIgniter.php(355): CodeIgniter\CodeIgniter->handleRequest(null, Object(Config\Cache), false)
 7 SYSTEMPATH/Boot.php(325): CodeIgniter\CodeIgniter->run()
 8 SYSTEMPATH/Boot.php(67): CodeIgniter\Boot::runCodeIgniter(Object(CodeIgniter\CodeIgniter))
 9 FCPATH/index.php(56): CodeIgniter\Boot::bootWeb(Object(Config\Paths))
10 SYSTEMPATH/rewrite.php(44): require_once('/home/etudiant/dk220581/CodeIgniter/SGT/public/index.php')
WARNING - 2024-11-25 08:23:49 --> [DEPRECATED] Passing lowercase HTTP method "get" is deprecated. Use uppercase HTTP method like "GET". in SYSTEMPATH/Router/RouteCollection.php on line 1027.
 1 SYSTEMPATH/Router/RouteCollection.php(1027): trigger_error('Passing lowercase HTTP method "get" is deprecated. Use uppercase HTTP method like "GET".', 16384)
 2 APPPATH/Config/Routes.php(16): CodeIgniter\Router\RouteCollection->match([...], 'signup/store', 'Utilisateur\\SignupController::store')
 3 SYSTEMPATH/Router/RouteCollection.php(340): require('/home/etudiant/dk220581/CodeIgniter/SGT/app/Config/Routes.php')
 4 SYSTEMPATH/CodeIgniter.php(823): CodeIgniter\Router\RouteCollection->loadRoutes()
 5 SYSTEMPATH/CodeIgniter.php(457): CodeIgniter\CodeIgniter->tryToRouteIt(null)
 6 SYSTEMPATH/CodeIgniter.php(355): CodeIgniter\CodeIgniter->handleRequest(null, Object(Config\Cache), false)
 7 SYSTEMPATH/Boot.php(325): CodeIgniter\CodeIgniter->run()
 8 SYSTEMPATH/Boot.php(67): CodeIgniter\Boot::runCodeIgniter(Object(CodeIgniter\CodeIgniter))
 9 FCPATH/index.php(56): CodeIgniter\Boot::bootWeb(Object(Config\Paths))
10 SYSTEMPATH/rewrite.php(44): require_once('/home/etudiant/dk220581/CodeIgniter/SGT/public/index.php')
WARNING - 2024-11-25 08:23:49 --> [DEPRECATED] Passing lowercase HTTP method "post" is deprecated. Use uppercase HTTP method like "POST". in SYSTEMPATH/Router/RouteCollection.php on line 1027.
 1 SYSTEMPATH/Router/RouteCollection.php(1027): trigger_error('Passing lowercase HTTP method "post" is deprecated. Use uppercase HTTP method like "POST".', 16384)
 2 APPPATH/Config/Routes.php(16): CodeIgniter\Router\RouteCollection->match([...], 'signup/store', 'Utilisateur\\SignupController::store')
 3 SYSTEMPATH/Router/RouteCollection.php(340): require('/home/etudiant/dk220581/CodeIgniter/SGT/app/Config/Routes.php')
 4 SYSTEMPATH/CodeIgniter.php(823): CodeIgniter\Router\RouteCollection->loadRoutes()
 5 SYSTEMPATH/CodeIgniter.php(457): CodeIgniter\CodeIgniter->tryToRouteIt(null)
 6 SYSTEMPATH/CodeIgniter.php(355): CodeIgniter\CodeIgniter->handleRequest(null, Object(Config\Cache), false)
 7 SYSTEMPATH/Boot.php(325): CodeIgniter\CodeIgniter->run()
 8 SYSTEMPATH/Boot.php(67): CodeIgniter\Boot::runCodeIgniter(Object(CodeIgniter\CodeIgniter))
 9 FCPATH/index.php(56): CodeIgniter\Boot::bootWeb(Object(Config\Paths))
10 SYSTEMPATH/rewrite.php(44): require_once('/home/etudiant/dk220581/CodeIgniter/SGT/public/index.php')
CRITICAL - 2024-11-25 08:23:49 --> Error: Class "App\BaseController" not found
[Method: GET, Route: /]
in APPPATH/Controllers/Utilisateur/SigninController.php on line 7.
 1 SYSTEMPATH/Autoloader/Autoloader.php(317): include_once()
 2 SYSTEMPATH/Autoloader/Autoloader.php(296): CodeIgniter\Autoloader\Autoloader->includeFile()
 3 SYSTEMPATH/Autoloader/Autoloader.php(272): CodeIgniter\Autoloader\Autoloader->loadInNamespace()
 4 [internal function]: CodeIgniter\Autoloader\Autoloader->loadClass()
 5 SYSTEMPATH/CodeIgniter.php(887): class_exists()
 6 SYSTEMPATH/CodeIgniter.php(496): CodeIgniter\CodeIgniter->startController()
 7 SYSTEMPATH/CodeIgniter.php(355): CodeIgniter\CodeIgniter->handleRequest()
 8 SYSTEMPATH/Boot.php(325): CodeIgniter\CodeIgniter->run()
 9 SYSTEMPATH/Boot.php(67): CodeIgniter\Boot::runCodeIgniter()
10 FCPATH/index.php(56): CodeIgniter\Boot::bootWeb()
11 SYSTEMPATH/rewrite.php(44): require_once('/home/etudiant/dk220581/CodeIgniter/SGT/public/index.php')
WARNING - 2024-11-25 08:23:49 --> [DEPRECATED] Passing lowercase HTTP method "get" is deprecated. Use uppercase HTTP method like "GET". in SYSTEMPATH/Router/RouteCollection.php on line 1027.
 1 SYSTEMPATH/Router/RouteCollection.php(1027): trigger_error('Passing lowercase HTTP method "get" is deprecated. Use uppercase HTTP method like "GET".', 16384)
 2 APPPATH/Config/Routes.php(12): CodeIgniter\Router\RouteCollection->match([...], 'signin/auth', 'Utilisateur\\SigninController::loginAuth')
 3 SYSTEMPATH/Router/RouteCollection.php(340): require('/home/etudiant/dk220581/CodeIgniter/SGT/app/Config/Routes.php')
 4 SYSTEMPATH/CodeIgniter.php(823): CodeIgniter\Router\RouteCollection->loadRoutes()
 5 SYSTEMPATH/CodeIgniter.php(457): CodeIgniter\CodeIgniter->tryToRouteIt(null)
 6 SYSTEMPATH/CodeIgniter.php(355): CodeIgniter\CodeIgniter->handleRequest(null, Object(Config\Cache), false)
 7 SYSTEMPATH/Boot.php(325): CodeIgniter\CodeIgniter->run()
 8 SYSTEMPATH/Boot.php(67): CodeIgniter\Boot::runCodeIgniter(Object(CodeIgniter\CodeIgniter))
 9 FCPATH/index.php(56): CodeIgniter\Boot::bootWeb(Object(Config\Paths))
10 SYSTEMPATH/rewrite.php(44): require_once('/home/etudiant/dk220581/CodeIgniter/SGT/public/index.php')
WARNING - 2024-11-25 08:23:49 --> [DEPRECATED] Passing lowercase HTTP method "post" is deprecated. Use uppercase HTTP method like "POST". in SYSTEMPATH/Router/RouteCollection.php on line 1027.
 1 SYSTEMPATH/Router/RouteCollection.php(1027): trigger_error('Passing lowercase HTTP method "post" is deprecated. Use uppercase HTTP method like "POST".', 16384)
 2 APPPATH/Config/Routes.php(12): CodeIgniter\Router\RouteCollection->match([...], 'signin/auth', 'Utilisateur\\SigninController::loginAuth')
 3 SYSTEMPATH/Router/RouteCollection.php(340): require('/home/etudiant/dk220581/CodeIgniter/SGT/app/Config/Routes.php')
 4 SYSTEMPATH/CodeIgniter.php(823): CodeIgniter\Router\RouteCollection->loadRoutes()
 5 SYSTEMPATH/CodeIgniter.php(457): CodeIgniter\CodeIgniter->tryToRouteIt(null)
 6 SYSTEMPATH/CodeIgniter.php(355): CodeIgniter\CodeIgniter->handleRequest(null, Object(Config\Cache), false)
 7 SYSTEMPATH/Boot.php(325): CodeIgniter\CodeIgniter->run()
 8 SYSTEMPATH/Boot.php(67): CodeIgniter\Boot::runCodeIgniter(Object(CodeIgniter\CodeIgniter))
 9 FCPATH/index.php(56): CodeIgniter\Boot::bootWeb(Object(Config\Paths))
10 SYSTEMPATH/rewrite.php(44): require_once('/home/etudiant/dk220581/CodeIgniter/SGT/public/index.php')
WARNING - 2024-11-25 08:23:49 --> [DEPRECATED] Passing lowercase HTTP method "get" is deprecated. Use uppercase HTTP method like "GET". in SYSTEMPATH/Router/RouteCollection.php on line 1027.
 1 SYSTEMPATH/Router/RouteCollection.php(1027): trigger_error('Passing lowercase HTTP method "get" is deprecated. Use uppercase HTTP method like "GET".', 16384)
 2 APPPATH/Config/Routes.php(16): CodeIgniter\Router\RouteCollection->match([...], 'signup/store', 'Utilisateur\\SignupController::store')
 3 SYSTEMPATH/Router/RouteCollection.php(340): require('/home/etudiant/dk220581/CodeIgniter/SGT/app/Config/Routes.php')
 4 SYSTEMPATH/CodeIgniter.php(823): CodeIgniter\Router\RouteCollection->loadRoutes()
 5 SYSTEMPATH/CodeIgniter.php(457): CodeIgniter\CodeIgniter->tryToRouteIt(null)
 6 SYSTEMPATH/CodeIgniter.php(355): CodeIgniter\CodeIgniter->handleRequest(null, Object(Config\Cache), false)
 7 SYSTEMPATH/Boot.php(325): CodeIgniter\CodeIgniter->run()
 8 SYSTEMPATH/Boot.php(67): CodeIgniter\Boot::runCodeIgniter(Object(CodeIgniter\CodeIgniter))
 9 FCPATH/index.php(56): CodeIgniter\Boot::bootWeb(Object(Config\Paths))
10 SYSTEMPATH/rewrite.php(44): require_once('/home/etudiant/dk220581/CodeIgniter/SGT/public/index.php')
WARNING - 2024-11-25 08:23:49 --> [DEPRECATED] Passing lowercase HTTP method "post" is deprecated. Use uppercase HTTP method like "POST". in SYSTEMPATH/Router/RouteCollection.php on line 1027.
 1 SYSTEMPATH/Router/RouteCollection.php(1027): trigger_error('Passing lowercase HTTP method "post" is deprecated. Use uppercase HTTP method like "POST".', 16384)
 2 APPPATH/Config/Routes.php(16): CodeIgniter\Router\RouteCollection->match([...], 'signup/store', 'Utilisateur\\SignupController::store')
 3 SYSTEMPATH/Router/RouteCollection.php(340): require('/home/etudiant/dk220581/CodeIgniter/SGT/app/Config/Routes.php')
 4 SYSTEMPATH/CodeIgniter.php(823): CodeIgniter\Router\RouteCollection->loadRoutes()
 5 SYSTEMPATH/CodeIgniter.php(457): CodeIgniter\CodeIgniter->tryToRouteIt(null)
 6 SYSTEMPATH/CodeIgniter.php(355): CodeIgniter\CodeIgniter->handleRequest(null, Object(Config\Cache), false)
 7 SYSTEMPATH/Boot.php(325): CodeIgniter\CodeIgniter->run()
 8 SYSTEMPATH/Boot.php(67): CodeIgniter\Boot::runCodeIgniter(Object(CodeIgniter\CodeIgniter))
 9 FCPATH/index.php(56): CodeIgniter\Boot::bootWeb(Object(Config\Paths))
10 SYSTEMPATH/rewrite.php(44): require_once('/home/etudiant/dk220581/CodeIgniter/SGT/public/index.php')
CRITICAL - 2024-11-25 08:23:49 --> Error: Class "App\BaseController" not found
[Method: GET, Route: /]
in APPPATH/Controllers/Utilisateur/SigninController.php on line 7.
 1 SYSTEMPATH/Autoloader/Autoloader.php(317): include_once()
 2 SYSTEMPATH/Autoloader/Autoloader.php(296): CodeIgniter\Autoloader\Autoloader->includeFile()
 3 SYSTEMPATH/Autoloader/Autoloader.php(272): CodeIgniter\Autoloader\Autoloader->loadInNamespace()
 4 [internal function]: CodeIgniter\Autoloader\Autoloader->loadClass()
 5 SYSTEMPATH/CodeIgniter.php(887): class_exists()
 6 SYSTEMPATH/CodeIgniter.php(496): CodeIgniter\CodeIgniter->startController()
 7 SYSTEMPATH/CodeIgniter.php(355): CodeIgniter\CodeIgniter->handleRequest()
 8 SYSTEMPATH/Boot.php(325): CodeIgniter\CodeIgniter->run()
 9 SYSTEMPATH/Boot.php(67): CodeIgniter\Boot::runCodeIgniter()
10 FCPATH/index.php(56): CodeIgniter\Boot::bootWeb()
11 SYSTEMPATH/rewrite.php(44): require_once('/home/etudiant/dk220581/CodeIgniter/SGT/public/index.php')
WARNING - 2024-11-25 08:24:00 --> [DEPRECATED] Passing lowercase HTTP method "get" is deprecated. Use uppercase HTTP method like "GET". in SYSTEMPATH/Router/RouteCollection.php on line 1027.
 1 SYSTEMPATH/Router/RouteCollection.php(1027): trigger_error('Passing lowercase HTTP method "get" is deprecated. Use uppercase HTTP method like "GET".', 16384)
 2 APPPATH/Config/Routes.php(12): CodeIgniter\Router\RouteCollection->match([...], 'signin/auth', 'Utilisateur\\SigninController::loginAuth')
 3 SYSTEMPATH/Router/RouteCollection.php(340): require('/home/etudiant/dk220581/CodeIgniter/SGT/app/Config/Routes.php')
 4 SYSTEMPATH/CodeIgniter.php(823): CodeIgniter\Router\RouteCollection->loadRoutes()
 5 SYSTEMPATH/CodeIgniter.php(457): CodeIgniter\CodeIgniter->tryToRouteIt(null)
 6 SYSTEMPATH/CodeIgniter.php(355): CodeIgniter\CodeIgniter->handleRequest(null, Object(Config\Cache), false)
 7 SYSTEMPATH/Boot.php(325): CodeIgniter\CodeIgniter->run()
 8 SYSTEMPATH/Boot.php(67): CodeIgniter\Boot::runCodeIgniter(Object(CodeIgniter\CodeIgniter))
 9 FCPATH/index.php(56): CodeIgniter\Boot::bootWeb(Object(Config\Paths))
10 SYSTEMPATH/rewrite.php(44): require_once('/home/etudiant/dk220581/CodeIgniter/SGT/public/index.php')
WARNING - 2024-11-25 08:24:00 --> [DEPRECATED] Passing lowercase HTTP method "post" is deprecated. Use uppercase HTTP method like "POST". in SYSTEMPATH/Router/RouteCollection.php on line 1027.
 1 SYSTEMPATH/Router/RouteCollection.php(1027): trigger_error('Passing lowercase HTTP method "post" is deprecated. Use uppercase HTTP method like "POST".', 16384)
 2 APPPATH/Config/Routes.php(12): CodeIgniter\Router\RouteCollection->match([...], 'signin/auth', 'Utilisateur\\SigninController::loginAuth')
 3 SYSTEMPATH/Router/RouteCollection.php(340): require('/home/etudiant/dk220581/CodeIgniter/SGT/app/Config/Routes.php')
 4 SYSTEMPATH/CodeIgniter.php(823): CodeIgniter\Router\RouteCollection->loadRoutes()
 5 SYSTEMPATH/CodeIgniter.php(457): CodeIgniter\CodeIgniter->tryToRouteIt(null)
 6 SYSTEMPATH/CodeIgniter.php(355): CodeIgniter\CodeIgniter->handleRequest(null, Object(Config\Cache), false)
 7 SYSTEMPATH/Boot.php(325): CodeIgniter\CodeIgniter->run()
 8 SYSTEMPATH/Boot.php(67): CodeIgniter\Boot::runCodeIgniter(Object(CodeIgniter\CodeIgniter))
 9 FCPATH/index.php(56): CodeIgniter\Boot::bootWeb(Object(Config\Paths))
10 SYSTEMPATH/rewrite.php(44): require_once('/home/etudiant/dk220581/CodeIgniter/SGT/public/index.php')
WARNING - 2024-11-25 08:24:00 --> [DEPRECATED] Passing lowercase HTTP method "get" is deprecated. Use uppercase HTTP method like "GET". in SYSTEMPATH/Router/RouteCollection.php on line 1027.
 1 SYSTEMPATH/Router/RouteCollection.php(1027): trigger_error('Passing lowercase HTTP method "get" is deprecated. Use uppercase HTTP method like "GET".', 16384)
 2 APPPATH/Config/Routes.php(16): CodeIgniter\Router\RouteCollection->match([...], 'signup/store', 'Utilisateur\\SignupController::store')
 3 SYSTEMPATH/Router/RouteCollection.php(340): require('/home/etudiant/dk220581/CodeIgniter/SGT/app/Config/Routes.php')
 4 SYSTEMPATH/CodeIgniter.php(823): CodeIgniter\Router\RouteCollection->loadRoutes()
 5 SYSTEMPATH/CodeIgniter.php(457): CodeIgniter\CodeIgniter->tryToRouteIt(null)
 6 SYSTEMPATH/CodeIgniter.php(355): CodeIgniter\CodeIgniter->handleRequest(null, Object(Config\Cache), false)
 7 SYSTEMPATH/Boot.php(325): CodeIgniter\CodeIgniter->run()
 8 SYSTEMPATH/Boot.php(67): CodeIgniter\Boot::runCodeIgniter(Object(CodeIgniter\CodeIgniter))
 9 FCPATH/index.php(56): CodeIgniter\Boot::bootWeb(Object(Config\Paths))
10 SYSTEMPATH/rewrite.php(44): require_once('/home/etudiant/dk220581/CodeIgniter/SGT/public/index.php')
WARNING - 2024-11-25 08:24:00 --> [DEPRECATED] Passing lowercase HTTP method "post" is deprecated. Use uppercase HTTP method like "POST". in SYSTEMPATH/Router/RouteCollection.php on line 1027.
 1 SYSTEMPATH/Router/RouteCollection.php(1027): trigger_error('Passing lowercase HTTP method "post" is deprecated. Use uppercase HTTP method like "POST".', 16384)
 2 APPPATH/Config/Routes.php(16): CodeIgniter\Router\RouteCollection->match([...], 'signup/store', 'Utilisateur\\SignupController::store')
 3 SYSTEMPATH/Router/RouteCollection.php(340): require('/home/etudiant/dk220581/CodeIgniter/SGT/app/Config/Routes.php')
 4 SYSTEMPATH/CodeIgniter.php(823): CodeIgniter\Router\RouteCollection->loadRoutes()
 5 SYSTEMPATH/CodeIgniter.php(457): CodeIgniter\CodeIgniter->tryToRouteIt(null)
 6 SYSTEMPATH/CodeIgniter.php(355): CodeIgniter\CodeIgniter->handleRequest(null, Object(Config\Cache), false)
 7 SYSTEMPATH/Boot.php(325): CodeIgniter\CodeIgniter->run()
 8 SYSTEMPATH/Boot.php(67): CodeIgniter\Boot::runCodeIgniter(Object(CodeIgniter\CodeIgniter))
 9 FCPATH/index.php(56): CodeIgniter\Boot::bootWeb(Object(Config\Paths))
10 SYSTEMPATH/rewrite.php(44): require_once('/home/etudiant/dk220581/CodeIgniter/SGT/public/index.php')
INFO - 2024-11-25 08:24:00 --> Session: Class initialized using 'CodeIgniter\Session\Handlers\FileHandler' driver.
WARNING - 2024-11-25 08:24:00 --> [DEPRECATED] Passing lowercase HTTP method "get" is deprecated. Use uppercase HTTP method like "GET". in SYSTEMPATH/Router/RouteCollection.php on line 1027.
 1 SYSTEMPATH/Router/RouteCollection.php(1027): trigger_error('Passing lowercase HTTP method "get" is deprecated. Use uppercase HTTP method like "GET".', 16384)
 2 APPPATH/Config/Routes.php(12): CodeIgniter\Router\RouteCollection->match([...], 'signin/auth', 'Utilisateur\\SigninController::loginAuth')
 3 SYSTEMPATH/Router/RouteCollection.php(340): require('/home/etudiant/dk220581/CodeIgniter/SGT/app/Config/Routes.php')
 4 SYSTEMPATH/CodeIgniter.php(823): CodeIgniter\Router\RouteCollection->loadRoutes()
 5 SYSTEMPATH/CodeIgniter.php(457): CodeIgniter\CodeIgniter->tryToRouteIt(null)
 6 SYSTEMPATH/CodeIgniter.php(355): CodeIgniter\CodeIgniter->handleRequest(null, Object(Config\Cache), false)
 7 SYSTEMPATH/Boot.php(325): CodeIgniter\CodeIgniter->run()
 8 SYSTEMPATH/Boot.php(67): CodeIgniter\Boot::runCodeIgniter(Object(CodeIgniter\CodeIgniter))
 9 FCPATH/index.php(56): CodeIgniter\Boot::bootWeb(Object(Config\Paths))
10 SYSTEMPATH/rewrite.php(44): require_once('/home/etudiant/dk220581/CodeIgniter/SGT/public/index.php')
WARNING - 2024-11-25 08:24:00 --> [DEPRECATED] Passing lowercase HTTP method "post" is deprecated. Use uppercase HTTP method like "POST". in SYSTEMPATH/Router/RouteCollection.php on line 1027.
 1 SYSTEMPATH/Router/RouteCollection.php(1027): trigger_error('Passing lowercase HTTP method "post" is deprecated. Use uppercase HTTP method like "POST".', 16384)
 2 APPPATH/Config/Routes.php(12): CodeIgniter\Router\RouteCollection->match([...], 'signin/auth', 'Utilisateur\\SigninController::loginAuth')
 3 SYSTEMPATH/Router/RouteCollection.php(340): require('/home/etudiant/dk220581/CodeIgniter/SGT/app/Config/Routes.php')
 4 SYSTEMPATH/CodeIgniter.php(823): CodeIgniter\Router\RouteCollection->loadRoutes()
 5 SYSTEMPATH/CodeIgniter.php(457): CodeIgniter\CodeIgniter->tryToRouteIt(null)
 6 SYSTEMPATH/CodeIgniter.php(355): CodeIgniter\CodeIgniter->handleRequest(null, Object(Config\Cache), false)
 7 SYSTEMPATH/Boot.php(325): CodeIgniter\CodeIgniter->run()
 8 SYSTEMPATH/Boot.php(67): CodeIgniter\Boot::runCodeIgniter(Object(CodeIgniter\CodeIgniter))
 9 FCPATH/index.php(56): CodeIgniter\Boot::bootWeb(Object(Config\Paths))
10 SYSTEMPATH/rewrite.php(44): require_once('/home/etudiant/dk220581/CodeIgniter/SGT/public/index.php')
WARNING - 2024-11-25 08:24:00 --> [DEPRECATED] Passing lowercase HTTP method "get" is deprecated. Use uppercase HTTP method like "GET". in SYSTEMPATH/Router/RouteCollection.php on line 1027.
 1 SYSTEMPATH/Router/RouteCollection.php(1027): trigger_error('Passing lowercase HTTP method "get" is deprecated. Use uppercase HTTP method like "GET".', 16384)
 2 APPPATH/Config/Routes.php(16): CodeIgniter\Router\RouteCollection->match([...], 'signup/store', 'Utilisateur\\SignupController::store')
 3 SYSTEMPATH/Router/RouteCollection.php(340): require('/home/etudiant/dk220581/CodeIgniter/SGT/app/Config/Routes.php')
 4 SYSTEMPATH/CodeIgniter.php(823): CodeIgniter\Router\RouteCollection->loadRoutes()
 5 SYSTEMPATH/CodeIgniter.php(457): CodeIgniter\CodeIgniter->tryToRouteIt(null)
 6 SYSTEMPATH/CodeIgniter.php(355): CodeIgniter\CodeIgniter->handleRequest(null, Object(Config\Cache), false)
 7 SYSTEMPATH/Boot.php(325): CodeIgniter\CodeIgniter->run()
 8 SYSTEMPATH/Boot.php(67): CodeIgniter\Boot::runCodeIgniter(Object(CodeIgniter\CodeIgniter))
 9 FCPATH/index.php(56): CodeIgniter\Boot::bootWeb(Object(Config\Paths))
10 SYSTEMPATH/rewrite.php(44): require_once('/home/etudiant/dk220581/CodeIgniter/SGT/public/index.php')
WARNING - 2024-11-25 08:24:00 --> [DEPRECATED] Passing lowercase HTTP method "post" is deprecated. Use uppercase HTTP method like "POST". in SYSTEMPATH/Router/RouteCollection.php on line 1027.
 1 SYSTEMPATH/Router/RouteCollection.php(1027): trigger_error('Passing lowercase HTTP method "post" is deprecated. Use uppercase HTTP method like "POST".', 16384)
 2 APPPATH/Config/Routes.php(16): CodeIgniter\Router\RouteCollection->match([...], 'signup/store', 'Utilisateur\\SignupController::store')
 3 SYSTEMPATH/Router/RouteCollection.php(340): require('/home/etudiant/dk220581/CodeIgniter/SGT/app/Config/Routes.php')
 4 SYSTEMPATH/CodeIgniter.php(823): CodeIgniter\Router\RouteCollection->loadRoutes()
 5 SYSTEMPATH/CodeIgniter.php(457): CodeIgniter\CodeIgniter->tryToRouteIt(null)
 6 SYSTEMPATH/CodeIgniter.php(355): CodeIgniter\CodeIgniter->handleRequest(null, Object(Config\Cache), false)
 7 SYSTEMPATH/Boot.php(325): CodeIgniter\CodeIgniter->run()
 8 SYSTEMPATH/Boot.php(67): CodeIgniter\Boot::runCodeIgniter(Object(CodeIgniter\CodeIgniter))
 9 FCPATH/index.php(56): CodeIgniter\Boot::bootWeb(Object(Config\Paths))
10 SYSTEMPATH/rewrite.php(44): require_once('/home/etudiant/dk220581/CodeIgniter/SGT/public/index.php')
WARNING - 2024-11-25 08:24:01 --> [DEPRECATED] Passing lowercase HTTP method "get" is deprecated. Use uppercase HTTP method like "GET". in SYSTEMPATH/Router/RouteCollection.php on line 1027.
 1 SYSTEMPATH/Router/RouteCollection.php(1027): trigger_error('Passing lowercase HTTP method "get" is deprecated. Use uppercase HTTP method like "GET".', 16384)
 2 APPPATH/Config/Routes.php(12): CodeIgniter\Router\RouteCollection->match([...], 'signin/auth', 'Utilisateur\\SigninController::loginAuth')
 3 SYSTEMPATH/Router/RouteCollection.php(340): require('/home/etudiant/dk220581/CodeIgniter/SGT/app/Config/Routes.php')
 4 SYSTEMPATH/CodeIgniter.php(823): CodeIgniter\Router\RouteCollection->loadRoutes()
 5 SYSTEMPATH/CodeIgniter.php(457): CodeIgniter\CodeIgniter->tryToRouteIt(null)
 6 SYSTEMPATH/CodeIgniter.php(355): CodeIgniter\CodeIgniter->handleRequest(null, Object(Config\Cache), false)
 7 SYSTEMPATH/Boot.php(325): CodeIgniter\CodeIgniter->run()
 8 SYSTEMPATH/Boot.php(67): CodeIgniter\Boot::runCodeIgniter(Object(CodeIgniter\CodeIgniter))
 9 FCPATH/index.php(56): CodeIgniter\Boot::bootWeb(Object(Config\Paths))
10 SYSTEMPATH/rewrite.php(44): require_once('/home/etudiant/dk220581/CodeIgniter/SGT/public/index.php')
WARNING - 2024-11-25 08:24:02 --> [DEPRECATED] Passing lowercase HTTP method "post" is deprecated. Use uppercase HTTP method like "POST". in SYSTEMPATH/Router/RouteCollection.php on line 1027.
 1 SYSTEMPATH/Router/RouteCollection.php(1027): trigger_error('Passing lowercase HTTP method "post" is deprecated. Use uppercase HTTP method like "POST".', 16384)
 2 APPPATH/Config/Routes.php(12): CodeIgniter\Router\RouteCollection->match([...], 'signin/auth', 'Utilisateur\\SigninController::loginAuth')
 3 SYSTEMPATH/Router/RouteCollection.php(340): require('/home/etudiant/dk220581/CodeIgniter/SGT/app/Config/Routes.php')
 4 SYSTEMPATH/CodeIgniter.php(823): CodeIgniter\Router\RouteCollection->loadRoutes()
 5 SYSTEMPATH/CodeIgniter.php(457): CodeIgniter\CodeIgniter->tryToRouteIt(null)
 6 SYSTEMPATH/CodeIgniter.php(355): CodeIgniter\CodeIgniter->handleRequest(null, Object(Config\Cache), false)
 7 SYSTEMPATH/Boot.php(325): CodeIgniter\CodeIgniter->run()
 8 SYSTEMPATH/Boot.php(67): CodeIgniter\Boot::runCodeIgniter(Object(CodeIgniter\CodeIgniter))
 9 FCPATH/index.php(56): CodeIgniter\Boot::bootWeb(Object(Config\Paths))
10 SYSTEMPATH/rewrite.php(44): require_once('/home/etudiant/dk220581/CodeIgniter/SGT/public/index.php')
WARNING - 2024-11-25 08:24:02 --> [DEPRECATED] Passing lowercase HTTP method "get" is deprecated. Use uppercase HTTP method like "GET". in SYSTEMPATH/Router/RouteCollection.php on line 1027.
 1 SYSTEMPATH/Router/RouteCollection.php(1027): trigger_error('Passing lowercase HTTP method "get" is deprecated. Use uppercase HTTP method like "GET".', 16384)
 2 APPPATH/Config/Routes.php(16): CodeIgniter\Router\RouteCollection->match([...], 'signup/store', 'Utilisateur\\SignupController::store')
 3 SYSTEMPATH/Router/RouteCollection.php(340): require('/home/etudiant/dk220581/CodeIgniter/SGT/app/Config/Routes.php')
 4 SYSTEMPATH/CodeIgniter.php(823): CodeIgniter\Router\RouteCollection->loadRoutes()
 5 SYSTEMPATH/CodeIgniter.php(457): CodeIgniter\CodeIgniter->tryToRouteIt(null)
 6 SYSTEMPATH/CodeIgniter.php(355): CodeIgniter\CodeIgniter->handleRequest(null, Object(Config\Cache), false)
 7 SYSTEMPATH/Boot.php(325): CodeIgniter\CodeIgniter->run()
 8 SYSTEMPATH/Boot.php(67): CodeIgniter\Boot::runCodeIgniter(Object(CodeIgniter\CodeIgniter))
 9 FCPATH/index.php(56): CodeIgniter\Boot::bootWeb(Object(Config\Paths))
10 SYSTEMPATH/rewrite.php(44): require_once('/home/etudiant/dk220581/CodeIgniter/SGT/public/index.php')
WARNING - 2024-11-25 08:24:02 --> [DEPRECATED] Passing lowercase HTTP method "post" is deprecated. Use uppercase HTTP method like "POST". in SYSTEMPATH/Router/RouteCollection.php on line 1027.
 1 SYSTEMPATH/Router/RouteCollection.php(1027): trigger_error('Passing lowercase HTTP method "post" is deprecated. Use uppercase HTTP method like "POST".', 16384)
 2 APPPATH/Config/Routes.php(16): CodeIgniter\Router\RouteCollection->match([...], 'signup/store', 'Utilisateur\\SignupController::store')
 3 SYSTEMPATH/Router/RouteCollection.php(340): require('/home/etudiant/dk220581/CodeIgniter/SGT/app/Config/Routes.php')
 4 SYSTEMPATH/CodeIgniter.php(823): CodeIgniter\Router\RouteCollection->loadRoutes()
 5 SYSTEMPATH/CodeIgniter.php(457): CodeIgniter\CodeIgniter->tryToRouteIt(null)
 6 SYSTEMPATH/CodeIgniter.php(355): CodeIgniter\CodeIgniter->handleRequest(null, Object(Config\Cache), false)
 7 SYSTEMPATH/Boot.php(325): CodeIgniter\CodeIgniter->run()
 8 SYSTEMPATH/Boot.php(67): CodeIgniter\Boot::runCodeIgniter(Object(CodeIgniter\CodeIgniter))
 9 FCPATH/index.php(56): CodeIgniter\Boot::bootWeb(Object(Config\Paths))
10 SYSTEMPATH/rewrite.php(44): require_once('/home/etudiant/dk220581/CodeIgniter/SGT/public/index.php')
INFO - 2024-11-25 08:24:02 --> Session: Class initialized using 'CodeIgniter\Session\Handlers\FileHandler' driver.
WARNING - 2024-11-25 08:24:02 --> [DEPRECATED] Passing lowercase HTTP method "get" is deprecated. Use uppercase HTTP method like "GET". in SYSTEMPATH/Router/RouteCollection.php on line 1027.
 1 SYSTEMPATH/Router/RouteCollection.php(1027): trigger_error('Passing lowercase HTTP method "get" is deprecated. Use uppercase HTTP method like "GET".', 16384)
 2 APPPATH/Config/Routes.php(12): CodeIgniter\Router\RouteCollection->match([...], 'signin/auth', 'Utilisateur\\SigninController::loginAuth')
 3 SYSTEMPATH/Router/RouteCollection.php(340): require('/home/etudiant/dk220581/CodeIgniter/SGT/app/Config/Routes.php')
 4 SYSTEMPATH/CodeIgniter.php(823): CodeIgniter\Router\RouteCollection->loadRoutes()
 5 SYSTEMPATH/CodeIgniter.php(457): CodeIgniter\CodeIgniter->tryToRouteIt(null)
 6 SYSTEMPATH/CodeIgniter.php(355): CodeIgniter\CodeIgniter->handleRequest(null, Object(Config\Cache), false)
 7 SYSTEMPATH/Boot.php(325): CodeIgniter\CodeIgniter->run()
 8 SYSTEMPATH/Boot.php(67): CodeIgniter\Boot::runCodeIgniter(Object(CodeIgniter\CodeIgniter))
 9 FCPATH/index.php(56): CodeIgniter\Boot::bootWeb(Object(Config\Paths))
10 SYSTEMPATH/rewrite.php(44): require_once('/home/etudiant/dk220581/CodeIgniter/SGT/public/index.php')
WARNING - 2024-11-25 08:24:02 --> [DEPRECATED] Passing lowercase HTTP method "post" is deprecated. Use uppercase HTTP method like "POST". in SYSTEMPATH/Router/RouteCollection.php on line 1027.
 1 SYSTEMPATH/Router/RouteCollection.php(1027): trigger_error('Passing lowercase HTTP method "post" is deprecated. Use uppercase HTTP method like "POST".', 16384)
 2 APPPATH/Config/Routes.php(12): CodeIgniter\Router\RouteCollection->match([...], 'signin/auth', 'Utilisateur\\SigninController::loginAuth')
 3 SYSTEMPATH/Router/RouteCollection.php(340): require('/home/etudiant/dk220581/CodeIgniter/SGT/app/Config/Routes.php')
 4 SYSTEMPATH/CodeIgniter.php(823): CodeIgniter\Router\RouteCollection->loadRoutes()
 5 SYSTEMPATH/CodeIgniter.php(457): CodeIgniter\CodeIgniter->tryToRouteIt(null)
 6 SYSTEMPATH/CodeIgniter.php(355): CodeIgniter\CodeIgniter->handleRequest(null, Object(Config\Cache), false)
 7 SYSTEMPATH/Boot.php(325): CodeIgniter\CodeIgniter->run()
 8 SYSTEMPATH/Boot.php(67): CodeIgniter\Boot::runCodeIgniter(Object(CodeIgniter\CodeIgniter))
 9 FCPATH/index.php(56): CodeIgniter\Boot::bootWeb(Object(Config\Paths))
10 SYSTEMPATH/rewrite.php(44): require_once('/home/etudiant/dk220581/CodeIgniter/SGT/public/index.php')
WARNING - 2024-11-25 08:24:02 --> [DEPRECATED] Passing lowercase HTTP method "get" is deprecated. Use uppercase HTTP method like "GET". in SYSTEMPATH/Router/RouteCollection.php on line 1027.
 1 SYSTEMPATH/Router/RouteCollection.php(1027): trigger_error('Passing lowercase HTTP method "get" is deprecated. Use uppercase HTTP method like "GET".', 16384)
 2 APPPATH/Config/Routes.php(16): CodeIgniter\Router\RouteCollection->match([...], 'signup/store', 'Utilisateur\\SignupController::store')
 3 SYSTEMPATH/Router/RouteCollection.php(340): require('/home/etudiant/dk220581/CodeIgniter/SGT/app/Config/Routes.php')
 4 SYSTEMPATH/CodeIgniter.php(823): CodeIgniter\Router\RouteCollection->loadRoutes()
 5 SYSTEMPATH/CodeIgniter.php(457): CodeIgniter\CodeIgniter->tryToRouteIt(null)
 6 SYSTEMPATH/CodeIgniter.php(355): CodeIgniter\CodeIgniter->handleRequest(null, Object(Config\Cache), false)
 7 SYSTEMPATH/Boot.php(325): CodeIgniter\CodeIgniter->run()
 8 SYSTEMPATH/Boot.php(67): CodeIgniter\Boot::runCodeIgniter(Object(CodeIgniter\CodeIgniter))
 9 FCPATH/index.php(56): CodeIgniter\Boot::bootWeb(Object(Config\Paths))
10 SYSTEMPATH/rewrite.php(44): require_once('/home/etudiant/dk220581/CodeIgniter/SGT/public/index.php')
WARNING - 2024-11-25 08:24:02 --> [DEPRECATED] Passing lowercase HTTP method "post" is deprecated. Use uppercase HTTP method like "POST". in SYSTEMPATH/Router/RouteCollection.php on line 1027.
 1 SYSTEMPATH/Router/RouteCollection.php(1027): trigger_error('Passing lowercase HTTP method "post" is deprecated. Use uppercase HTTP method like "POST".', 16384)
 2 APPPATH/Config/Routes.php(16): CodeIgniter\Router\RouteCollection->match([...], 'signup/store', 'Utilisateur\\SignupController::store')
 3 SYSTEMPATH/Router/RouteCollection.php(340): require('/home/etudiant/dk220581/CodeIgniter/SGT/app/Config/Routes.php')
 4 SYSTEMPATH/CodeIgniter.php(823): CodeIgniter\Router\RouteCollection->loadRoutes()
 5 SYSTEMPATH/CodeIgniter.php(457): CodeIgniter\CodeIgniter->tryToRouteIt(null)
 6 SYSTEMPATH/CodeIgniter.php(355): CodeIgniter\CodeIgniter->handleRequest(null, Object(Config\Cache), false)
 7 SYSTEMPATH/Boot.php(325): CodeIgniter\CodeIgniter->run()
 8 SYSTEMPATH/Boot.php(67): CodeIgniter\Boot::runCodeIgniter(Object(CodeIgniter\CodeIgniter))
 9 FCPATH/index.php(56): CodeIgniter\Boot::bootWeb(Object(Config\Paths))
10 SYSTEMPATH/rewrite.php(44): require_once('/home/etudiant/dk220581/CodeIgniter/SGT/public/index.php')
INFO - 2024-11-25 08:24:02 --> Session: Class initialized using 'CodeIgniter\Session\Handlers\FileHandler' driver.
WARNING - 2024-11-25 08:24:02 --> [DEPRECATED] Passing lowercase HTTP method "get" is deprecated. Use uppercase HTTP method like "GET". in SYSTEMPATH/Router/RouteCollection.php on line 1027.
 1 SYSTEMPATH/Router/RouteCollection.php(1027): trigger_error('Passing lowercase HTTP method "get" is deprecated. Use uppercase HTTP method like "GET".', 16384)
 2 APPPATH/Config/Routes.php(12): CodeIgniter\Router\RouteCollection->match([...], 'signin/auth', 'Utilisateur\\SigninController::loginAuth')
 3 SYSTEMPATH/Router/RouteCollection.php(340): require('/home/etudiant/dk220581/CodeIgniter/SGT/app/Config/Routes.php')
 4 SYSTEMPATH/CodeIgniter.php(823): CodeIgniter\Router\RouteCollection->loadRoutes()
 5 SYSTEMPATH/CodeIgniter.php(457): CodeIgniter\CodeIgniter->tryToRouteIt(null)
 6 SYSTEMPATH/CodeIgniter.php(355): CodeIgniter\CodeIgniter->handleRequest(null, Object(Config\Cache), false)
 7 SYSTEMPATH/Boot.php(325): CodeIgniter\CodeIgniter->run()
 8 SYSTEMPATH/Boot.php(67): CodeIgniter\Boot::runCodeIgniter(Object(CodeIgniter\CodeIgniter))
 9 FCPATH/index.php(56): CodeIgniter\Boot::bootWeb(Object(Config\Paths))
10 SYSTEMPATH/rewrite.php(44): require_once('/home/etudiant/dk220581/CodeIgniter/SGT/public/index.php')
WARNING - 2024-11-25 08:24:02 --> [DEPRECATED] Passing lowercase HTTP method "post" is deprecated. Use uppercase HTTP method like "POST". in SYSTEMPATH/Router/RouteCollection.php on line 1027.
 1 SYSTEMPATH/Router/RouteCollection.php(1027): trigger_error('Passing lowercase HTTP method "post" is deprecated. Use uppercase HTTP method like "POST".', 16384)
 2 APPPATH/Config/Routes.php(12): CodeIgniter\Router\RouteCollection->match([...], 'signin/auth', 'Utilisateur\\SigninController::loginAuth')
 3 SYSTEMPATH/Router/RouteCollection.php(340): require('/home/etudiant/dk220581/CodeIgniter/SGT/app/Config/Routes.php')
 4 SYSTEMPATH/CodeIgniter.php(823): CodeIgniter\Router\RouteCollection->loadRoutes()
 5 SYSTEMPATH/CodeIgniter.php(457): CodeIgniter\CodeIgniter->tryToRouteIt(null)
 6 SYSTEMPATH/CodeIgniter.php(355): CodeIgniter\CodeIgniter->handleRequest(null, Object(Config\Cache), false)
 7 SYSTEMPATH/Boot.php(325): CodeIgniter\CodeIgniter->run()
 8 SYSTEMPATH/Boot.php(67): CodeIgniter\Boot::runCodeIgniter(Object(CodeIgniter\CodeIgniter))
 9 FCPATH/index.php(56): CodeIgniter\Boot::bootWeb(Object(Config\Paths))
10 SYSTEMPATH/rewrite.php(44): require_once('/home/etudiant/dk220581/CodeIgniter/SGT/public/index.php')
WARNING - 2024-11-25 08:24:02 --> [DEPRECATED] Passing lowercase HTTP method "get" is deprecated. Use uppercase HTTP method like "GET". in SYSTEMPATH/Router/RouteCollection.php on line 1027.
 1 SYSTEMPATH/Router/RouteCollection.php(1027): trigger_error('Passing lowercase HTTP method "get" is deprecated. Use uppercase HTTP method like "GET".', 16384)
 2 APPPATH/Config/Routes.php(16): CodeIgniter\Router\RouteCollection->match([...], 'signup/store', 'Utilisateur\\SignupController::store')
 3 SYSTEMPATH/Router/RouteCollection.php(340): require('/home/etudiant/dk220581/CodeIgniter/SGT/app/Config/Routes.php')
 4 SYSTEMPATH/CodeIgniter.php(823): CodeIgniter\Router\RouteCollection->loadRoutes()
 5 SYSTEMPATH/CodeIgniter.php(457): CodeIgniter\CodeIgniter->tryToRouteIt(null)
 6 SYSTEMPATH/CodeIgniter.php(355): CodeIgniter\CodeIgniter->handleRequest(null, Object(Config\Cache), false)
 7 SYSTEMPATH/Boot.php(325): CodeIgniter\CodeIgniter->run()
 8 SYSTEMPATH/Boot.php(67): CodeIgniter\Boot::runCodeIgniter(Object(CodeIgniter\CodeIgniter))
 9 FCPATH/index.php(56): CodeIgniter\Boot::bootWeb(Object(Config\Paths))
10 SYSTEMPATH/rewrite.php(44): require_once('/home/etudiant/dk220581/CodeIgniter/SGT/public/index.php')
WARNING - 2024-11-25 08:24:02 --> [DEPRECATED] Passing lowercase HTTP method "post" is deprecated. Use uppercase HTTP method like "POST". in SYSTEMPATH/Router/RouteCollection.php on line 1027.
 1 SYSTEMPATH/Router/RouteCollection.php(1027): trigger_error('Passing lowercase HTTP method "post" is deprecated. Use uppercase HTTP method like "POST".', 16384)
 2 APPPATH/Config/Routes.php(16): CodeIgniter\Router\RouteCollection->match([...], 'signup/store', 'Utilisateur\\SignupController::store')
 3 SYSTEMPATH/Router/RouteCollection.php(340): require('/home/etudiant/dk220581/CodeIgniter/SGT/app/Config/Routes.php')
 4 SYSTEMPATH/CodeIgniter.php(823): CodeIgniter\Router\RouteCollection->loadRoutes()
 5 SYSTEMPATH/CodeIgniter.php(457): CodeIgniter\CodeIgniter->tryToRouteIt(null)
 6 SYSTEMPATH/CodeIgniter.php(355): CodeIgniter\CodeIgniter->handleRequest(null, Object(Config\Cache), false)
 7 SYSTEMPATH/Boot.php(325): CodeIgniter\CodeIgniter->run()
 8 SYSTEMPATH/Boot.php(67): CodeIgniter\Boot::runCodeIgniter(Object(CodeIgniter\CodeIgniter))
 9 FCPATH/index.php(56): CodeIgniter\Boot::bootWeb(Object(Config\Paths))
10 SYSTEMPATH/rewrite.php(44): require_once('/home/etudiant/dk220581/CodeIgniter/SGT/public/index.php')
INFO - 2024-11-25 08:24:02 --> Session: Class initialized using 'CodeIgniter\Session\Handlers\FileHandler' driver.
WARNING - 2024-11-25 08:24:02 --> [DEPRECATED] Passing lowercase HTTP method "get" is deprecated. Use uppercase HTTP method like "GET". in SYSTEMPATH/Router/RouteCollection.php on line 1027.
 1 SYSTEMPATH/Router/RouteCollection.php(1027): trigger_error('Passing lowercase HTTP method "get" is deprecated. Use uppercase HTTP method like "GET".', 16384)
 2 APPPATH/Config/Routes.php(12): CodeIgniter\Router\RouteCollection->match([...], 'signin/auth', 'Utilisateur\\SigninController::loginAuth')
 3 SYSTEMPATH/Router/RouteCollection.php(340): require('/home/etudiant/dk220581/CodeIgniter/SGT/app/Config/Routes.php')
 4 SYSTEMPATH/CodeIgniter.php(823): CodeIgniter\Router\RouteCollection->loadRoutes()
 5 SYSTEMPATH/CodeIgniter.php(457): CodeIgniter\CodeIgniter->tryToRouteIt(null)
 6 SYSTEMPATH/CodeIgniter.php(355): CodeIgniter\CodeIgniter->handleRequest(null, Object(Config\Cache), false)
 7 SYSTEMPATH/Boot.php(325): CodeIgniter\CodeIgniter->run()
 8 SYSTEMPATH/Boot.php(67): CodeIgniter\Boot::runCodeIgniter(Object(CodeIgniter\CodeIgniter))
 9 FCPATH/index.php(56): CodeIgniter\Boot::bootWeb(Object(Config\Paths))
10 SYSTEMPATH/rewrite.php(44): require_once('/home/etudiant/dk220581/CodeIgniter/SGT/public/index.php')
WARNING - 2024-11-25 08:24:02 --> [DEPRECATED] Passing lowercase HTTP method "post" is deprecated. Use uppercase HTTP method like "POST". in SYSTEMPATH/Router/RouteCollection.php on line 1027.
 1 SYSTEMPATH/Router/RouteCollection.php(1027): trigger_error('Passing lowercase HTTP method "post" is deprecated. Use uppercase HTTP method like "POST".', 16384)
 2 APPPATH/Config/Routes.php(12): CodeIgniter\Router\RouteCollection->match([...], 'signin/auth', 'Utilisateur\\SigninController::loginAuth')
 3 SYSTEMPATH/Router/RouteCollection.php(340): require('/home/etudiant/dk220581/CodeIgniter/SGT/app/Config/Routes.php')
 4 SYSTEMPATH/CodeIgniter.php(823): CodeIgniter\Router\RouteCollection->loadRoutes()
 5 SYSTEMPATH/CodeIgniter.php(457): CodeIgniter\CodeIgniter->tryToRouteIt(null)
 6 SYSTEMPATH/CodeIgniter.php(355): CodeIgniter\CodeIgniter->handleRequest(null, Object(Config\Cache), false)
 7 SYSTEMPATH/Boot.php(325): CodeIgniter\CodeIgniter->run()
 8 SYSTEMPATH/Boot.php(67): CodeIgniter\Boot::runCodeIgniter(Object(CodeIgniter\CodeIgniter))
 9 FCPATH/index.php(56): CodeIgniter\Boot::bootWeb(Object(Config\Paths))
10 SYSTEMPATH/rewrite.php(44): require_once('/home/etudiant/dk220581/CodeIgniter/SGT/public/index.php')
WARNING - 2024-11-25 08:24:02 --> [DEPRECATED] Passing lowercase HTTP method "get" is deprecated. Use uppercase HTTP method like "GET". in SYSTEMPATH/Router/RouteCollection.php on line 1027.
 1 SYSTEMPATH/Router/RouteCollection.php(1027): trigger_error('Passing lowercase HTTP method "get" is deprecated. Use uppercase HTTP method like "GET".', 16384)
 2 APPPATH/Config/Routes.php(16): CodeIgniter\Router\RouteCollection->match([...], 'signup/store', 'Utilisateur\\SignupController::store')
 3 SYSTEMPATH/Router/RouteCollection.php(340): require('/home/etudiant/dk220581/CodeIgniter/SGT/app/Config/Routes.php')
 4 SYSTEMPATH/CodeIgniter.php(823): CodeIgniter\Router\RouteCollection->loadRoutes()
 5 SYSTEMPATH/CodeIgniter.php(457): CodeIgniter\CodeIgniter->tryToRouteIt(null)
 6 SYSTEMPATH/CodeIgniter.php(355): CodeIgniter\CodeIgniter->handleRequest(null, Object(Config\Cache), false)
 7 SYSTEMPATH/Boot.php(325): CodeIgniter\CodeIgniter->run()
 8 SYSTEMPATH/Boot.php(67): CodeIgniter\Boot::runCodeIgniter(Object(CodeIgniter\CodeIgniter))
 9 FCPATH/index.php(56): CodeIgniter\Boot::bootWeb(Object(Config\Paths))
10 SYSTEMPATH/rewrite.php(44): require_once('/home/etudiant/dk220581/CodeIgniter/SGT/public/index.php')
WARNING - 2024-11-25 08:24:02 --> [DEPRECATED] Passing lowercase HTTP method "post" is deprecated. Use uppercase HTTP method like "POST". in SYSTEMPATH/Router/RouteCollection.php on line 1027.
 1 SYSTEMPATH/Router/RouteCollection.php(1027): trigger_error('Passing lowercase HTTP method "post" is deprecated. Use uppercase HTTP method like "POST".', 16384)
 2 APPPATH/Config/Routes.php(16): CodeIgniter\Router\RouteCollection->match([...], 'signup/store', 'Utilisateur\\SignupController::store')
 3 SYSTEMPATH/Router/RouteCollection.php(340): require('/home/etudiant/dk220581/CodeIgniter/SGT/app/Config/Routes.php')
 4 SYSTEMPATH/CodeIgniter.php(823): CodeIgniter\Router\RouteCollection->loadRoutes()
 5 SYSTEMPATH/CodeIgniter.php(457): CodeIgniter\CodeIgniter->tryToRouteIt(null)
 6 SYSTEMPATH/CodeIgniter.php(355): CodeIgniter\CodeIgniter->handleRequest(null, Object(Config\Cache), false)
 7 SYSTEMPATH/Boot.php(325): CodeIgniter\CodeIgniter->run()
 8 SYSTEMPATH/Boot.php(67): CodeIgniter\Boot::runCodeIgniter(Object(CodeIgniter\CodeIgniter))
 9 FCPATH/index.php(56): CodeIgniter\Boot::bootWeb(Object(Config\Paths))
10 SYSTEMPATH/rewrite.php(44): require_once('/home/etudiant/dk220581/CodeIgniter/SGT/public/index.php')
WARNING - 2024-11-25 08:24:12 --> [DEPRECATED] Passing lowercase HTTP method "get" is deprecated. Use uppercase HTTP method like "GET". in SYSTEMPATH/Router/RouteCollection.php on line 1027.
 1 SYSTEMPATH/Router/RouteCollection.php(1027): trigger_error('Passing lowercase HTTP method "get" is deprecated. Use uppercase HTTP method like "GET".', 16384)
 2 APPPATH/Config/Routes.php(12): CodeIgniter\Router\RouteCollection->match([...], 'signin/auth', 'Utilisateur\\SigninController::loginAuth')
 3 SYSTEMPATH/Router/RouteCollection.php(340): require('/home/etudiant/dk220581/CodeIgniter/SGT/app/Config/Routes.php')
 4 SYSTEMPATH/CodeIgniter.php(823): CodeIgniter\Router\RouteCollection->loadRoutes()
 5 SYSTEMPATH/CodeIgniter.php(457): CodeIgniter\CodeIgniter->tryToRouteIt(null)
 6 SYSTEMPATH/CodeIgniter.php(355): CodeIgniter\CodeIgniter->handleRequest(null, Object(Config\Cache), false)
 7 SYSTEMPATH/Boot.php(325): CodeIgniter\CodeIgniter->run()
 8 SYSTEMPATH/Boot.php(67): CodeIgniter\Boot::runCodeIgniter(Object(CodeIgniter\CodeIgniter))
 9 FCPATH/index.php(56): CodeIgniter\Boot::bootWeb(Object(Config\Paths))
10 SYSTEMPATH/rewrite.php(44): require_once('/home/etudiant/dk220581/CodeIgniter/SGT/public/index.php')
WARNING - 2024-11-25 08:24:12 --> [DEPRECATED] Passing lowercase HTTP method "post" is deprecated. Use uppercase HTTP method like "POST". in SYSTEMPATH/Router/RouteCollection.php on line 1027.
 1 SYSTEMPATH/Router/RouteCollection.php(1027): trigger_error('Passing lowercase HTTP method "post" is deprecated. Use uppercase HTTP method like "POST".', 16384)
 2 APPPATH/Config/Routes.php(12): CodeIgniter\Router\RouteCollection->match([...], 'signin/auth', 'Utilisateur\\SigninController::loginAuth')
 3 SYSTEMPATH/Router/RouteCollection.php(340): require('/home/etudiant/dk220581/CodeIgniter/SGT/app/Config/Routes.php')
 4 SYSTEMPATH/CodeIgniter.php(823): CodeIgniter\Router\RouteCollection->loadRoutes()
 5 SYSTEMPATH/CodeIgniter.php(457): CodeIgniter\CodeIgniter->tryToRouteIt(null)
 6 SYSTEMPATH/CodeIgniter.php(355): CodeIgniter\CodeIgniter->handleRequest(null, Object(Config\Cache), false)
 7 SYSTEMPATH/Boot.php(325): CodeIgniter\CodeIgniter->run()
 8 SYSTEMPATH/Boot.php(67): CodeIgniter\Boot::runCodeIgniter(Object(CodeIgniter\CodeIgniter))
 9 FCPATH/index.php(56): CodeIgniter\Boot::bootWeb(Object(Config\Paths))
10 SYSTEMPATH/rewrite.php(44): require_once('/home/etudiant/dk220581/CodeIgniter/SGT/public/index.php')
WARNING - 2024-11-25 08:24:12 --> [DEPRECATED] Passing lowercase HTTP method "get" is deprecated. Use uppercase HTTP method like "GET". in SYSTEMPATH/Router/RouteCollection.php on line 1027.
 1 SYSTEMPATH/Router/RouteCollection.php(1027): trigger_error('Passing lowercase HTTP method "get" is deprecated. Use uppercase HTTP method like "GET".', 16384)
 2 APPPATH/Config/Routes.php(16): CodeIgniter\Router\RouteCollection->match([...], 'signup/store', 'Utilisateur\\SignupController::store')
 3 SYSTEMPATH/Router/RouteCollection.php(340): require('/home/etudiant/dk220581/CodeIgniter/SGT/app/Config/Routes.php')
 4 SYSTEMPATH/CodeIgniter.php(823): CodeIgniter\Router\RouteCollection->loadRoutes()
 5 SYSTEMPATH/CodeIgniter.php(457): CodeIgniter\CodeIgniter->tryToRouteIt(null)
 6 SYSTEMPATH/CodeIgniter.php(355): CodeIgniter\CodeIgniter->handleRequest(null, Object(Config\Cache), false)
 7 SYSTEMPATH/Boot.php(325): CodeIgniter\CodeIgniter->run()
 8 SYSTEMPATH/Boot.php(67): CodeIgniter\Boot::runCodeIgniter(Object(CodeIgniter\CodeIgniter))
 9 FCPATH/index.php(56): CodeIgniter\Boot::bootWeb(Object(Config\Paths))
10 SYSTEMPATH/rewrite.php(44): require_once('/home/etudiant/dk220581/CodeIgniter/SGT/public/index.php')
WARNING - 2024-11-25 08:24:12 --> [DEPRECATED] Passing lowercase HTTP method "post" is deprecated. Use uppercase HTTP method like "POST". in SYSTEMPATH/Router/RouteCollection.php on line 1027.
 1 SYSTEMPATH/Router/RouteCollection.php(1027): trigger_error('Passing lowercase HTTP method "post" is deprecated. Use uppercase HTTP method like "POST".', 16384)
 2 APPPATH/Config/Routes.php(16): CodeIgniter\Router\RouteCollection->match([...], 'signup/store', 'Utilisateur\\SignupController::store')
 3 SYSTEMPATH/Router/RouteCollection.php(340): require('/home/etudiant/dk220581/CodeIgniter/SGT/app/Config/Routes.php')
 4 SYSTEMPATH/CodeIgniter.php(823): CodeIgniter\Router\RouteCollection->loadRoutes()
 5 SYSTEMPATH/CodeIgniter.php(457): CodeIgniter\CodeIgniter->tryToRouteIt(null)
 6 SYSTEMPATH/CodeIgniter.php(355): CodeIgniter\CodeIgniter->handleRequest(null, Object(Config\Cache), false)
 7 SYSTEMPATH/Boot.php(325): CodeIgniter\CodeIgniter->run()
 8 SYSTEMPATH/Boot.php(67): CodeIgniter\Boot::runCodeIgniter(Object(CodeIgniter\CodeIgniter))
 9 FCPATH/index.php(56): CodeIgniter\Boot::bootWeb(Object(Config\Paths))
10 SYSTEMPATH/rewrite.php(44): require_once('/home/etudiant/dk220581/CodeIgniter/SGT/public/index.php')
